mtllib Barrel.mtl
o Panel-Mesh
usemtl Panel
v -0.5208219885826111 1.121994972229004 0.2331549972295761
v -0.5208219885826111 1.121994972229004 -0.2427150011062622
v 0.5485519766807556 1.121994972229004 -0.2427150011062622
v 0.5485519766807556 1.121994972229004 0.2331549972295761
v 0.5485519766807556 1.121994972229004 0.2331549972295761
v 0.5485519766807556 1.121994972229004 -0.2427150011062622
v 0.5485519766807556 1.3219950199127197 -0.2427150011062622
v 0.5485519766807556 1.3219950199127197 0.2331549972295761
v 0.5485519766807556 1.3219950199127197 0.2331549972295761
v 0.5485519766807556 1.3219950199127197 -0.2427150011062622
v -0.5208219885826111 1.3219950199127197 -0.2427150011062622
v -0.5208219885826111 1.3219950199127197 0.2331549972295761
v -0.5208219885826111 1.3219950199127197 0.2331549972295761
v -0.5208219885826111 1.3219950199127197 -0.2427150011062622
v -0.5208219885826111 1.121994972229004 -0.2427150011062622
v -0.5208219885826111 1.121994972229004 0.2331549972295761
v 0.5485519766807556 1.121994972229004 0.2331549972295761
v 0.5485519766807556 1.3219950199127197 0.2331549972295761
v -0.5208219885826111 1.3219950199127197 0.2331549972295761
v -0.5208219885826111 1.121994972229004 0.2331549972295761
v 0.5485519766807556 1.3219950199127197 -0.2427150011062622
v 0.5485519766807556 1.121994972229004 -0.2427150011062622
v -0.5208219885826111 1.121994972229004 -0.2427150011062622
v -0.5208219885826111 1.3219950199127197 -0.2427150011062622
vt 0.375 0
vt 0.625 0
vt 0.625 0.25
vt 0.375 0.25
vt 0.375 0.25
vt 0.625 0.25
vt 0.625 0.5
vt 0.375 0.5
vt 0.375 0.5
vt 0.625 0.5
vt 0.625 0.75
vt 0.375 0.75
vt 0.375 0.75
vt 0.625 0.75
vt 0.625 1
vt 0.375 1
vt 0.125 0.5
vt 0.375 0.5
vt 0.375 0.75
vt 0.125 0.75
vt 0.625 0.5
vt 0.875 0.5
vt 0.875 0.75
vt 0.625 0.75
vn 0 -1 0
vn 0 -1 0
vn 0 -1 0
vn 0 -1 0
vn 1 0 0
vn 1 0 0
vn 1 0 0
vn 1 0 0
vn 0 1 0
vn 0 1 0
vn 0 1 0
vn 0 1 0
vn -1 0 0
vn -1 0 0
vn -1 0 0
vn -1 0 0
vn 0 0 1
vn 0 0 1
vn 0 0 1
vn 0 0 1
vn 0 0 -1
vn 0 0 -1
vn 0 0 -1
vn 0 0 -1
f 3/3/3 4/4/4 1/1/1
f 1/1/1 2/2/2 3/3/3
f 7/7/7 8/8/8 5/5/5
f 5/5/5 6/6/6 7/7/7
f 10/10/10 12/12/12 9/9/9
f 12/12/12 10/10/10 11/11/11
f 14/14/14 16/16/16 13/13/13
f 16/16/16 14/14/14 15/15/15
f 19/19/19 20/20/20 17/17/17
f 17/17/17 18/18/18 19/19/19
f 22/22/22 24/24/24 21/21/21
f 24/24/24 22/22/22 23/23/23
o Panel-Mesh_1
usemtl Bar_Blue
v 0.3221319913864136 1.2895530462265015 0.12745200097560883
v -0.477867990732193 1.2932699918746948 0.13642500340938568
v -0.477867990732193 1.2895530462265015 0.11338800191879272
v 0.3221319913864136 1.3032150268554688 0.1463710069656372
v -0.477867990732193 1.312188982963562 0.15008699893951416
v -0.477867990732193 1.2932699918746948 0.13642500340938568
v 0.3221319913864136 1.326253056526184 0.15008699893951416
v -0.477867990732193 1.3352270126342773 0.1463710069656372
v -0.477867990732193 1.312188982963562 0.15008699893951416
v 0.3221319913864136 1.3451720476150513 0.13642500340938568
v -0.477867990732193 1.3488880395889282 0.12745200097560883
v -0.477867990732193 1.3352270126342773 0.1463710069656372
v 0.3221319913864136 1.335226058959961 0.09446900337934494
v -0.477867990732193 1.326253056526184 0.0907519981265068
v -0.477867990732193 1.3451720476150513 0.10441400110721588
v 0.3221319913864136 1.312188982963562 0.0907519981265068
v -0.477867990732193 1.3032150268554688 0.09446900337934494
v -0.477867990732193 1.326253056526184 0.0907519981265068
v 0.3221319913864136 1.2932699918746948 0.10441400110721588
v -0.477867990732193 1.2895530462265015 0.11338800191879272
v -0.477867990732193 1.3032150268554688 0.09446900337934494
v 0.3221319913864136 1.2895530462265015 0.12745200097560883
v 0.3221319913864136 1.3032150268554688 0.1463710069656372
v -0.477867990732193 1.2932699918746948 0.13642500340938568
v 0.3221319913864136 1.3032150268554688 0.1463710069656372
v 0.3221319913864136 1.326253056526184 0.15008699893951416
v -0.477867990732193 1.312188982963562 0.15008699893951416
v 0.3221319913864136 1.326253056526184 0.15008699893951416
v 0.3221319913864136 1.3451720476150513 0.13642500340938568
v -0.477867990732193 1.3352270126342773 0.1463710069656372
v 0.3221319913864136 1.3451720476150513 0.13642500340938568
v 0.3221319913864136 1.3492209911346436 0.12042000144720078
v -0.477867990732193 1.3488880395889282 0.12745200097560883
v 0.3221319913864136 1.3469369411468506 0.10893899947404861
v 0.3221319913864136 1.335226058959961 0.09446900337934494
v -0.477867990732193 1.3451720476150513 0.10441400110721588
v 0.3221319913864136 1.335226058959961 0.09446900337934494
v 0.3221319913864136 1.312188982963562 0.0907519981265068
v -0.477867990732193 1.326253056526184 0.0907519981265068
v -0.477867990732193 1.3451720476150513 0.10441400110721588
v -0.477867990732193 1.3488880395889282 0.12745200097560883
v 0.3221319913864136 1.3492209911346436 0.12042000144720078
v 0.3221319913864136 1.3469369411468506 0.10893899947404861
v 0.3221319913864136 1.312188982963562 0.0907519981265068
v 0.3221319913864136 1.2932699918746948 0.10441400110721588
v -0.477867990732193 1.3032150268554688 0.09446900337934494
v 0.3221319913864136 1.335226058959961 0.09446900337934494
v 0.3221319913864136 1.3469369411468506 0.10893899947404861
v 0.3221319913864136 1.3492209911346436 0.12042000144720078
v 0.3221319913864136 1.3451720476150513 0.13642500340938568
v 0.3221319913864136 1.326253056526184 0.15008699893951416
v 0.3221319913864136 1.3032150268554688 0.1463710069656372
v 0.3221319913864136 1.2895530462265015 0.12745200097560883
v 0.3221319913864136 1.2932699918746948 0.10441400110721588
v 0.3221319913864136 1.312188982963562 0.0907519981265068
v 0.3221319913864136 1.2932699918746948 0.10441400110721588
v 0.3221319913864136 1.2895530462265015 0.12745200097560883
v -0.477867990732193 1.2895530462265015 0.11338800191879272
v -0.477867990732193 1.3488880395889282 0.12745200097560883
v -0.477867990732193 1.3451720476150513 0.10441400110721588
v -0.477867990732193 1.326253056526184 0.0907519981265068
v -0.477867990732193 1.3032150268554688 0.09446900337934494
v -0.477867990732193 1.2895530462265015 0.11338800191879272
v -0.477867990732193 1.2932699918746948 0.13642500340938568
v -0.477867990732193 1.312188982963562 0.15008699893951416
v -0.477867990732193 1.3352270126342773 0.1463710069656372
vt 0.9628270268440247 1
vt 0.9121729731559753 0.5
vt 1 0.5
vt 0.8378270268440247 1
vt 0.7871729731559753 0.5
vt 0.9121729731559753 0.5
vt 0.7128270268440247 1
vt 0.6621729731559753 0.5
vt 0.7871729731559753 0.5
vt 0.5878270268440247 1
vt 0.5371729731559753 0.5
vt 0.6621729731559753 0.5
vt 0.33782699704170227 1
vt 0.28717300295829773 0.5
vt 0.41217300295829773 0.5
vt 0.21282699704170227 1
vt 0.16217300295829773 0.5
vt 0.28717300295829773 0.5
vt 0.08782699704170227 1
vt 0.03717299923300743 0.5
vt 0.16217300295829773 0.5
vt 0.9628270268440247 1
vt 0.8378270268440247 1
vt 0.9121729731559753 0.5
vt 0.8378270268440247 1
vt 0.7128270268440247 1
vt 0.7871729731559753 0.5
vt 0.7128270268440247 1
vt 0.5878270268440247 1
vt 0.6621729731559753 0.5
vt 0.5878270268440247 1
vt 0.5 1
vt 0.5371729731559753 0.5
vt 0.4375 1
vt 0.33782699704170227 1
vt 0.41217300295829773 0.5
vt 0.33782699704170227 1
vt 0.21282699704170227 1
vt 0.28717300295829773 0.5
vt 0.41217300295829773 0.5
vt 0.5371729731559753 0.5
vt 0.5 1
vt 0.4375 1
vt 0.21282699704170227 1
vt 0.08782699704170227 1
vt 0.16217300295829773 0.5
vt 0.04935099929571152 0.12660402059555054
vt 0.15815599262714386 0.02826899290084839
vt 0.25 0.009999990463256836
vt 0.37339600920677185 0.04935097694396973
vt 0.4791339933872223 0.1953740119934082
vt 0.4506489932537079 0.37339597940444946
vt 0.3046259880065918 0.4791340231895447
vt 0.12660400569438934 0.4506490230560303
vt 0.020865999162197113 0.3046259880065918
vt 0.08782699704170227 1
vt 0 1
vt 0.03717299923300743 0.5
vt 0.8046259880065918 0.020865976810455322
vt 0.6266040205955505 0.04935097694396973
vt 0.5208659768104553 0.1953740119934082
vt 0.5493509769439697 0.37339597940444946
vt 0.6953740119934082 0.4791340231895447
vt 0.8733959794044495 0.4506490230560303
vt 0.9791340231895447 0.3046259880065918
vt 0.9506490230560303 0.12660402059555054
vn -0.002800072522202851 -0.9872255846900078 0.15930412589554194
vn -0.002800072522202851 -0.9872255846900078 0.15930412589554194
vn -0.002800072522202851 -0.9872255846900078 0.15930412589554194
vn -0.0028000902084689906 -0.5854188737172275 0.8107261570903442
vn -0.0028000902084689906 -0.5854188737172275 0.8107261570903442
vn -0.0028000902084689906 -0.5854188737172275 0.8107261570903442
vn -0.0028001171907451926 0.15920665541426834 0.9872413079969459
vn -0.0028001171907451926 0.15920665541426834 0.9872413079969459
vn -0.0028001171907451926 0.15920665541426834 0.9872413079969459
vn -0.00280009020846899 0.810726157090344 0.5854188737172273
vn -0.00280009020846899 0.810726157090344 0.5854188737172273
vn -0.00280009020846899 0.810726157090344 0.5854188737172273
vn -0.0028000902084689906 0.5854188737172275 -0.8107261570903442
vn -0.0028000902084689906 0.5854188737172275 -0.8107261570903442
vn -0.0028000902084689906 0.5854188737172275 -0.8107261570903442
vn -0.0028000725222028515 -0.15930412589554196 -0.987225584690008
vn -0.0028000725222028515 -0.15930412589554196 -0.987225584690008
vn -0.0028000725222028515 -0.15930412589554196 -0.987225584690008
vn -0.00280009020846899 -0.810726157090344 -0.5854188737172273
vn -0.00280009020846899 -0.810726157090344 -0.5854188737172273
vn -0.00280009020846899 -0.810726157090344 -0.5854188737172273
vn 0.00280009020846899 -0.810726157090344 0.5854188737172273
vn 0.00280009020846899 -0.810726157090344 0.5854188737172273
vn 0.00280009020846899 -0.810726157090344 0.5854188737172273
vn 0.0028001171907451926 -0.15920665541426834 0.9872413079969459
vn 0.0028001171907451926 -0.15920665541426834 0.9872413079969459
vn 0.0028001171907451926 -0.15920665541426834 0.9872413079969459
vn 0.0028000902084689906 0.5854188737172275 0.8107261570903442
vn 0.0028000902084689906 0.5854188737172275 0.8107261570903442
vn 0.0028000902084689906 0.5854188737172275 0.8107261570903442
vn 0.0017999050104018748 0.969448824366208 0.24528705077302865
vn 0.0017999050104018748 0.969448824366208 0.24528705077302865
vn 0.0017999050104018748 0.969448824366208 0.24528705077302865
vn 0.0018000311348475063 0.7773134563572675 -0.6291109206283355
vn 0.0018000311348475063 0.7773134563572675 -0.6291109206283355
vn 0.0018000311348475063 0.7773134563572675 -0.6291109206283355
vn 0.0028000725222028515 0.15930412589554196 -0.987225584690008
vn 0.0028000725222028515 0.15930412589554196 -0.987225584690008
vn 0.0028000725222028515 0.15930412589554196 -0.987225584690008
vn -0.0016000277890769893 0.985217098260263 -0.1713029748915688
vn -0.0016000277890769893 0.985217098260263 -0.1713029748915688
vn -0.0016000277890769893 0.985217098260263 -0.1713029748915688
vn -0.0016000277890769893 0.985217098260263 -0.1713029748915688
vn 0.0028000902084689906 -0.5854188737172275 -0.8107261570903442
vn 0.0028000902084689906 -0.5854188737172275 -0.8107261570903442
vn 0.0028000902084689906 -0.5854188737172275 -0.8107261570903442
vn 1 0 0
vn 1 0 0
vn 1 0 0
vn 1 0 0
vn 1 0 0
vn 1 0 0
vn 1 0 0
vn 1 0 0
vn 1 0 0
vn 0.002800072522202851 -0.9872255846900078 -0.15930412589554194
vn 0.002800072522202851 -0.9872255846900078 -0.15930412589554194
vn 0.002800072522202851 -0.9872255846900078 -0.15930412589554194
vn -1 0 0
vn -1 0 0
vn -1 0 0
vn -1 0 0
vn -1 0 0
vn -1 0 0
vn -1 0 0
vn -1 0 0
f 25/25/25 26/26/26 27/27/27
f 28/28/28 29/29/29 30/30/30
f 31/31/31 32/32/32 33/33/33
f 34/34/34 35/35/35 36/36/36
f 37/37/37 38/38/38 39/39/39
f 40/40/40 41/41/41 42/42/42
f 43/43/43 44/44/44 45/45/45
f 46/46/46 47/47/47 48/48/48
f 49/49/49 50/50/50 51/51/51
f 52/52/52 53/53/53 54/54/54
f 55/55/55 56/56/56 57/57/57
f 58/58/58 59/59/59 60/60/60
f 61/61/61 62/62/62 63/63/63
f 65/65/65 67/67/67 64/64/64
f 67/67/67 65/65/65 66/66/66
f 68/68/68 69/69/69 70/70/70
f 78/78/78 79/79/79 71/71/71
f 71/71/71 72/72/72 73/73/73
f 73/73/73 74/74/74 75/75/75
f 75/75/75 76/76/76 77/77/77
f 77/77/77 78/78/78 71/71/71
f 71/71/71 73/73/73 75/75/75
f 75/75/75 77/77/77 71/71/71
f 80/80/80 81/81/81 82/82/82
f 84/84/84 90/90/90 83/83/83
f 90/90/90 88/88/88 89/89/89
f 88/88/88 86/86/86 87/87/87
f 86/86/86 84/84/84 85/85/85
f 84/84/84 88/88/88 90/90/90
f 88/88/88 84/84/84 86/86/86
o Panel-Mesh_2
usemtl Bar_Pink
v 0.49218401312828064 1.299443006515503 -0.1790439933538437
v 0.4981650114059448 1.3019200563430786 0.12095600366592407
v 0.482807993888855 1.299443006515503 0.12095600366592407
v 0.504796028137207 1.3085509538650513 -0.1790439933538437
v 0.5072739720344543 1.314532995223999 0.12095600366592407
v 0.4981650114059448 1.3019200563430786 0.12095600366592407
v 0.5072739720344543 1.323909044265747 -0.1790439933538437
v 0.504796028137207 1.3298909664154053 0.12095600366592407
v 0.5072739720344543 1.314532995223999 0.12095600366592407
v 0.4981650114059448 1.336521029472351 -0.1790439933538437
v 0.49218401312828064 1.3389990329742432 0.12095600366592407
v 0.504796028137207 1.3298909664154053 0.12095600366592407
v 0.4701949954032898 1.3298909664154053 -0.1790439933538437
v 0.4677180051803589 1.323909044265747 0.12095600366592407
v 0.4768249988555908 1.336521029472351 0.12095600366592407
v 0.4677180051803589 1.314532995223999 -0.1790439933538437
v 0.4701949954032898 1.3085509538650513 0.12095600366592407
v 0.4677180051803589 1.323909044265747 0.12095600366592407
v 0.4768249988555908 1.3019200563430786 -0.1790439933538437
v 0.482807993888855 1.299443006515503 0.12095600366592407
v 0.4701949954032898 1.3085509538650513 0.12095600366592407
v 0.49218401312828064 1.299443006515503 -0.1790439933538437
v 0.504796028137207 1.3085509538650513 -0.1790439933538437
v 0.4981650114059448 1.3019200563430786 0.12095600366592407
v 0.504796028137207 1.3085509538650513 -0.1790439933538437
v 0.5072739720344543 1.323909044265747 -0.1790439933538437
v 0.5072739720344543 1.314532995223999 0.12095600366592407
v 0.5072739720344543 1.323909044265747 -0.1790439933538437
v 0.4981650114059448 1.336521029472351 -0.1790439933538437
v 0.504796028137207 1.3298909664154053 0.12095600366592407
v 0.4981650114059448 1.336521029472351 -0.1790439933538437
v 0.4874959886074066 1.3392210006713867 -0.1790439933538437
v 0.49218401312828064 1.3389990329742432 0.12095600366592407
v 0.4798409938812256 1.337699055671692 -0.1790439933538437
v 0.4701949954032898 1.3298909664154053 -0.1790439933538437
v 0.4768249988555908 1.336521029472351 0.12095600366592407
v 0.4701949954032898 1.3298909664154053 -0.1790439933538437
v 0.4677180051803589 1.314532995223999 -0.1790439933538437
v 0.4677180051803589 1.323909044265747 0.12095600366592407
v 0.4768249988555908 1.336521029472351 0.12095600366592407
v 0.49218401312828064 1.3389990329742432 0.12095600366592407
v 0.4874959886074066 1.3392210006713867 -0.1790439933538437
v 0.4798409938812256 1.337699055671692 -0.1790439933538437
v 0.4677180051803589 1.314532995223999 -0.1790439933538437
v 0.4768249988555908 1.3019200563430786 -0.1790439933538437
v 0.4701949954032898 1.3085509538650513 0.12095600366592407
v 0.4701949954032898 1.3298909664154053 -0.1790439933538437
v 0.4798409938812256 1.337699055671692 -0.1790439933538437
v 0.4874959886074066 1.3392210006713867 -0.1790439933538437
v 0.4981650114059448 1.336521029472351 -0.1790439933538437
v 0.5072739720344543 1.323909044265747 -0.1790439933538437
v 0.504796028137207 1.3085509538650513 -0.1790439933538437
v 0.49218401312828064 1.299443006515503 -0.1790439933538437
v 0.4768249988555908 1.3019200563430786 -0.1790439933538437
v 0.4677180051803589 1.314532995223999 -0.1790439933538437
v 0.4768249988555908 1.3019200563430786 -0.1790439933538437
v 0.49218401312828064 1.299443006515503 -0.1790439933538437
v 0.482807993888855 1.299443006515503 0.12095600366592407
v 0.49218401312828064 1.3389990329742432 0.12095600366592407
v 0.4768249988555908 1.336521029472351 0.12095600366592407
v 0.4677180051803589 1.323909044265747 0.12095600366592407
v 0.4701949954032898 1.3085509538650513 0.12095600366592407
v 0.482807993888855 1.299443006515503 0.12095600366592407
v 0.4981650114059448 1.3019200563430786 0.12095600366592407
v 0.5072739720344543 1.314532995223999 0.12095600366592407
v 0.504796028137207 1.3298909664154053 0.12095600366592407
vt 0.9628270268440247 1
vt 0.9121729731559753 0.5
vt 1 0.5
vt 0.8378270268440247 1
vt 0.7871729731559753 0.5
vt 0.9121729731559753 0.5
vt 0.7128270268440247 1
vt 0.6621729731559753 0.5
vt 0.7871729731559753 0.5
vt 0.5878270268440247 1
vt 0.5371729731559753 0.5
vt 0.6621729731559753 0.5
vt 0.33782699704170227 1
vt 0.28717300295829773 0.5
vt 0.41217300295829773 0.5
vt 0.21282699704170227 1
vt 0.16217300295829773 0.5
vt 0.28717300295829773 0.5
vt 0.08782699704170227 1
vt 0.03717299923300743 0.5
vt 0.16217300295829773 0.5
vt 0.9628270268440247 1
vt 0.8378270268440247 1
vt 0.9121729731559753 0.5
vt 0.8378270268440247 1
vt 0.7128270268440247 1
vt 0.7871729731559753 0.5
vt 0.7128270268440247 1
vt 0.5878270268440247 1
vt 0.6621729731559753 0.5
vt 0.5878270268440247 1
vt 0.5 1
vt 0.5371729731559753 0.5
vt 0.4375 1
vt 0.33782699704170227 1
vt 0.41217300295829773 0.5
vt 0.33782699704170227 1
vt 0.21282699704170227 1
vt 0.28717300295829773 0.5
vt 0.41217300295829773 0.5
vt 0.5371729731559753 0.5
vt 0.5 1
vt 0.4375 1
vt 0.21282699704170227 1
vt 0.08782699704170227 1
vt 0.16217300295829773 0.5
vt 0.04935099929571152 0.12660402059555054
vt 0.15815599262714386 0.02826899290084839
vt 0.25 0.009999990463256836
vt 0.37339600920677185 0.04935097694396973
vt 0.4791339933872223 0.1953740119934082
vt 0.4506489932537079 0.37339597940444946
vt 0.3046259880065918 0.4791340231895447
vt 0.12660400569438934 0.4506490230560303
vt 0.020865999162197113 0.3046259880065918
vt 0.08782699704170227 1
vt 0 1
vt 0.03717299923300743 0.5
vt 0.8046259880065918 0.020865976810455322
vt 0.6266040205955505 0.04935097694396973
vt 0.5208659768104553 0.1953740119934082
vt 0.5493509769439697 0.37339597940444946
vt 0.6953740119934082 0.4791340231895447
vt 0.8733959794044495 0.4506490230560303
vt 0.9791340231895447 0.3046259880065918
vt 0.9506490230560303 0.12660402059555054
vn 0.1592052980104827 -0.9872328354676584 0.005000165985300471
vn 0.1592052980104827 -0.9872328354676584 0.005000165985300471
vn 0.1592052980104827 -0.9872328354676584 0.005000165985300471
vn 0.8107191869877178 -0.5854138695560676 0.005000118135121998
vn 0.8107191869877178 -0.5854138695560676 0.005000118135121998
vn 0.8107191869877178 -0.5854138695560676 0.005000118135121998
vn 0.9872171147726885 0.15930275401119864 0.00500008643284458
vn 0.9872171147726885 0.15930275401119864 0.00500008643284458
vn 0.9872171147726885 0.15930275401119864 0.00500008643284458
vn 0.5854138695560676 0.8107191869877178 0.005000118135121998
vn 0.5854138695560676 0.8107191869877178 0.005000118135121998
vn 0.5854138695560676 0.8107191869877178 0.005000118135121998
vn -0.8107191869877178 0.5854138695560676 0.005000118135121998
vn -0.8107191869877178 0.5854138695560676 0.005000118135121998
vn -0.8107191869877178 0.5854138695560676 0.005000118135121998
vn -0.9872328354676584 -0.1592052980104827 0.005000165985300471
vn -0.9872328354676584 -0.1592052980104827 0.005000165985300471
vn -0.9872328354676584 -0.1592052980104827 0.005000165985300471
vn -0.5854138695560676 -0.8107191869877178 0.005000118135121998
vn -0.5854138695560676 -0.8107191869877178 0.005000118135121998
vn -0.5854138695560676 -0.8107191869877178 0.005000118135121998
vn 0.5854138695560676 -0.8107191869877178 -0.005000118135121998
vn 0.5854138695560676 -0.8107191869877178 -0.005000118135121998
vn 0.5854138695560676 -0.8107191869877178 -0.005000118135121998
vn 0.9872171147726885 -0.15930275401119864 -0.00500008643284458
vn 0.9872171147726885 -0.15930275401119864 -0.00500008643284458
vn 0.9872171147726885 -0.15930275401119864 -0.00500008643284458
vn 0.810671750187539 0.5854795600106973 -0.0049998257522392816
vn 0.810671750187539 0.5854795600106973 -0.0049998257522392816
vn 0.810671750187539 0.5854795600106973 -0.0049998257522392816
vn 0.24531004684021673 0.9694397197002238 -0.003100126900992234
vn 0.24531004684021673 0.9694397197002238 -0.003100126900992234
vn 0.24531004684021673 0.9694397197002238 -0.003100126900992234
vn -0.6291084950141012 0.7773104985830814 -0.003300044486628559
vn -0.6291084950141012 0.7773104985830814 -0.003300044486628559
vn -0.6291084950141012 0.7773104985830814 -0.003300044486628559
vn -0.9872328354676584 0.1592052980104827 -0.005000165985300471
vn -0.9872328354676584 0.1592052980104827 -0.005000165985300471
vn -0.9872328354676584 0.1592052980104827 -0.005000165985300471
vn -0.1712054413377467 0.9852313719923669 0.002800088996017639
vn -0.1712054413377467 0.9852313719923669 0.002800088996017639
vn -0.1712054413377467 0.9852313719923669 0.002800088996017639
vn -0.1712054413377467 0.9852313719923669 0.002800088996017639
vn -0.8107191869877178 -0.5854138695560676 -0.005000118135121998
vn -0.8107191869877178 -0.5854138695560676 -0.005000118135121998
vn -0.8107191869877178 -0.5854138695560676 -0.005000118135121998
vn 0 0 -1
vn 0 0 -1
vn 0 0 -1
vn 0 0 -1
vn 0 0 -1
vn 0 0 -1
vn 0 0 -1
vn 0 0 -1
vn 0 0 -1
vn -0.1592052980104827 -0.9872328354676584 -0.005000165985300471
vn -0.1592052980104827 -0.9872328354676584 -0.005000165985300471
vn -0.1592052980104827 -0.9872328354676584 -0.005000165985300471
vn 0 0 1
vn 0 0 1
vn 0 0 1
vn 0 0 1
vn 0 0 1
vn 0 0 1
vn 0 0 1
vn 0 0 1
f 91/91/91 92/92/92 93/93/93
f 94/94/94 95/95/95 96/96/96
f 97/97/97 98/98/98 99/99/99
f 100/100/100 101/101/101 102/102/102
f 103/103/103 104/104/104 105/105/105
f 106/106/106 107/107/107 108/108/108
f 109/109/109 110/110/110 111/111/111
f 112/112/112 113/113/113 114/114/114
f 115/115/115 116/116/116 117/117/117
f 118/118/118 119/119/119 120/120/120
f 121/121/121 122/122/122 123/123/123
f 124/124/124 125/125/125 126/126/126
f 127/127/127 128/128/128 129/129/129
f 131/131/131 133/133/133 130/130/130
f 133/133/133 131/131/131 132/132/132
f 134/134/134 135/135/135 136/136/136
f 138/138/138 145/145/145 137/137/137
f 145/145/145 143/143/143 144/144/144
f 143/143/143 141/141/141 142/142/142
f 141/141/141 139/139/139 140/140/140
f 139/139/139 145/145/145 138/138/138
f 145/145/145 141/141/141 143/143/143
f 141/141/141 145/145/145 139/139/139
f 146/146/146 147/147/147 148/148/148
f 155/155/155 156/156/156 149/149/149
f 149/149/149 150/150/150 151/151/151
f 151/151/151 152/152/152 153/153/153
f 153/153/153 154/154/154 155/155/155
f 155/155/155 149/149/149 151/151/151
f 151/151/151 153/153/153 155/155/155
o Panel-Mesh_3
usemtl Bar_Yellow
v 0.4019860029220581 1.299443006515503 -0.1790439933538437
v 0.40796801447868347 1.3019200563430786 0.12095600366592407
v 0.39260900020599365 1.299443006515503 0.12095600366592407
v 0.4145979881286621 1.3085509538650513 -0.1790439933538437
v 0.4170759916305542 1.314532995223999 0.12095600366592407
v 0.40796801447868347 1.3019200563430786 0.12095600366592407
v 0.4170759916305542 1.323909044265747 -0.1790439933538437
v 0.4145979881286621 1.3298909664154053 0.12095600366592407
v 0.4170759916305542 1.314532995223999 0.12095600366592407
v 0.40796801447868347 1.336521029472351 -0.1790439933538437
v 0.4019860029220581 1.3389990329742432 0.12095600366592407
v 0.4145979881286621 1.3298909664154053 0.12095600366592407
v 0.37999698519706726 1.3298909664154053 -0.1790439933538437
v 0.37751901149749756 1.323909044265747 0.12095600366592407
v 0.3866260051727295 1.336521029472351 0.12095600366592407
v 0.37751901149749756 1.314532995223999 -0.1790439933538437
v 0.37999698519706726 1.3085509538650513 0.12095600366592407
v 0.37751901149749756 1.323909044265747 0.12095600366592407
v 0.3866260051727295 1.3019200563430786 -0.1790439933538437
v 0.39260900020599365 1.299443006515503 0.12095600366592407
v 0.37999698519706726 1.3085509538650513 0.12095600366592407
v 0.4019860029220581 1.299443006515503 -0.1790439933538437
v 0.4145979881286621 1.3085509538650513 -0.1790439933538437
v 0.40796801447868347 1.3019200563430786 0.12095600366592407
v 0.4145979881286621 1.3085509538650513 -0.1790439933538437
v 0.4170759916305542 1.323909044265747 -0.1790439933538437
v 0.4170759916305542 1.314532995223999 0.12095600366592407
v 0.4170759916305542 1.323909044265747 -0.1790439933538437
v 0.40796801447868347 1.336521029472351 -0.1790439933538437
v 0.4145979881286621 1.3298909664154053 0.12095600366592407
v 0.40796801447868347 1.336521029472351 -0.1790439933538437
v 0.39729800820350647 1.3392210006713867 -0.1790439933538437
v 0.4019860029220581 1.3389990329742432 0.12095600366592407
v 0.38964399695396423 1.337699055671692 -0.1790439933538437
v 0.37999698519706726 1.3298909664154053 -0.1790439933538437
v 0.3866260051727295 1.336521029472351 0.12095600366592407
v 0.37999698519706726 1.3298909664154053 -0.1790439933538437
v 0.37751901149749756 1.314532995223999 -0.1790439933538437
v 0.37751901149749756 1.323909044265747 0.12095600366592407
v 0.3866260051727295 1.336521029472351 0.12095600366592407
v 0.4019860029220581 1.3389990329742432 0.12095600366592407
v 0.39729800820350647 1.3392210006713867 -0.1790439933538437
v 0.38964399695396423 1.337699055671692 -0.1790439933538437
v 0.37751901149749756 1.314532995223999 -0.1790439933538437
v 0.3866260051727295 1.3019200563430786 -0.1790439933538437
v 0.37999698519706726 1.3085509538650513 0.12095600366592407
v 0.37999698519706726 1.3298909664154053 -0.1790439933538437
v 0.38964399695396423 1.337699055671692 -0.1790439933538437
v 0.39729800820350647 1.3392210006713867 -0.1790439933538437
v 0.40796801447868347 1.336521029472351 -0.1790439933538437
v 0.4170759916305542 1.323909044265747 -0.1790439933538437
v 0.4145979881286621 1.3085509538650513 -0.1790439933538437
v 0.4019860029220581 1.299443006515503 -0.1790439933538437
v 0.3866260051727295 1.3019200563430786 -0.1790439933538437
v 0.37751901149749756 1.314532995223999 -0.1790439933538437
v 0.3866260051727295 1.3019200563430786 -0.1790439933538437
v 0.4019860029220581 1.299443006515503 -0.1790439933538437
v 0.39260900020599365 1.299443006515503 0.12095600366592407
v 0.4019860029220581 1.3389990329742432 0.12095600366592407
v 0.3866260051727295 1.336521029472351 0.12095600366592407
v 0.37751901149749756 1.323909044265747 0.12095600366592407
v 0.37999698519706726 1.3085509538650513 0.12095600366592407
v 0.39260900020599365 1.299443006515503 0.12095600366592407
v 0.40796801447868347 1.3019200563430786 0.12095600366592407
v 0.4170759916305542 1.314532995223999 0.12095600366592407
v 0.4145979881286621 1.3298909664154053 0.12095600366592407
vt 0.9628270268440247 1
vt 0.9121729731559753 0.5
vt 1 0.5
vt 0.8378270268440247 1
vt 0.7871729731559753 0.5
vt 0.9121729731559753 0.5
vt 0.7128270268440247 1
vt 0.6621729731559753 0.5
vt 0.7871729731559753 0.5
vt 0.5878270268440247 1
vt 0.5371729731559753 0.5
vt 0.6621729731559753 0.5
vt 0.33782699704170227 1
vt 0.28717300295829773 0.5
vt 0.41217300295829773 0.5
vt 0.21282699704170227 1
vt 0.16217300295829773 0.5
vt 0.28717300295829773 0.5
vt 0.08782699704170227 1
vt 0.03717299923300743 0.5
vt 0.16217300295829773 0.5
vt 0.9628270268440247 1
vt 0.8378270268440247 1
vt 0.9121729731559753 0.5
vt 0.8378270268440247 1
vt 0.7128270268440247 1
vt 0.7871729731559753 0.5
vt 0.7128270268440247 1
vt 0.5878270268440247 1
vt 0.6621729731559753 0.5
vt 0.5878270268440247 1
vt 0.5 1
vt 0.5371729731559753 0.5
vt 0.4375 1
vt 0.33782699704170227 1
vt 0.41217300295829773 0.5
vt 0.33782699704170227 1
vt 0.21282699704170227 1
vt 0.28717300295829773 0.5
vt 0.41217300295829773 0.5
vt 0.5371729731559753 0.5
vt 0.5 1
vt 0.4375 1
vt 0.21282699704170227 1
vt 0.08782699704170227 1
vt 0.16217300295829773 0.5
vt 0.04935099929571152 0.12660402059555054
vt 0.15815599262714386 0.02826899290084839
vt 0.25 0.009999990463256836
vt 0.37339600920677185 0.04935097694396973
vt 0.4791339933872223 0.1953740119934082
vt 0.4506489932537079 0.37339597940444946
vt 0.3046259880065918 0.4791340231895447
vt 0.12660400569438934 0.4506490230560303
vt 0.020865999162197113 0.3046259880065918
vt 0.08782699704170227 1
vt 0 1
vt 0.03717299923300743 0.5
vt 0.8046259880065918 0.020865976810455322
vt 0.6266040205955505 0.04935097694396973
vt 0.5208659768104553 0.1953740119934082
vt 0.5493509769439697 0.37339597940444946
vt 0.6953740119934082 0.4791340231895447
vt 0.8733959794044495 0.4506490230560303
vt 0.9791340231895447 0.3046259880065918
vt 0.9506490230560303 0.12660402059555054
vn 0.1592052980104827 -0.9872328354676584 0.005000165985300471
vn 0.1592052980104827 -0.9872328354676584 0.005000165985300471
vn 0.1592052980104827 -0.9872328354676584 0.005000165985300471
vn 0.8107191869877178 -0.5854138695560676 0.005000118135121998
vn 0.8107191869877178 -0.5854138695560676 0.005000118135121998
vn 0.8107191869877178 -0.5854138695560676 0.005000118135121998
vn 0.9872171147726885 0.15930275401119864 0.00500008643284458
vn 0.9872171147726885 0.15930275401119864 0.00500008643284458
vn 0.9872171147726885 0.15930275401119864 0.00500008643284458
vn 0.5854795600106973 0.810671750187539 0.0049998257522392816
vn 0.5854795600106973 0.810671750187539 0.0049998257522392816
vn 0.5854795600106973 0.810671750187539 0.0049998257522392816
vn -0.810671750187539 0.5854795600106973 0.0049998257522392816
vn -0.810671750187539 0.5854795600106973 0.0049998257522392816
vn -0.810671750187539 0.5854795600106973 0.0049998257522392816
vn -0.9872171147726885 -0.15930275401119864 0.00500008643284458
vn -0.9872171147726885 -0.15930275401119864 0.00500008643284458
vn -0.9872171147726885 -0.15930275401119864 0.00500008643284458
vn -0.5854138695560676 -0.8107191869877178 0.005000118135121998
vn -0.5854138695560676 -0.8107191869877178 0.005000118135121998
vn -0.5854138695560676 -0.8107191869877178 0.005000118135121998
vn 0.5854795600106973 -0.810671750187539 -0.0049998257522392816
vn 0.5854795600106973 -0.810671750187539 -0.0049998257522392816
vn 0.5854795600106973 -0.810671750187539 -0.0049998257522392816
vn 0.9872171147726885 -0.15930275401119864 -0.00500008643284458
vn 0.9872171147726885 -0.15930275401119864 -0.00500008643284458
vn 0.9872171147726885 -0.15930275401119864 -0.00500008643284458
vn 0.810671750187539 0.5854795600106973 -0.0049998257522392816
vn 0.810671750187539 0.5854795600106973 -0.0049998257522392816
vn 0.810671750187539 0.5854795600106973 -0.0049998257522392816
vn 0.24531004684021673 0.9694397197002238 -0.003100126900992234
vn 0.24531004684021673 0.9694397197002238 -0.003100126900992234
vn 0.24531004684021673 0.9694397197002238 -0.003100126900992234
vn -0.6291084950141012 0.7773104985830814 -0.003300044486628559
vn -0.6291084950141012 0.7773104985830814 -0.003300044486628559
vn -0.6291084950141012 0.7773104985830814 -0.003300044486628559
vn -0.9872171147726885 0.15930275401119864 -0.00500008643284458
vn -0.9872171147726885 0.15930275401119864 -0.00500008643284458
vn -0.9872171147726885 0.15930275401119864 -0.00500008643284458
vn -0.1712054413377467 0.9852313719923669 0.002800088996017639
vn -0.1712054413377467 0.9852313719923669 0.002800088996017639
vn -0.1712054413377467 0.9852313719923669 0.002800088996017639
vn -0.1712054413377467 0.9852313719923669 0.002800088996017639
vn -0.8107191869877178 -0.5854138695560676 -0.005000118135121998
vn -0.8107191869877178 -0.5854138695560676 -0.005000118135121998
vn -0.8107191869877178 -0.5854138695560676 -0.005000118135121998
vn 0 0 -1
vn 0 0 -1
vn 0 0 -1
vn 0 0 -1
vn 0 0 -1
vn 0 0 -1
vn 0 0 -1
vn 0 0 -1
vn 0 0 -1
vn -0.1592052980104827 -0.9872328354676584 -0.005000165985300471
vn -0.1592052980104827 -0.9872328354676584 -0.005000165985300471
vn -0.1592052980104827 -0.9872328354676584 -0.005000165985300471
vn 0 0 1
vn 0 0 1
vn 0 0 1
vn 0 0 1
vn 0 0 1
vn 0 0 1
vn 0 0 1
vn 0 0 1
f 157/157/157 158/158/158 159/159/159
f 160/160/160 161/161/161 162/162/162
f 163/163/163 164/164/164 165/165/165
f 166/166/166 167/167/167 168/168/168
f 169/169/169 170/170/170 171/171/171
f 172/172/172 173/173/173 174/174/174
f 175/175/175 176/176/176 177/177/177
f 178/178/178 179/179/179 180/180/180
f 181/181/181 182/182/182 183/183/183
f 184/184/184 185/185/185 186/186/186
f 187/187/187 188/188/188 189/189/189
f 190/190/190 191/191/191 192/192/192
f 193/193/193 194/194/194 195/195/195
f 197/197/197 199/199/199 196/196/196
f 199/199/199 197/197/197 198/198/198
f 200/200/200 201/201/201 202/202/202
f 204/204/204 211/211/211 203/203/203
f 211/211/211 209/209/209 210/210/210
f 209/209/209 207/207/207 208/208/208
f 207/207/207 205/205/205 206/206/206
f 205/205/205 211/211/211 204/204/204
f 211/211/211 207/207/207 209/209/209
f 207/207/207 211/211/211 205/205/205
f 212/212/212 213/213/213 214/214/214
f 221/221/221 222/222/222 215/215/215
f 215/215/215 216/216/216 217/217/217
f 217/217/217 218/218/218 219/219/219
f 219/219/219 220/220/220 221/221/221
f 221/221/221 215/215/215 217/217/217
f 217/217/217 219/219/219 221/221/221
o Panel-Mesh_4
usemtl Button_Blue
v 0.2983520030975342 1.319221019744873 -0.10664399713277817
v 0.2983520030975342 1.3392210006713867 -0.10664399713277817
v 0.26906299591064453 1.3392210006713867 -0.0359329991042614
v 0.26906299591064453 1.319221019744873 -0.0359329991042614
v 0.26906299591064453 1.319221019744873 -0.0359329991042614
v 0.26906299591064453 1.3392210006713867 -0.0359329991042614
v 0.19835300743579865 1.3392210006713867 -0.006643999833613634
v 0.19835300743579865 1.319221019744873 -0.006643999833613634
v 0.19835300743579865 1.319221019744873 -0.006643999833613634
v 0.19835300743579865 1.3392210006713867 -0.006643999833613634
v 0.12764200568199158 1.3392210006713867 -0.0359329991042614
v 0.12764200568199158 1.319221019744873 -0.0359329991042614
v 0.12764200568199158 1.319221019744873 -0.0359329991042614
v 0.12764200568199158 1.3392210006713867 -0.0359329991042614
v 0.09835299849510193 1.3392210006713867 -0.10664399713277817
v 0.09835299849510193 1.319221019744873 -0.10664399713277817
v 0.09835299849510193 1.319221019744873 -0.10664399713277817
v 0.09835299849510193 1.3392210006713867 -0.10664399713277817
v 0.12764200568199158 1.3392210006713867 -0.17735500633716583
v 0.12764200568199158 1.319221019744873 -0.17735500633716583
v 0.12764200568199158 1.319221019744873 -0.17735500633716583
v 0.12764200568199158 1.3392210006713867 -0.17735500633716583
v 0.19835300743579865 1.3392210006713867 -0.2066439986228943
v 0.19835300743579865 1.319221019744873 -0.2066439986228943
v 0.26906299591064453 1.3392210006713867 -0.0359329991042614
v 0.2983520030975342 1.3392210006713867 -0.10664399713277817
v 0.26906299591064453 1.3392210006713867 -0.17735500633716583
v 0.19835300743579865 1.3392210006713867 -0.2066439986228943
v 0.12764200568199158 1.3392210006713867 -0.17735500633716583
v 0.09835299849510193 1.3392210006713867 -0.10664399713277817
v 0.12764200568199158 1.3392210006713867 -0.0359329991042614
v 0.19835300743579865 1.3392210006713867 -0.006643999833613634
v 0.19835300743579865 1.319221019744873 -0.2066439986228943
v 0.19835300743579865 1.3392210006713867 -0.2066439986228943
v 0.26906299591064453 1.3392210006713867 -0.17735500633716583
v 0.26906299591064453 1.319221019744873 -0.17735500633716583
v 0.26906299591064453 1.319221019744873 -0.17735500633716583
v 0.26906299591064453 1.3392210006713867 -0.17735500633716583
v 0.2983520030975342 1.3392210006713867 -0.10664399713277817
v 0.2983520030975342 1.319221019744873 -0.10664399713277817
v 0.2983520030975342 1.319221019744873 -0.10664399713277817
v 0.26906299591064453 1.319221019744873 -0.0359329991042614
v 0.19835300743579865 1.319221019744873 -0.006643999833613634
v 0.12764200568199158 1.319221019744873 -0.0359329991042614
v 0.09835299849510193 1.319221019744873 -0.10664399713277817
v 0.12764200568199158 1.319221019744873 -0.17735500633716583
v 0.19835300743579865 1.319221019744873 -0.2066439986228943
v 0.26906299591064453 1.319221019744873 -0.17735500633716583
vt 1 0.5
vt 1 1
vt 0.875 1
vt 0.875 0.5
vt 0.875 0.5
vt 0.875 1
vt 0.75 1
vt 0.75 0.5
vt 0.75 0.5
vt 0.75 1
vt 0.625 1
vt 0.625 0.5
vt 0.625 0.5
vt 0.625 1
vt 0.5 1
vt 0.5 0.5
vt 0.5 0.5
vt 0.5 1
vt 0.375 1
vt 0.375 0.5
vt 0.375 0.5
vt 0.375 1
vt 0.25 1
vt 0.25 0.5
vt 0.41970598697662354 0.41970598697662354
vt 0.25 0.49000000953674316
vt 0.08029399812221527 0.41970598697662354
vt 0.009999999776482582 0.25
vt 0.08029399812221527 0.08029401302337646
vt 0.25 0.009999990463256836
vt 0.41970598697662354 0.08029401302337646
vt 0.49000000953674316 0.25
vt 0.25 0.5
vt 0.25 1
vt 0.125 1
vt 0.125 0.5
vt 0.125 0.5
vt 0.125 1
vt 0 1
vt 0 0.5
vt 0.75 0.49000000953674316
vt 0.9197059869766235 0.41970598697662354
vt 0.9900000095367432 0.25
vt 0.9197059869766235 0.08029401302337646
vt 0.75 0.009999990463256836
vt 0.5802940130233765 0.08029401302337646
vt 0.5099999904632568 0.25
vt 0.5802940130233765 0.41970598697662354
vn 0.9238766670357402 0 0.38269035016176234
vn 0.9238766670357402 0 0.38269035016176234
vn 0.9238766670357402 0 0.38269035016176234
vn 0.9238766670357402 0 0.38269035016176234
vn 0.38269035016176234 0 0.9238766670357402
vn 0.38269035016176234 0 0.9238766670357402
vn 0.38269035016176234 0 0.9238766670357402
vn 0.38269035016176234 0 0.9238766670357402
vn -0.38269035016176234 0 0.9238766670357402
vn -0.38269035016176234 0 0.9238766670357402
vn -0.38269035016176234 0 0.9238766670357402
vn -0.38269035016176234 0 0.9238766670357402
vn -0.9238766670357402 0 0.38269035016176234
vn -0.9238766670357402 0 0.38269035016176234
vn -0.9238766670357402 0 0.38269035016176234
vn -0.9238766670357402 0 0.38269035016176234
vn -0.9238766670357402 0 -0.38269035016176234
vn -0.9238766670357402 0 -0.38269035016176234
vn -0.9238766670357402 0 -0.38269035016176234
vn -0.9238766670357402 0 -0.38269035016176234
vn -0.38269035016176234 0 -0.9238766670357402
vn -0.38269035016176234 0 -0.9238766670357402
vn -0.38269035016176234 0 -0.9238766670357402
vn -0.38269035016176234 0 -0.9238766670357402
vn 0 1 0
vn 0 1 0
vn 0 1 0
vn 0 1 0
vn 0 1 0
vn 0 1 0
vn 0 1 0
vn 0 1 0
vn 0.38269035016176234 0 -0.9238766670357402
vn 0.38269035016176234 0 -0.9238766670357402
vn 0.38269035016176234 0 -0.9238766670357402
vn 0.38269035016176234 0 -0.9238766670357402
vn 0.9238766670357402 0 -0.38269035016176234
vn 0.9238766670357402 0 -0.38269035016176234
vn 0.9238766670357402 0 -0.38269035016176234
vn 0.9238766670357402 0 -0.38269035016176234
vn 0 -1 0
vn 0 -1 0
vn 0 -1 0
vn 0 -1 0
vn 0 -1 0
vn 0 -1 0
vn 0 -1 0
vn 0 -1 0
f 225/225/225 226/226/226 223/223/223
f 223/223/223 224/224/224 225/225/225
f 229/229/229 230/230/230 227/227/227
f 227/227/227 228/228/228 229/229/229
f 233/233/233 234/234/234 231/231/231
f 231/231/231 232/232/232 233/233/233
f 236/236/236 238/238/238 235/235/235
f 238/238/238 236/236/236 237/237/237
f 240/240/240 242/242/242 239/239/239
f 242/242/242 240/240/240 241/241/241
f 244/244/244 246/246/246 243/243/243
f 246/246/246 244/244/244 245/245/245
f 248/248/248 254/254/254 247/247/247
f 254/254/254 252/252/252 253/253/253
f 252/252/252 250/250/250 251/251/251
f 250/250/250 248/248/248 249/249/249
f 248/248/248 252/252/252 254/254/254
f 252/252/252 248/248/248 250/250/250
f 256/256/256 258/258/258 255/255/255
f 258/258/258 256/256/256 257/257/257
f 261/261/261 262/262/262 259/259/259
f 259/259/259 260/260/260 261/261/261
f 269/269/269 270/270/270 263/263/263
f 263/263/263 264/264/264 265/265/265
f 265/265/265 266/266/266 267/267/267
f 267/267/267 268/268/268 269/269/269
f 269/269/269 263/263/263 265/265/265
f 265/265/265 267/267/267 269/269/269
o Panel-Mesh_5
usemtl Button_Green
v -0.2655409872531891 1.319221019744873 -0.10664399713277817
v -0.2655409872531891 1.3392210006713867 -0.10664399713277817
v -0.29482999444007874 1.3392210006713867 -0.0359329991042614
v -0.29482999444007874 1.319221019744873 -0.0359329991042614
v -0.29482999444007874 1.319221019744873 -0.0359329991042614
v -0.29482999444007874 1.3392210006713867 -0.0359329991042614
v -0.365541011095047 1.3392210006713867 -0.006643999833613634
v -0.365541011095047 1.319221019744873 -0.006643999833613634
v -0.365541011095047 1.319221019744873 -0.006643999833613634
v -0.365541011095047 1.3392210006713867 -0.006643999833613634
v -0.43625199794769287 1.3392210006713867 -0.0359329991042614
v -0.43625199794769287 1.319221019744873 -0.0359329991042614
v -0.43625199794769287 1.319221019744873 -0.0359329991042614
v -0.43625199794769287 1.3392210006713867 -0.0359329991042614
v -0.4655410051345825 1.3392210006713867 -0.10664399713277817
v -0.4655410051345825 1.319221019744873 -0.10664399713277817
v -0.4655410051345825 1.319221019744873 -0.10664399713277817
v -0.4655410051345825 1.3392210006713867 -0.10664399713277817
v -0.43625199794769287 1.3392210006713867 -0.17735500633716583
v -0.43625199794769287 1.319221019744873 -0.17735500633716583
v -0.43625199794769287 1.319221019744873 -0.17735500633716583
v -0.43625199794769287 1.3392210006713867 -0.17735500633716583
v -0.365541011095047 1.3392210006713867 -0.2066439986228943
v -0.365541011095047 1.319221019744873 -0.2066439986228943
v -0.29482999444007874 1.3392210006713867 -0.0359329991042614
v -0.2655409872531891 1.3392210006713867 -0.10664399713277817
v -0.29482999444007874 1.3392210006713867 -0.17735500633716583
v -0.365541011095047 1.3392210006713867 -0.2066439986228943
v -0.43625199794769287 1.3392210006713867 -0.17735500633716583
v -0.4655410051345825 1.3392210006713867 -0.10664399713277817
v -0.43625199794769287 1.3392210006713867 -0.0359329991042614
v -0.365541011095047 1.3392210006713867 -0.006643999833613634
v -0.365541011095047 1.319221019744873 -0.2066439986228943
v -0.365541011095047 1.3392210006713867 -0.2066439986228943
v -0.29482999444007874 1.3392210006713867 -0.17735500633716583
v -0.29482999444007874 1.319221019744873 -0.17735500633716583
v -0.29482999444007874 1.319221019744873 -0.17735500633716583
v -0.29482999444007874 1.3392210006713867 -0.17735500633716583
v -0.2655409872531891 1.3392210006713867 -0.10664399713277817
v -0.2655409872531891 1.319221019744873 -0.10664399713277817
v -0.2655409872531891 1.319221019744873 -0.10664399713277817
v -0.29482999444007874 1.319221019744873 -0.0359329991042614
v -0.365541011095047 1.319221019744873 -0.006643999833613634
v -0.43625199794769287 1.319221019744873 -0.0359329991042614
v -0.4655410051345825 1.319221019744873 -0.10664399713277817
v -0.43625199794769287 1.319221019744873 -0.17735500633716583
v -0.365541011095047 1.319221019744873 -0.2066439986228943
v -0.29482999444007874 1.319221019744873 -0.17735500633716583
vt 1 0.5
vt 1 1
vt 0.875 1
vt 0.875 0.5
vt 0.875 0.5
vt 0.875 1
vt 0.75 1
vt 0.75 0.5
vt 0.75 0.5
vt 0.75 1
vt 0.625 1
vt 0.625 0.5
vt 0.625 0.5
vt 0.625 1
vt 0.5 1
vt 0.5 0.5
vt 0.5 0.5
vt 0.5 1
vt 0.375 1
vt 0.375 0.5
vt 0.375 0.5
vt 0.375 1
vt 0.25 1
vt 0.25 0.5
vt 0.41970598697662354 0.41970598697662354
vt 0.25 0.49000000953674316
vt 0.08029399812221527 0.41970598697662354
vt 0.009999999776482582 0.25
vt 0.08029399812221527 0.08029401302337646
vt 0.25 0.009999990463256836
vt 0.41970598697662354 0.08029401302337646
vt 0.49000000953674316 0.25
vt 0.25 0.5
vt 0.25 1
vt 0.125 1
vt 0.125 0.5
vt 0.125 0.5
vt 0.125 1
vt 0 1
vt 0 0.5
vt 0.75 0.49000000953674316
vt 0.9197059869766235 0.41970598697662354
vt 0.9900000095367432 0.25
vt 0.9197059869766235 0.08029401302337646
vt 0.75 0.009999990463256836
vt 0.5802940130233765 0.08029401302337646
vt 0.5099999904632568 0.25
vt 0.5802940130233765 0.41970598697662354
vn 0.9238766670357402 0 0.38269035016176234
vn 0.9238766670357402 0 0.38269035016176234
vn 0.9238766670357402 0 0.38269035016176234
vn 0.9238766670357402 0 0.38269035016176234
vn 0.38269035016176234 0 0.9238766670357402
vn 0.38269035016176234 0 0.9238766670357402
vn 0.38269035016176234 0 0.9238766670357402
vn 0.38269035016176234 0 0.9238766670357402
vn -0.38269035016176234 0 0.9238766670357402
vn -0.38269035016176234 0 0.9238766670357402
vn -0.38269035016176234 0 0.9238766670357402
vn -0.38269035016176234 0 0.9238766670357402
vn -0.9238766670357402 0 0.38269035016176234
vn -0.9238766670357402 0 0.38269035016176234
vn -0.9238766670357402 0 0.38269035016176234
vn -0.9238766670357402 0 0.38269035016176234
vn -0.9238766670357402 0 -0.38269035016176234
vn -0.9238766670357402 0 -0.38269035016176234
vn -0.9238766670357402 0 -0.38269035016176234
vn -0.9238766670357402 0 -0.38269035016176234
vn -0.38269035016176234 0 -0.9238766670357402
vn -0.38269035016176234 0 -0.9238766670357402
vn -0.38269035016176234 0 -0.9238766670357402
vn -0.38269035016176234 0 -0.9238766670357402
vn 0 1 0
vn 0 1 0
vn 0 1 0
vn 0 1 0
vn 0 1 0
vn 0 1 0
vn 0 1 0
vn 0 1 0
vn 0.38269035016176234 0 -0.9238766670357402
vn 0.38269035016176234 0 -0.9238766670357402
vn 0.38269035016176234 0 -0.9238766670357402
vn 0.38269035016176234 0 -0.9238766670357402
vn 0.9238766670357402 0 -0.38269035016176234
vn 0.9238766670357402 0 -0.38269035016176234
vn 0.9238766670357402 0 -0.38269035016176234
vn 0.9238766670357402 0 -0.38269035016176234
vn 0 -1 0
vn 0 -1 0
vn 0 -1 0
vn 0 -1 0
vn 0 -1 0
vn 0 -1 0
vn 0 -1 0
vn 0 -1 0
f 273/273/273 274/274/274 271/271/271
f 271/271/271 272/272/272 273/273/273
f 277/277/277 278/278/278 275/275/275
f 275/275/275 276/276/276 277/277/277
f 281/281/281 282/282/282 279/279/279
f 279/279/279 280/280/280 281/281/281
f 284/284/284 286/286/286 283/283/283
f 286/286/286 284/284/284 285/285/285
f 288/288/288 290/290/290 287/287/287
f 290/290/290 288/288/288 289/289/289
f 292/292/292 294/294/294 291/291/291
f 294/294/294 292/292/292 293/293/293
f 296/296/296 302/302/302 295/295/295
f 302/302/302 300/300/300 301/301/301
f 300/300/300 298/298/298 299/299/299
f 298/298/298 296/296/296 297/297/297
f 296/296/296 300/300/300 302/302/302
f 300/300/300 296/296/296 298/298/298
f 304/304/304 306/306/306 303/303/303
f 306/306/306 304/304/304 305/305/305
f 309/309/309 310/310/310 307/307/307
f 307/307/307 308/308/308 309/309/309
f 317/317/317 318/318/318 311/311/311
f 311/311/311 312/312/312 313/313/313
f 313/313/313 314/314/314 315/315/315
f 315/315/315 316/316/316 317/317/317
f 317/317/317 311/311/311 313/313/313
f 313/313/313 315/315/315 317/317/317
o Panel-Mesh_6
usemtl Button_Red
v 0.010453999973833561 1.319221019744873 -0.10664399713277817
v 0.010453999973833561 1.3392210006713867 -0.10664399713277817
v -0.018835000693798065 1.3392210006713867 -0.0359329991042614
v -0.018835000693798065 1.319221019744873 -0.0359329991042614
v -0.018835000693798065 1.319221019744873 -0.0359329991042614
v -0.018835000693798065 1.3392210006713867 -0.0359329991042614
v -0.08954600244760513 1.3392210006713867 -0.006643999833613634
v -0.08954600244760513 1.319221019744873 -0.006643999833613634
v -0.08954600244760513 1.319221019744873 -0.006643999833613634
v -0.08954600244760513 1.3392210006713867 -0.006643999833613634
v -0.1602569967508316 1.3392210006713867 -0.0359329991042614
v -0.1602569967508316 1.319221019744873 -0.0359329991042614
v -0.1602569967508316 1.319221019744873 -0.0359329991042614
v -0.1602569967508316 1.3392210006713867 -0.0359329991042614
v -0.18954600393772125 1.3392210006713867 -0.10664399713277817
v -0.18954600393772125 1.319221019744873 -0.10664399713277817
v -0.18954600393772125 1.319221019744873 -0.10664399713277817
v -0.18954600393772125 1.3392210006713867 -0.10664399713277817
v -0.1602569967508316 1.3392210006713867 -0.17735500633716583
v -0.1602569967508316 1.319221019744873 -0.17735500633716583
v -0.1602569967508316 1.319221019744873 -0.17735500633716583
v -0.1602569967508316 1.3392210006713867 -0.17735500633716583
v -0.08954600244760513 1.3392210006713867 -0.2066439986228943
v -0.08954600244760513 1.319221019744873 -0.2066439986228943
v -0.018835000693798065 1.3392210006713867 -0.0359329991042614
v 0.010453999973833561 1.3392210006713867 -0.10664399713277817
v -0.018835000693798065 1.3392210006713867 -0.17735500633716583
v -0.08954600244760513 1.3392210006713867 -0.2066439986228943
v -0.1602569967508316 1.3392210006713867 -0.17735500633716583
v -0.18954600393772125 1.3392210006713867 -0.10664399713277817
v -0.1602569967508316 1.3392210006713867 -0.0359329991042614
v -0.08954600244760513 1.3392210006713867 -0.006643999833613634
v -0.08954600244760513 1.319221019744873 -0.2066439986228943
v -0.08954600244760513 1.3392210006713867 -0.2066439986228943
v -0.018835000693798065 1.3392210006713867 -0.17735500633716583
v -0.018835000693798065 1.319221019744873 -0.17735500633716583
v -0.018835000693798065 1.319221019744873 -0.17735500633716583
v -0.018835000693798065 1.3392210006713867 -0.17735500633716583
v 0.010453999973833561 1.3392210006713867 -0.10664399713277817
v 0.010453999973833561 1.319221019744873 -0.10664399713277817
v 0.010453999973833561 1.319221019744873 -0.10664399713277817
v -0.018835000693798065 1.319221019744873 -0.0359329991042614
v -0.08954600244760513 1.319221019744873 -0.006643999833613634
v -0.1602569967508316 1.319221019744873 -0.0359329991042614
v -0.18954600393772125 1.319221019744873 -0.10664399713277817
v -0.1602569967508316 1.319221019744873 -0.17735500633716583
v -0.08954600244760513 1.319221019744873 -0.2066439986228943
v -0.018835000693798065 1.319221019744873 -0.17735500633716583
vt 1 0.5
vt 1 1
vt 0.875 1
vt 0.875 0.5
vt 0.875 0.5
vt 0.875 1
vt 0.75 1
vt 0.75 0.5
vt 0.75 0.5
vt 0.75 1
vt 0.625 1
vt 0.625 0.5
vt 0.625 0.5
vt 0.625 1
vt 0.5 1
vt 0.5 0.5
vt 0.5 0.5
vt 0.5 1
vt 0.375 1
vt 0.375 0.5
vt 0.375 0.5
vt 0.375 1
vt 0.25 1
vt 0.25 0.5
vt 0.41970598697662354 0.41970598697662354
vt 0.25 0.49000000953674316
vt 0.08029399812221527 0.41970598697662354
vt 0.009999999776482582 0.25
vt 0.08029399812221527 0.08029401302337646
vt 0.25 0.009999990463256836
vt 0.41970598697662354 0.08029401302337646
vt 0.49000000953674316 0.25
vt 0.25 0.5
vt 0.25 1
vt 0.125 1
vt 0.125 0.5
vt 0.125 0.5
vt 0.125 1
vt 0 1
vt 0 0.5
vt 0.75 0.49000000953674316
vt 0.9197059869766235 0.41970598697662354
vt 0.9900000095367432 0.25
vt 0.9197059869766235 0.08029401302337646
vt 0.75 0.009999990463256836
vt 0.5802940130233765 0.08029401302337646
vt 0.5099999904632568 0.25
vt 0.5802940130233765 0.41970598697662354
vn 0.9238766670357402 0 0.38269035016176234
vn 0.9238766670357402 0 0.38269035016176234
vn 0.9238766670357402 0 0.38269035016176234
vn 0.9238766670357402 0 0.38269035016176234
vn 0.38269035016176234 0 0.9238766670357402
vn 0.38269035016176234 0 0.9238766670357402
vn 0.38269035016176234 0 0.9238766670357402
vn 0.38269035016176234 0 0.9238766670357402
vn -0.38269035016176234 0 0.9238766670357402
vn -0.38269035016176234 0 0.9238766670357402
vn -0.38269035016176234 0 0.9238766670357402
vn -0.38269035016176234 0 0.9238766670357402
vn -0.9238766670357402 0 0.38269035016176234
vn -0.9238766670357402 0 0.38269035016176234
vn -0.9238766670357402 0 0.38269035016176234
vn -0.9238766670357402 0 0.38269035016176234
vn -0.9238766670357402 0 -0.38269035016176234
vn -0.9238766670357402 0 -0.38269035016176234
vn -0.9238766670357402 0 -0.38269035016176234
vn -0.9238766670357402 0 -0.38269035016176234
vn -0.38269035016176234 0 -0.9238766670357402
vn -0.38269035016176234 0 -0.9238766670357402
vn -0.38269035016176234 0 -0.9238766670357402
vn -0.38269035016176234 0 -0.9238766670357402
vn 0 1 0
vn 0 1 0
vn 0 1 0
vn 0 1 0
vn 0 1 0
vn 0 1 0
vn 0 1 0
vn 0 1 0
vn 0.38269035016176234 0 -0.9238766670357402
vn 0.38269035016176234 0 -0.9238766670357402
vn 0.38269035016176234 0 -0.9238766670357402
vn 0.38269035016176234 0 -0.9238766670357402
vn 0.9238766670357402 0 -0.38269035016176234
vn 0.9238766670357402 0 -0.38269035016176234
vn 0.9238766670357402 0 -0.38269035016176234
vn 0.9238766670357402 0 -0.38269035016176234
vn 0 -1 0
vn 0 -1 0
vn 0 -1 0
vn 0 -1 0
vn 0 -1 0
vn 0 -1 0
vn 0 -1 0
vn 0 -1 0
f 321/321/321 322/322/322 319/319/319
f 319/319/319 320/320/320 321/321/321
f 325/325/325 326/326/326 323/323/323
f 323/323/323 324/324/324 325/325/325
f 329/329/329 330/330/330 327/327/327
f 327/327/327 328/328/328 329/329/329
f 332/332/332 334/334/334 331/331/331
f 334/334/334 332/332/332 333/333/333
f 336/336/336 338/338/338 335/335/335
f 338/338/338 336/336/336 337/337/337
f 340/340/340 342/342/342 339/339/339
f 342/342/342 340/340/340 341/341/341
f 344/344/344 350/350/350 343/343/343
f 350/350/350 348/348/348 349/349/349
f 348/348/348 346/346/346 347/347/347
f 346/346/346 344/344/344 345/345/345
f 344/344/344 348/348/348 350/350/350
f 348/348/348 344/344/344 346/346/346
f 352/352/352 354/354/354 351/351/351
f 354/354/354 352/352/352 353/353/353
f 357/357/357 358/358/358 355/355/355
f 355/355/355 356/356/356 357/357/357
f 365/365/365 366/366/366 359/359/359
f 359/359/359 360/360/360 361/361/361
f 361/361/361 362/362/362 363/363/363
f 363/363/363 364/364/364 365/365/365
f 365/365/365 359/359/359 361/361/361
f 361/361/361 363/363/363 365/365/365
o Cylinder
usemtl Crate
v 0 -1.041712999343872 -1
v 0 1.0535730123519897 -1
v 0.19508999586105347 1.0535730123519897 -0.9807850122451782
v 0.19508999586105347 -1.041712999343872 -0.9807850122451782
v 0.5555700063705444 -1.041712999343872 -0.8314700126647949
v 0.5555700063705444 1.0535730123519897 -0.8314700126647949
v 0.7071070075035095 1.0535730123519897 -0.7071070075035095
v 0.7071070075035095 -1.041712999343872 -0.7071070075035095
v 0.7071070075035095 -1.041712999343872 -0.7071070075035095
v 0.7071070075035095 1.0535730123519897 -0.7071070075035095
v 0.8314700126647949 1.0535730123519897 -0.5555700063705444
v 0.8314700126647949 -1.041712999343872 -0.5555700063705444
v 0.8314700126647949 -1.041712999343872 -0.5555700063705444
v 0.8314700126647949 1.0535730123519897 -0.5555700063705444
v 0.9238799810409546 1.0535730123519897 -0.38268300890922546
v 0.9238799810409546 -1.041712999343872 -0.38268300890922546
v 0.9238799810409546 -1.041712999343872 -0.38268300890922546
v 0.9238799810409546 1.0535730123519897 -0.38268300890922546
v 0.9807850122451782 1.0535730123519897 -0.19508999586105347
v 0.9807850122451782 -1.041712999343872 -0.19508999586105347
v 0.9807850122451782 -1.041712999343872 -0.19508999586105347
v 0.9807850122451782 1.0535730123519897 -0.19508999586105347
v 1 1.0535730123519897 0
v 1 -1.041712999343872 0
v 1 -1.041712999343872 0
v 1 1.0535730123519897 0
v 0.9807850122451782 1.0535730123519897 0.19508999586105347
v 0.9807850122451782 -1.041712999343872 0.19508999586105347
v 0.9807850122451782 -1.041712999343872 0.19508999586105347
v 0.9807850122451782 1.0535730123519897 0.19508999586105347
v 0.9238799810409546 1.0535730123519897 0.38268300890922546
v 0.9238799810409546 -1.041712999343872 0.38268300890922546
v 0.9238799810409546 -1.041712999343872 0.38268300890922546
v 0.9238799810409546 1.0535730123519897 0.38268300890922546
v 0.8314700126647949 1.0535730123519897 0.5555700063705444
v 0.8314700126647949 -1.041712999343872 0.5555700063705444
v 0.8314700126647949 -1.041712999343872 0.5555700063705444
v 0.8314700126647949 1.0535730123519897 0.5555700063705444
v 0.7071070075035095 1.0535730123519897 0.7071070075035095
v 0.7071070075035095 -1.041712999343872 0.7071070075035095
v 0.7071070075035095 -1.041712999343872 0.7071070075035095
v 0.7071070075035095 1.0535730123519897 0.7071070075035095
v 0.5555700063705444 1.0535730123519897 0.8314700126647949
v 0.5555700063705444 -1.041712999343872 0.8314700126647949
v 0.5555700063705444 -1.041712999343872 0.8314700126647949
v 0.5555700063705444 1.0535730123519897 0.8314700126647949
v 0.38268300890922546 1.0535730123519897 0.9238799810409546
v 0.38268300890922546 -1.041712999343872 0.9238799810409546
v 0.38268300890922546 -1.041712999343872 0.9238799810409546
v 0.38268300890922546 1.0535730123519897 0.9238799810409546
v 0.19508999586105347 1.0535730123519897 0.9807850122451782
v 0.19508999586105347 -1.041712999343872 0.9807850122451782
v 0.19508999586105347 -1.041712999343872 0.9807850122451782
v 0.19508999586105347 1.0535730123519897 0.9807850122451782
v 0 1.0535730123519897 1
v 0 -1.041712999343872 1
v 0 -1.041712999343872 1
v 0 1.0535730123519897 1
v -0.19508999586105347 1.0535730123519897 0.9807850122451782
v -0.19508999586105347 -1.041712999343872 0.9807850122451782
v -0.19508999586105347 -1.041712999343872 0.9807850122451782
v -0.19508999586105347 1.0535730123519897 0.9807850122451782
v -0.38268300890922546 1.0535730123519897 0.9238799810409546
v -0.38268300890922546 -1.041712999343872 0.9238799810409546
v -0.38268300890922546 -1.041712999343872 0.9238799810409546
v -0.38268300890922546 1.0535730123519897 0.9238799810409546
v -0.5555700063705444 1.0535730123519897 0.8314700126647949
v -0.5555700063705444 -1.041712999343872 0.8314700126647949
v -0.5555700063705444 -1.041712999343872 0.8314700126647949
v -0.5555700063705444 1.0535730123519897 0.8314700126647949
v -0.7071070075035095 1.0535730123519897 0.7071070075035095
v -0.7071070075035095 -1.041712999343872 0.7071070075035095
v -0.7071070075035095 -1.041712999343872 0.7071070075035095
v -0.7071070075035095 1.0535730123519897 0.7071070075035095
v -0.8314700126647949 1.0535730123519897 0.5555700063705444
v -0.8314700126647949 -1.041712999343872 0.5555700063705444
v -0.8314700126647949 -1.041712999343872 0.5555700063705444
v -0.8314700126647949 1.0535730123519897 0.5555700063705444
v -0.9238799810409546 1.0535730123519897 0.38268300890922546
v -0.9238799810409546 -1.041712999343872 0.38268300890922546
v -0.9238799810409546 -1.041712999343872 0.38268300890922546
v -0.9238799810409546 1.0535730123519897 0.38268300890922546
v -0.9807850122451782 1.0535730123519897 0.19508999586105347
v -0.9807850122451782 -1.041712999343872 0.19508999586105347
v -0.9807850122451782 -1.041712999343872 0.19508999586105347
v -0.9807850122451782 1.0535730123519897 0.19508999586105347
v -1 1.0535730123519897 0
v -1 -1.041712999343872 0
v -1 -1.041712999343872 0
v -1 1.0535730123519897 0
v -0.9807850122451782 1.0535730123519897 -0.19508999586105347
v -0.9807850122451782 -1.041712999343872 -0.19508999586105347
v -0.9807850122451782 -1.041712999343872 -0.19508999586105347
v -0.9807850122451782 1.0535730123519897 -0.19508999586105347
v -0.9238799810409546 1.0535730123519897 -0.38268300890922546
v -0.9238799810409546 -1.041712999343872 -0.38268300890922546
v -0.9238799810409546 -1.041712999343872 -0.38268300890922546
v -0.9238799810409546 1.0535730123519897 -0.38268300890922546
v -0.8314700126647949 1.0535730123519897 -0.5555700063705444
v -0.8314700126647949 -1.041712999343872 -0.5555700063705444
v -0.8314700126647949 -1.041712999343872 -0.5555700063705444
v -0.8314700126647949 1.0535730123519897 -0.5555700063705444
v -0.7071070075035095 1.0535730123519897 -0.7071070075035095
v -0.7071070075035095 -1.041712999343872 -0.7071070075035095
v -0.7071070075035095 -1.041712999343872 -0.7071070075035095
v -0.7071070075035095 1.0535730123519897 -0.7071070075035095
v -0.5555700063705444 1.0535730123519897 -0.8314700126647949
v -0.5555700063705444 -1.041712999343872 -0.8314700126647949
v -0.5555700063705444 -1.041712999343872 -0.8314700126647949
v -0.5555700063705444 1.0535730123519897 -0.8314700126647949
v -0.38268300890922546 1.0535730123519897 -0.9238799810409546
v -0.38268300890922546 -1.041712999343872 -0.9238799810409546
v -0.38268300890922546 -1.041712999343872 -0.9238799810409546
v -0.38268300890922546 1.0535730123519897 -0.9238799810409546
v -0.19508999586105347 1.0535730123519897 -0.9807850122451782
v -0.19508999586105347 -1.041712999343872 -0.9807850122451782
v 0.19508999586105347 -1.041712999343872 -0.9807850122451782
v 0.19508999586105347 1.0535730123519897 -0.9807850122451782
v 0.38268300890922546 1.0535730123519897 -0.9238799810409546
v 0.38268300890922546 -1.041712999343872 -0.9238799810409546
v 0.38268300890922546 -1.041712999343872 -0.9238799810409546
v 0.38268300890922546 1.0535730123519897 -0.9238799810409546
v 0.5555700063705444 1.0535730123519897 -0.8314700126647949
v 0.5555700063705444 -1.041712999343872 -0.8314700126647949
v -0.19508999586105347 -1.041712999343872 -0.9807850122451782
v -0.19508999586105347 1.0535730123519897 -0.9807850122451782
v 0 1.0535730123519897 -1
v 0 -1.041712999343872 -1
v 0.19508999586105347 1.0535730123519897 -0.9807850122451782
v 0 1.0535730123519897 -1
v 0 1.25 -0.8026229739189148
v 0.1565839946269989 1.25 -0.7872009873390198
v 0.38268300890922546 1.0535730123519897 -0.9238799810409546
v 0.19508999586105347 1.0535730123519897 -0.9807850122451782
v 0.1565839946269989 1.25 -0.7872009873390198
v 0.3071500062942505 1.25 -0.7415270209312439
v 0.5555700063705444 1.0535730123519897 -0.8314700126647949
v 0.38268300890922546 1.0535730123519897 -0.9238799810409546
v 0.3071500062942505 1.25 -0.7415270209312439
v 0.4459129869937897 1.25 -0.6673570275306702
v 0.7071070075035095 1.0535730123519897 -0.7071070075035095
v 0.5555700063705444 1.0535730123519897 -0.8314700126647949
v 0.4459129869937897 1.25 -0.6673570275306702
v 0.5675399899482727 1.25 -0.5675399899482727
v 0.8314700126647949 1.0535730123519897 -0.5555700063705444
v 0.7071070075035095 1.0535730123519897 -0.7071070075035095
v 0.5675399899482727 1.25 -0.5675399899482727
v 0.6673570275306702 1.25 -0.4459129869937897
v 0.9238799810409546 1.0535730123519897 -0.38268300890922546
v 0.8314700126647949 1.0535730123519897 -0.5555700063705444
v 0.6673570275306702 1.25 -0.4459129869937897
v 0.7415270209312439 1.25 -0.3071500062942505
v 0.9807850122451782 1.0535730123519897 -0.19508999586105347
v 0.9238799810409546 1.0535730123519897 -0.38268300890922546
v 0.7415270209312439 1.25 -0.3071500062942505
v 0.7872009873390198 1.25 -0.1565839946269989
v 1 1.0535730123519897 0
v 0.9807850122451782 1.0535730123519897 -0.19508999586105347
v 0.7872009873390198 1.25 -0.1565839946269989
v 0.8026229739189148 1.25 0
v 0.9807850122451782 1.0535730123519897 0.19508999586105347
v 1 1.0535730123519897 0
v 0.8026229739189148 1.25 0
v 0.7872009873390198 1.25 0.1565839946269989
v 0.9238799810409546 1.0535730123519897 0.38268300890922546
v 0.9807850122451782 1.0535730123519897 0.19508999586105347
v 0.7872009873390198 1.25 0.1565839946269989
v 0.7415270209312439 1.25 0.3071500062942505
v 0.8314700126647949 1.0535730123519897 0.5555700063705444
v 0.9238799810409546 1.0535730123519897 0.38268300890922546
v 0.7415270209312439 1.25 0.3071500062942505
v 0.6673570275306702 1.25 0.4459129869937897
v 0.7071070075035095 1.0535730123519897 0.7071070075035095
v 0.8314700126647949 1.0535730123519897 0.5555700063705444
v 0.6673570275306702 1.25 0.4459129869937897
v 0.5675399899482727 1.25 0.5675399899482727
v 0.5555700063705444 1.0535730123519897 0.8314700126647949
v 0.7071070075035095 1.0535730123519897 0.7071070075035095
v 0.5675399899482727 1.25 0.5675399899482727
v 0.4459129869937897 1.25 0.6673570275306702
v 0.38268300890922546 1.0535730123519897 0.9238799810409546
v 0.5555700063705444 1.0535730123519897 0.8314700126647949
v 0.4459129869937897 1.25 0.6673570275306702
v 0.3071500062942505 1.25 0.7415270209312439
v 0.19508999586105347 1.0535730123519897 0.9807850122451782
v 0.38268300890922546 1.0535730123519897 0.9238799810409546
v 0.3071500062942505 1.25 0.7415270209312439
v 0.1565839946269989 1.25 0.7872009873390198
v 0 1.0535730123519897 1
v 0.19508999586105347 1.0535730123519897 0.9807850122451782
v 0.1565839946269989 1.25 0.7872009873390198
v 0 1.25 0.8026229739189148
v -0.19508999586105347 1.0535730123519897 0.9807850122451782
v 0 1.0535730123519897 1
v 0 1.25 0.8026229739189148
v -0.1565839946269989 1.25 0.7872009873390198
v -0.38268300890922546 1.0535730123519897 0.9238799810409546
v -0.19508999586105347 1.0535730123519897 0.9807850122451782
v -0.1565839946269989 1.25 0.7872009873390198
v -0.3071500062942505 1.25 0.7415270209312439
v -0.5555700063705444 1.0535730123519897 0.8314700126647949
v -0.38268300890922546 1.0535730123519897 0.9238799810409546
v -0.3071500062942505 1.25 0.7415270209312439
v -0.4459129869937897 1.25 0.6673570275306702
v -0.7071070075035095 1.0535730123519897 0.7071070075035095
v -0.5555700063705444 1.0535730123519897 0.8314700126647949
v -0.4459129869937897 1.25 0.6673570275306702
v -0.5675399899482727 1.25 0.5675399899482727
v -0.8314700126647949 1.0535730123519897 0.5555700063705444
v -0.7071070075035095 1.0535730123519897 0.7071070075035095
v -0.5675399899482727 1.25 0.5675399899482727
v -0.6673570275306702 1.25 0.4459129869937897
v -0.9238799810409546 1.0535730123519897 0.38268300890922546
v -0.8314700126647949 1.0535730123519897 0.5555700063705444
v -0.6673570275306702 1.25 0.4459129869937897
v -0.7415270209312439 1.25 0.3071500062942505
v -0.9807850122451782 1.0535730123519897 0.19508999586105347
v -0.9238799810409546 1.0535730123519897 0.38268300890922546
v -0.7415270209312439 1.25 0.3071500062942505
v -0.7872009873390198 1.25 0.1565839946269989
v -1 1.0535730123519897 0
v -0.9807850122451782 1.0535730123519897 0.19508999586105347
v -0.7872009873390198 1.25 0.1565839946269989
v -0.8026229739189148 1.25 0
v -0.9807850122451782 1.0535730123519897 -0.19508999586105347
v -1 1.0535730123519897 0
v -0.8026229739189148 1.25 0
v -0.7872009873390198 1.25 -0.1565839946269989
v -0.9238799810409546 1.0535730123519897 -0.38268300890922546
v -0.9807850122451782 1.0535730123519897 -0.19508999586105347
v -0.7872009873390198 1.25 -0.1565839946269989
v -0.7415270209312439 1.25 -0.3071500062942505
v -0.8314700126647949 1.0535730123519897 -0.5555700063705444
v -0.9238799810409546 1.0535730123519897 -0.38268300890922546
v -0.7415270209312439 1.25 -0.3071500062942505
v -0.6673570275306702 1.25 -0.4459129869937897
v -0.7071070075035095 1.0535730123519897 -0.7071070075035095
v -0.8314700126647949 1.0535730123519897 -0.5555700063705444
v -0.6673570275306702 1.25 -0.4459129869937897
v -0.5675399899482727 1.25 -0.5675399899482727
v -0.5555700063705444 1.0535730123519897 -0.8314700126647949
v -0.7071070075035095 1.0535730123519897 -0.7071070075035095
v -0.5675399899482727 1.25 -0.5675399899482727
v -0.4459129869937897 1.25 -0.6673570275306702
v -0.38268300890922546 1.0535730123519897 -0.9238799810409546
v -0.5555700063705444 1.0535730123519897 -0.8314700126647949
v -0.4459129869937897 1.25 -0.6673570275306702
v -0.3071500062942505 1.25 -0.7415270209312439
v -0.19508999586105347 1.0535730123519897 -0.9807850122451782
v -0.38268300890922546 1.0535730123519897 -0.9238799810409546
v -0.3071500062942505 1.25 -0.7415270209312439
v -0.1565839946269989 1.25 -0.7872009873390198
v 0 1.0535730123519897 -1
v -0.19508999586105347 1.0535730123519897 -0.9807850122451782
v -0.1565839946269989 1.25 -0.7872009873390198
v 0 1.25 -0.8026229739189148
v 0.1565839946269989 1.25 -0.7872009873390198
v 0 1.25 -0.8026229739189148
v -0.1565839946269989 1.25 -0.7872009873390198
v -0.3071500062942505 1.25 -0.7415270209312439
v -0.4459129869937897 1.25 -0.6673570275306702
v -0.5675399899482727 1.25 -0.5675399899482727
v -0.6673570275306702 1.25 -0.4459129869937897
v -0.7415270209312439 1.25 -0.3071500062942505
v -0.7872009873390198 1.25 -0.1565839946269989
v -0.8026229739189148 1.25 0
v -0.7872009873390198 1.25 0.1565839946269989
v -0.7415270209312439 1.25 0.3071500062942505
v -0.6673570275306702 1.25 0.4459129869937897
v -0.5675399899482727 1.25 0.5675399899482727
v -0.4459129869937897 1.25 0.6673570275306702
v -0.3071500062942505 1.25 0.7415270209312439
v -0.1565839946269989 1.25 0.7872009873390198
v 0 1.25 0.8026229739189148
v 0.1565839946269989 1.25 0.7872009873390198
v 0.3071500062942505 1.25 0.7415270209312439
v 0.4459129869937897 1.25 0.6673570275306702
v 0.5675399899482727 1.25 0.5675399899482727
v 0.6673570275306702 1.25 0.4459129869937897
v 0.7415270209312439 1.25 0.3071500062942505
v 0.7872009873390198 1.25 0.1565839946269989
v 0.8026229739189148 1.25 0
v 0.7872009873390198 1.25 -0.1565839946269989
v 0.7415270209312439 1.25 -0.3071500062942505
v 0.6673570275306702 1.25 -0.4459129869937897
v 0.5675399899482727 1.25 -0.5675399899482727
v 0.4459129869937897 1.25 -0.6673570275306702
v 0.3071500062942505 1.25 -0.7415270209312439
v 0 -1.041712999343872 -1
v 0.19508999586105347 -1.041712999343872 -0.9807850122451782
v 0.15425899624824524 -1.25 -0.7755129933357239
v 0 -1.25 -0.7907059788703918
v 0.19508999586105347 -1.041712999343872 -0.9807850122451782
v 0.38268300890922546 -1.041712999343872 -0.9238799810409546
v 0.302590012550354 -1.25 -0.7305170297622681
v 0.15425899624824524 -1.25 -0.7755129933357239
v 0.38268300890922546 -1.041712999343872 -0.9238799810409546
v 0.5555700063705444 -1.041712999343872 -0.8314700126647949
v 0.4392929971218109 -1.25 -0.6574479937553406
v 0.302590012550354 -1.25 -0.7305170297622681
v 0.5555700063705444 -1.041712999343872 -0.8314700126647949
v 0.7071070075035095 -1.041712999343872 -0.7071070075035095
v 0.5591130256652832 -1.25 -0.5591130256652832
v 0.4392929971218109 -1.25 -0.6574479937553406
v 0.7071070075035095 -1.041712999343872 -0.7071070075035095
v 0.8314700126647949 -1.041712999343872 -0.5555700063705444
v 0.6574479937553406 -1.25 -0.4392929971218109
v 0.5591130256652832 -1.25 -0.5591130256652832
v 0.8314700126647949 -1.041712999343872 -0.5555700063705444
v 0.9238799810409546 -1.041712999343872 -0.38268300890922546
v 0.7305170297622681 -1.25 -0.302590012550354
v 0.6574479937553406 -1.25 -0.4392929971218109
v 0.9238799810409546 -1.041712999343872 -0.38268300890922546
v 0.9807850122451782 -1.041712999343872 -0.19508999586105347
v 0.7755129933357239 -1.25 -0.15425899624824524
v 0.7305170297622681 -1.25 -0.302590012550354
v 0.9807850122451782 -1.041712999343872 -0.19508999586105347
v 1 -1.041712999343872 0
v 0.7907059788703918 -1.25 0
v 0.7755129933357239 -1.25 -0.15425899624824524
v 1 -1.041712999343872 0
v 0.9807850122451782 -1.041712999343872 0.19508999586105347
v 0.7755129933357239 -1.25 0.15425899624824524
v 0.7907059788703918 -1.25 0
v 0.9807850122451782 -1.041712999343872 0.19508999586105347
v 0.9238799810409546 -1.041712999343872 0.38268300890922546
v 0.7305170297622681 -1.25 0.302590012550354
v 0.7755129933357239 -1.25 0.15425899624824524
v 0.9238799810409546 -1.041712999343872 0.38268300890922546
v 0.8314700126647949 -1.041712999343872 0.5555700063705444
v 0.6574479937553406 -1.25 0.4392929971218109
v 0.7305170297622681 -1.25 0.302590012550354
v 0.8314700126647949 -1.041712999343872 0.5555700063705444
v 0.7071070075035095 -1.041712999343872 0.7071070075035095
v 0.5591130256652832 -1.25 0.5591130256652832
v 0.6574479937553406 -1.25 0.4392929971218109
v 0.7071070075035095 -1.041712999343872 0.7071070075035095
v 0.5555700063705444 -1.041712999343872 0.8314700126647949
v 0.4392929971218109 -1.25 0.6574479937553406
v 0.5591130256652832 -1.25 0.5591130256652832
v 0.5555700063705444 -1.041712999343872 0.8314700126647949
v 0.38268300890922546 -1.041712999343872 0.9238799810409546
v 0.302590012550354 -1.25 0.7305170297622681
v 0.4392929971218109 -1.25 0.6574479937553406
v 0.38268300890922546 -1.041712999343872 0.9238799810409546
v 0.19508999586105347 -1.041712999343872 0.9807850122451782
v 0.15425899624824524 -1.25 0.7755129933357239
v 0.302590012550354 -1.25 0.7305170297622681
v 0.19508999586105347 -1.041712999343872 0.9807850122451782
v 0 -1.041712999343872 1
v 0 -1.25 0.7907059788703918
v 0.15425899624824524 -1.25 0.7755129933357239
v 0 -1.041712999343872 1
v -0.19508999586105347 -1.041712999343872 0.9807850122451782
v -0.15425899624824524 -1.25 0.7755129933357239
v 0 -1.25 0.7907059788703918
v -0.19508999586105347 -1.041712999343872 0.9807850122451782
v -0.38268300890922546 -1.041712999343872 0.9238799810409546
v -0.302590012550354 -1.25 0.7305170297622681
v -0.15425899624824524 -1.25 0.7755129933357239
v -0.38268300890922546 -1.041712999343872 0.9238799810409546
v -0.5555700063705444 -1.041712999343872 0.8314700126647949
v -0.4392929971218109 -1.25 0.6574479937553406
v -0.302590012550354 -1.25 0.7305170297622681
v -0.5555700063705444 -1.041712999343872 0.8314700126647949
v -0.7071070075035095 -1.041712999343872 0.7071070075035095
v -0.5591130256652832 -1.25 0.5591130256652832
v -0.4392929971218109 -1.25 0.6574479937553406
v -0.7071070075035095 -1.041712999343872 0.7071070075035095
v -0.8314700126647949 -1.041712999343872 0.5555700063705444
v -0.6574479937553406 -1.25 0.4392929971218109
v -0.5591130256652832 -1.25 0.5591130256652832
v -0.8314700126647949 -1.041712999343872 0.5555700063705444
v -0.9238799810409546 -1.041712999343872 0.38268300890922546
v -0.7305170297622681 -1.25 0.302590012550354
v -0.6574479937553406 -1.25 0.4392929971218109
v -0.9238799810409546 -1.041712999343872 0.38268300890922546
v -0.9807850122451782 -1.041712999343872 0.19508999586105347
v -0.7755129933357239 -1.25 0.15425899624824524
v -0.7305170297622681 -1.25 0.302590012550354
v -0.9807850122451782 -1.041712999343872 0.19508999586105347
v -1 -1.041712999343872 0
v -0.7907059788703918 -1.25 0
v -0.7755129933357239 -1.25 0.15425899624824524
v -1 -1.041712999343872 0
v -0.9807850122451782 -1.041712999343872 -0.19508999586105347
v -0.7755129933357239 -1.25 -0.15425899624824524
v -0.7907059788703918 -1.25 0
v -0.9807850122451782 -1.041712999343872 -0.19508999586105347
v -0.9238799810409546 -1.041712999343872 -0.38268300890922546
v -0.7305170297622681 -1.25 -0.302590012550354
v -0.7755129933357239 -1.25 -0.15425899624824524
v -0.9238799810409546 -1.041712999343872 -0.38268300890922546
v -0.8314700126647949 -1.041712999343872 -0.5555700063705444
v -0.6574479937553406 -1.25 -0.4392929971218109
v -0.7305170297622681 -1.25 -0.302590012550354
v -0.8314700126647949 -1.041712999343872 -0.5555700063705444
v -0.7071070075035095 -1.041712999343872 -0.7071070075035095
v -0.5591130256652832 -1.25 -0.5591130256652832
v -0.6574479937553406 -1.25 -0.4392929971218109
v -0.7071070075035095 -1.041712999343872 -0.7071070075035095
v -0.5555700063705444 -1.041712999343872 -0.8314700126647949
v -0.4392929971218109 -1.25 -0.6574479937553406
v -0.5591130256652832 -1.25 -0.5591130256652832
v -0.5555700063705444 -1.041712999343872 -0.8314700126647949
v -0.38268300890922546 -1.041712999343872 -0.9238799810409546
v -0.302590012550354 -1.25 -0.7305170297622681
v -0.4392929971218109 -1.25 -0.6574479937553406
v -0.38268300890922546 -1.041712999343872 -0.9238799810409546
v -0.19508999586105347 -1.041712999343872 -0.9807850122451782
v -0.15425899624824524 -1.25 -0.7755129933357239
v -0.302590012550354 -1.25 -0.7305170297622681
v -0.19508999586105347 -1.041712999343872 -0.9807850122451782
v 0 -1.041712999343872 -1
v 0 -1.25 -0.7907059788703918
v -0.15425899624824524 -1.25 -0.7755129933357239
v 0 -1.25 -0.7907059788703918
v 0.15425899624824524 -1.25 -0.7755129933357239
v 0.302590012550354 -1.25 -0.7305170297622681
v 0.4392929971218109 -1.25 -0.6574479937553406
v 0.5591130256652832 -1.25 -0.5591130256652832
v 0.6574479937553406 -1.25 -0.4392929971218109
v 0.7305170297622681 -1.25 -0.302590012550354
v 0.7755129933357239 -1.25 -0.15425899624824524
v 0.7907059788703918 -1.25 0
v 0.7755129933357239 -1.25 0.15425899624824524
v 0.7305170297622681 -1.25 0.302590012550354
v 0.6574479937553406 -1.25 0.4392929971218109
v 0.5591130256652832 -1.25 0.5591130256652832
v 0.4392929971218109 -1.25 0.6574479937553406
v 0.302590012550354 -1.25 0.7305170297622681
v 0.15425899624824524 -1.25 0.7755129933357239
v 0 -1.25 0.7907059788703918
v -0.15425899624824524 -1.25 0.7755129933357239
v -0.302590012550354 -1.25 0.7305170297622681
v -0.4392929971218109 -1.25 0.6574479937553406
v -0.5591130256652832 -1.25 0.5591130256652832
v -0.6574479937553406 -1.25 0.4392929971218109
v -0.7305170297622681 -1.25 0.302590012550354
v -0.7755129933357239 -1.25 0.15425899624824524
v -0.7907059788703918 -1.25 0
v -0.7755129933357239 -1.25 -0.15425899624824524
v -0.7305170297622681 -1.25 -0.302590012550354
v -0.6574479937553406 -1.25 -0.4392929971218109
v -0.5591130256652832 -1.25 -0.5591130256652832
v -0.4392929971218109 -1.25 -0.6574479937553406
v -0.302590012550354 -1.25 -0.7305170297622681
v -0.15425899624824524 -1.25 -0.7755129933357239
vt 1 0.5416570007801056
vt 1 0.9607149995863438
vt 0.96875 0.9607149995863438
vt 0.96875 0.5416570007801056
vt 0.90625 0.5416570007801056
vt 0.90625 0.9607149995863438
vt 0.875 0.9607149995863438
vt 0.875 0.5416570007801056
vt 0.875 0.5416570007801056
vt 0.875 0.9607149995863438
vt 0.84375 0.9607149995863438
vt 0.84375 0.5416570007801056
vt 0.84375 0.5416570007801056
vt 0.84375 0.9607149995863438
vt 0.8125 0.9607149995863438
vt 0.8125 0.5416570007801056
vt 0.8125 0.5416570007801056
vt 0.8125 0.9607149995863438
vt 0.78125 0.9607149995863438
vt 0.78125 0.5416570007801056
vt 0.78125 0.5416570007801056
vt 0.78125 0.9607149995863438
vt 0.75 0.9607149995863438
vt 0.75 0.5416570007801056
vt 0.75 0.5416570007801056
vt 0.75 0.9607149995863438
vt 0.71875 0.9607149995863438
vt 0.71875 0.5416570007801056
vt 0.71875 0.5416570007801056
vt 0.71875 0.9607149995863438
vt 0.6875 0.9607149995863438
vt 0.6875 0.5416570007801056
vt 0.6875 0.5416570007801056
vt 0.6875 0.9607149995863438
vt 0.65625 0.9607149995863438
vt 0.65625 0.5416570007801056
vt 0.65625 0.5416570007801056
vt 0.65625 0.9607149995863438
vt 0.625 0.9607149995863438
vt 0.625 0.5416570007801056
vt 0.625 0.5416570007801056
vt 0.625 0.9607149995863438
vt 0.59375 0.9607149995863438
vt 0.59375 0.5416570007801056
vt 0.59375 0.5416570007801056
vt 0.59375 0.9607149995863438
vt 0.5625 0.9607149995863438
vt 0.5625 0.5416570007801056
vt 0.5625 0.5416570007801056
vt 0.5625 0.9607149995863438
vt 0.53125 0.9607149995863438
vt 0.53125 0.5416570007801056
vt 0.53125 0.5416570007801056
vt 0.53125 0.9607149995863438
vt 0.5 0.9607149995863438
vt 0.5 0.5416570007801056
vt 0.5 0.5416570007801056
vt 0.5 0.9607149995863438
vt 0.46875 0.9607149995863438
vt 0.46875 0.5416570007801056
vt 0.46875 0.5416570007801056
vt 0.46875 0.9607149995863438
vt 0.4375 0.9607149995863438
vt 0.4375 0.5416570007801056
vt 0.4375 0.5416570007801056
vt 0.4375 0.9607149995863438
vt 0.40625 0.9607149995863438
vt 0.40625 0.5416570007801056
vt 0.40625 0.5416570007801056
vt 0.40625 0.9607149995863438
vt 0.375 0.9607149995863438
vt 0.375 0.5416570007801056
vt 0.375 0.5416570007801056
vt 0.375 0.9607149995863438
vt 0.34375 0.9607149995863438
vt 0.34375 0.5416570007801056
vt 0.34375 0.5416570007801056
vt 0.34375 0.9607149995863438
vt 0.3125 0.9607149995863438
vt 0.3125 0.5416570007801056
vt 0.3125 0.5416570007801056
vt 0.3125 0.9607149995863438
vt 0.28125 0.9607149995863438
vt 0.28125 0.5416570007801056
vt 0.28125 0.5416570007801056
vt 0.28125 0.9607149995863438
vt 0.25 0.9607149995863438
vt 0.25 0.5416570007801056
vt 0.25 0.5416570007801056
vt 0.25 0.9607149995863438
vt 0.21875 0.9607149995863438
vt 0.21875 0.5416570007801056
vt 0.21875 0.5416570007801056
vt 0.21875 0.9607149995863438
vt 0.1875 0.9607149995863438
vt 0.1875 0.5416570007801056
vt 0.1875 0.5416570007801056
vt 0.1875 0.9607149995863438
vt 0.15625 0.9607149995863438
vt 0.15625 0.5416570007801056
vt 0.15625 0.5416570007801056
vt 0.15625 0.9607149995863438
vt 0.125 0.9607149995863438
vt 0.125 0.5416570007801056
vt 0.125 0.5416570007801056
vt 0.125 0.9607149995863438
vt 0.09375 0.9607149995863438
vt 0.09375 0.5416570007801056
vt 0.09375 0.5416570007801056
vt 0.09375 0.9607149995863438
vt 0.0625 0.9607149995863438
vt 0.0625 0.5416570007801056
vt 0.0625 0.5416570007801056
vt 0.0625 0.9607149995863438
vt 0.03125 0.9607149995863438
vt 0.03125 0.5416570007801056
vt 0.96875 0.5416570007801056
vt 0.96875 0.9607149995863438
vt 0.9375 0.9607149995863438
vt 0.9375 0.5416570007801056
vt 0.9375 0.5416570007801056
vt 0.9375 0.9607149995863438
vt 0.90625 0.9607149995863438
vt 0.90625 0.5416570007801056
vt 0.03125 0.5416570007801056
vt 0.03125 0.9607149995863438
vt 0 0.9607149995863438
vt 0 0.5416570007801056
vt 0.2968220114707947 0.48538798093795776
vt 0.25 0.49000000953674316
vt 0.25 0.44262999296188354
vt 0.2875800132751465 0.4389280080795288
vt 0.34184399247169495 0.4717310070991516
vt 0.2968220114707947 0.48538798093795776
vt 0.2875800132751465 0.4389280080795288
vt 0.32371601462364197 0.42796701192855835
vt 0.38333699107170105 0.4495530128479004
vt 0.34184399247169495 0.4717310070991516
vt 0.32371601462364197 0.42796701192855835
vt 0.35701900720596313 0.41016602516174316
vt 0.41970598697662354 0.41970598697662354
vt 0.38333699107170105 0.4495530128479004
vt 0.35701900720596313 0.41016602516174316
vt 0.38620999455451965 0.38621002435684204
vt 0.4495530128479004 0.38333702087402344
vt 0.41970598697662354 0.41970598697662354
vt 0.38620999455451965 0.38621002435684204
vt 0.4101659953594208 0.35701900720596313
vt 0.4717310070991516 0.34184402227401733
vt 0.4495530128479004 0.38333702087402344
vt 0.4101659953594208 0.35701900720596313
vt 0.42796701192855835 0.3237159848213196
vt 0.48538801074028015 0.2968220114707947
vt 0.4717310070991516 0.34184402227401733
vt 0.42796701192855835 0.3237159848213196
vt 0.4389280080795288 0.2875800132751465
vt 0.49000000953674316 0.25
vt 0.48538801074028015 0.2968220114707947
vt 0.4389280080795288 0.2875800132751465
vt 0.44262900948524475 0.25
vt 0.48538801074028015 0.20317798852920532
vt 0.49000000953674316 0.25
vt 0.44262900948524475 0.25
vt 0.4389280080795288 0.21241998672485352
vt 0.4717310070991516 0.15815597772598267
vt 0.48538801074028015 0.20317798852920532
vt 0.4389280080795288 0.21241998672485352
vt 0.42796599864959717 0.17628401517868042
vt 0.4495530128479004 0.11666297912597656
vt 0.4717310070991516 0.15815597772598267
vt 0.42796599864959717 0.17628401517868042
vt 0.4101659953594208 0.14298099279403687
vt 0.41970598697662354 0.08029401302337646
vt 0.4495530128479004 0.11666297912597656
vt 0.4101659953594208 0.14298099279403687
vt 0.38620999455451965 0.11378997564315796
vt 0.38333699107170105 0.05044698715209961
vt 0.41970598697662354 0.08029401302337646
vt 0.38620999455451965 0.11378997564315796
vt 0.35701900720596313 0.08983397483825684
vt 0.34184399247169495 0.02826899290084839
vt 0.38333699107170105 0.05044698715209961
vt 0.35701900720596313 0.08983397483825684
vt 0.32371601462364197 0.07203400135040283
vt 0.2968220114707947 0.014612019062042236
vt 0.34184399247169495 0.02826899290084839
vt 0.32371601462364197 0.07203400135040283
vt 0.2875800132751465 0.06107199192047119
vt 0.25 0.009999990463256836
vt 0.2968220114707947 0.014612019062042236
vt 0.2875800132751465 0.06107199192047119
vt 0.25 0.057370007038116455
vt 0.20317800343036652 0.014612019062042236
vt 0.25 0.009999990463256836
vt 0.25 0.057370007038116455
vt 0.2124200016260147 0.06107199192047119
vt 0.15815599262714386 0.02826899290084839
vt 0.20317800343036652 0.014612019062042236
vt 0.2124200016260147 0.06107199192047119
vt 0.17628400027751923 0.07203400135040283
vt 0.11666300147771835 0.05044698715209961
vt 0.15815599262714386 0.02826899290084839
vt 0.17628400027751923 0.07203400135040283
vt 0.14298099279403687 0.08983397483825684
vt 0.08029399812221527 0.08029401302337646
vt 0.11666300147771835 0.05044698715209961
vt 0.14298099279403687 0.08983397483825684
vt 0.11378999799489975 0.11378997564315796
vt 0.050446998327970505 0.11666297912597656
vt 0.08029399812221527 0.08029401302337646
vt 0.11378999799489975 0.11378997564315796
vt 0.08983399718999863 0.14298099279403687
vt 0.028269000351428986 0.15815597772598267
vt 0.050446998327970505 0.11666297912597656
vt 0.08983399718999863 0.14298099279403687
vt 0.07203400135040283 0.17628401517868042
vt 0.014612000435590744 0.20317798852920532
vt 0.028269000351428986 0.15815597772598267
vt 0.07203400135040283 0.17628401517868042
vt 0.06107199937105179 0.21241998672485352
vt 0.009999999776482582 0.25
vt 0.014612000435590744 0.20317798852920532
vt 0.06107199937105179 0.21241998672485352
vt 0.05736999958753586 0.25
vt 0.014612000435590744 0.2968220114707947
vt 0.009999999776482582 0.25
vt 0.05736999958753586 0.25
vt 0.06107199937105179 0.2875800132751465
vt 0.028269000351428986 0.34184402227401733
vt 0.014612000435590744 0.2968220114707947
vt 0.06107199937105179 0.2875800132751465
vt 0.07203400135040283 0.3237159848213196
vt 0.050446998327970505 0.38333702087402344
vt 0.028269000351428986 0.34184402227401733
vt 0.07203400135040283 0.3237159848213196
vt 0.08983399718999863 0.35701900720596313
vt 0.08029399812221527 0.41970598697662354
vt 0.050446998327970505 0.38333702087402344
vt 0.08983399718999863 0.35701900720596313
vt 0.11378999799489975 0.38621002435684204
vt 0.11666300147771835 0.4495530128479004
vt 0.08029399812221527 0.41970598697662354
vt 0.11378999799489975 0.38621002435684204
vt 0.14298099279403687 0.41016602516174316
vt 0.15815599262714386 0.4717310070991516
vt 0.11666300147771835 0.4495530128479004
vt 0.14298099279403687 0.41016602516174316
vt 0.17628400027751923 0.42796701192855835
vt 0.20317800343036652 0.48538798093795776
vt 0.15815599262714386 0.4717310070991516
vt 0.17628400027751923 0.42796701192855835
vt 0.2124200016260147 0.4389280080795288
vt 0.25 0.49000000953674316
vt 0.20317800343036652 0.48538798093795776
vt 0.2124200016260147 0.4389280080795288
vt 0.25 0.44262999296188354
vt 0.2875800132751465 0.4389280080795288
vt 0.25 0.44262999296188354
vt 0.2124200016260147 0.4389280080795288
vt 0.17628400027751923 0.42796701192855835
vt 0.14298099279403687 0.41016602516174316
vt 0.11378999799489975 0.38621002435684204
vt 0.08983399718999863 0.35701900720596313
vt 0.07203400135040283 0.3237159848213196
vt 0.06107199937105179 0.2875800132751465
vt 0.05736999958753586 0.25
vt 0.06107199937105179 0.21241998672485352
vt 0.07203400135040283 0.17628401517868042
vt 0.08983399718999863 0.14298099279403687
vt 0.11378999799489975 0.11378997564315796
vt 0.14298099279403687 0.08983397483825684
vt 0.17628400027751923 0.07203400135040283
vt 0.2124200016260147 0.06107199192047119
vt 0.25 0.057370007038116455
vt 0.2875800132751465 0.06107199192047119
vt 0.32371601462364197 0.07203400135040283
vt 0.35701900720596313 0.08983397483825684
vt 0.38620999455451965 0.11378997564315796
vt 0.4101659953594208 0.14298099279403687
vt 0.42796599864959717 0.17628401517868042
vt 0.4389280080795288 0.21241998672485352
vt 0.44262900948524475 0.25
vt 0.4389280080795288 0.2875800132751465
vt 0.42796701192855835 0.3237159848213196
vt 0.4101659953594208 0.35701900720596313
vt 0.38620999455451965 0.38621002435684204
vt 0.35701900720596313 0.41016602516174316
vt 0.32371601462364197 0.42796701192855835
vt 1 0.5416570007801056
vt 0.96875 0.5416570007801056
vt 0.9720199704170227 0.5
vt 0.9967300295829773 0.5
vt 0.96875 0.5416570007801056
vt 0.9375 0.5416570007801056
vt 0.9407699704170227 0.5
vt 0.9654800295829773 0.5
vt 0.9375 0.5416570007801056
vt 0.90625 0.5416570007801056
vt 0.9095199704170227 0.5
vt 0.9342300295829773 0.5
vt 0.90625 0.5416570007801056
vt 0.875 0.5416570007801056
vt 0.8782699704170227 0.5
vt 0.9029800295829773 0.5
vt 0.875 0.5416570007801056
vt 0.84375 0.5416570007801056
vt 0.8470199704170227 0.5
vt 0.8717300295829773 0.5
vt 0.84375 0.5416570007801056
vt 0.8125 0.5416570007801056
vt 0.8157699704170227 0.5
vt 0.8404800295829773 0.5
vt 0.8125 0.5416570007801056
vt 0.78125 0.5416570007801056
vt 0.7845199704170227 0.5
vt 0.8092300295829773 0.5
vt 0.78125 0.5416570007801056
vt 0.75 0.5416570007801056
vt 0.7532699704170227 0.5
vt 0.7779800295829773 0.5
vt 0.75 0.5416570007801056
vt 0.71875 0.5416570007801056
vt 0.7220199704170227 0.5
vt 0.7467300295829773 0.5
vt 0.71875 0.5416570007801056
vt 0.6875 0.5416570007801056
vt 0.6907699704170227 0.5
vt 0.7154800295829773 0.5
vt 0.6875 0.5416570007801056
vt 0.65625 0.5416570007801056
vt 0.6595199704170227 0.5
vt 0.6842300295829773 0.5
vt 0.65625 0.5416570007801056
vt 0.625 0.5416570007801056
vt 0.6282699704170227 0.5
vt 0.6529800295829773 0.5
vt 0.625 0.5416570007801056
vt 0.59375 0.5416570007801056
vt 0.5970199704170227 0.5
vt 0.6217300295829773 0.5
vt 0.59375 0.5416570007801056
vt 0.5625 0.5416570007801056
vt 0.5657699704170227 0.5
vt 0.5904800295829773 0.5
vt 0.5625 0.5416570007801056
vt 0.53125 0.5416570007801056
vt 0.5345199704170227 0.5
vt 0.5592300295829773 0.5
vt 0.53125 0.5416570007801056
vt 0.5 0.5416570007801056
vt 0.5032699704170227 0.5
vt 0.5279800295829773 0.5
vt 0.5 0.5416570007801056
vt 0.46875 0.5416570007801056
vt 0.4720200002193451 0.5
vt 0.4967299997806549 0.5
vt 0.46875 0.5416570007801056
vt 0.4375 0.5416570007801056
vt 0.4407700002193451 0.5
vt 0.4654799997806549 0.5
vt 0.4375 0.5416570007801056
vt 0.40625 0.5416570007801056
vt 0.4095200002193451 0.5
vt 0.4342299997806549 0.5
vt 0.40625 0.5416570007801056
vt 0.375 0.5416570007801056
vt 0.3782700002193451 0.5
vt 0.4029799997806549 0.5
vt 0.375 0.5416570007801056
vt 0.34375 0.5416570007801056
vt 0.3470200002193451 0.5
vt 0.3717299997806549 0.5
vt 0.34375 0.5416570007801056
vt 0.3125 0.5416570007801056
vt 0.3157700002193451 0.5
vt 0.3404799997806549 0.5
vt 0.3125 0.5416570007801056
vt 0.28125 0.5416570007801056
vt 0.2845200002193451 0.5
vt 0.3092299997806549 0.5
vt 0.28125 0.5416570007801056
vt 0.25 0.5416570007801056
vt 0.2532700002193451 0.5
vt 0.2779799997806549 0.5
vt 0.25 0.5416570007801056
vt 0.21875 0.5416570007801056
vt 0.2220200002193451 0.5
vt 0.2467299997806549 0.5
vt 0.21875 0.5416570007801056
vt 0.1875 0.5416570007801056
vt 0.1907700002193451 0.5
vt 0.2154799997806549 0.5
vt 0.1875 0.5416570007801056
vt 0.15625 0.5416570007801056
vt 0.1595200002193451 0.5
vt 0.1842299997806549 0.5
vt 0.15625 0.5416570007801056
vt 0.125 0.5416570007801056
vt 0.1282700002193451 0.5
vt 0.1529799997806549 0.5
vt 0.125 0.5416570007801056
vt 0.09375 0.5416570007801056
vt 0.09702000021934509 0.5
vt 0.12172999978065491 0.5
vt 0.09375 0.5416570007801056
vt 0.0625 0.5416570007801056
vt 0.06577000021934509 0.5
vt 0.09047999978065491 0.5
vt 0.0625 0.5416570007801056
vt 0.03125 0.5416570007801056
vt 0.03452000021934509 0.5
vt 0.05922999978065491 0.5
vt 0.03125 0.5416570007801056
vt 0 0.5416570007801056
vt 0.003269999986514449 0.5
vt 0.027979999780654907 0.5
vt 0.75 0.439769983291626
vt 0.7870219945907593 0.4361230134963989
vt 0.8226220011711121 0.425324022769928
vt 0.855430006980896 0.4077879786491394
vt 0.8841869831085205 0.3841869831085205
vt 0.907787024974823 0.355430006980896
vt 0.925324022769928 0.32262200117111206
vt 0.9361230134963989 0.2870219945907593
vt 0.939769983291626 0.25
vt 0.9361230134963989 0.21297800540924072
vt 0.925324022769928 0.17737799882888794
vt 0.907787024974823 0.144569993019104
vt 0.8841869831085205 0.11581301689147949
vt 0.855430006980896 0.092212975025177
vt 0.8226220011711121 0.07467597723007202
vt 0.7870219945907593 0.06387698650360107
vt 0.75 0.06023097038269043
vt 0.7129780054092407 0.06387698650360107
vt 0.6773779988288879 0.07467597723007202
vt 0.644569993019104 0.092212975025177
vt 0.6158130168914795 0.11581301689147949
vt 0.592212975025177 0.144569993019104
vt 0.574675977230072 0.17737799882888794
vt 0.5638769865036011 0.21297800540924072
vt 0.5602309703826904 0.25
vt 0.5638769865036011 0.2870219945907593
vt 0.574675977230072 0.32262200117111206
vt 0.592212975025177 0.355430006980896
vt 0.6158130168914795 0.3841869831085205
vt 0.644569993019104 0.407787024974823
vt 0.6773779988288879 0.425324022769928
vt 0.7129780054092407 0.4361230134963989
vn 0.09799867649047608 0 -0.9951865450286771
vn 0.09799867649047608 0 -0.9951865450286771
vn 0.09799867649047608 0 -0.9951865450286771
vn 0.09799867649047608 0 -0.9951865450286771
vn 0.6344023916671733 0 -0.7730029789379665
vn 0.6344023916671733 0 -0.7730029789379665
vn 0.6344023916671733 0 -0.7730029789379665
vn 0.6344023916671733 0 -0.7730029789379665
vn 0.7730029789379665 0 -0.6344023916671733
vn 0.7730029789379665 0 -0.6344023916671733
vn 0.7730029789379665 0 -0.6344023916671733
vn 0.7730029789379665 0 -0.6344023916671733
vn 0.8819151832671377 0 -0.47140811355224965
vn 0.8819151832671377 0 -0.47140811355224965
vn 0.8819151832671377 0 -0.47140811355224965
vn 0.8819151832671377 0 -0.47140811355224965
vn 0.9569326807607753 0 -0.2903099111156835
vn 0.9569326807607753 0 -0.2903099111156835
vn 0.9569326807607753 0 -0.2903099111156835
vn 0.9569326807607753 0 -0.2903099111156835
vn 0.9951865450286771 0 -0.09799867649047608
vn 0.9951865450286771 0 -0.09799867649047608
vn 0.9951865450286771 0 -0.09799867649047608
vn 0.9951865450286771 0 -0.09799867649047608
vn 0.9951865450286771 0 0.09799867649047608
vn 0.9951865450286771 0 0.09799867649047608
vn 0.9951865450286771 0 0.09799867649047608
vn 0.9951865450286771 0 0.09799867649047608
vn 0.9569326807607753 0 0.2903099111156835
vn 0.9569326807607753 0 0.2903099111156835
vn 0.9569326807607753 0 0.2903099111156835
vn 0.9569326807607753 0 0.2903099111156835
vn 0.8819151832671377 0 0.47140811355224965
vn 0.8819151832671377 0 0.47140811355224965
vn 0.8819151832671377 0 0.47140811355224965
vn 0.8819151832671377 0 0.47140811355224965
vn 0.7730029789379665 0 0.6344023916671733
vn 0.7730029789379665 0 0.6344023916671733
vn 0.7730029789379665 0 0.6344023916671733
vn 0.7730029789379665 0 0.6344023916671733
vn 0.6344023916671733 0 0.7730029789379665
vn 0.6344023916671733 0 0.7730029789379665
vn 0.6344023916671733 0 0.7730029789379665
vn 0.6344023916671733 0 0.7730029789379665
vn 0.47140811355224965 0 0.8819151832671377
vn 0.47140811355224965 0 0.8819151832671377
vn 0.47140811355224965 0 0.8819151832671377
vn 0.47140811355224965 0 0.8819151832671377
vn 0.2903099111156835 0 0.9569326807607753
vn 0.2903099111156835 0 0.9569326807607753
vn 0.2903099111156835 0 0.9569326807607753
vn 0.2903099111156835 0 0.9569326807607753
vn 0.09799867649047608 0 0.9951865450286771
vn 0.09799867649047608 0 0.9951865450286771
vn 0.09799867649047608 0 0.9951865450286771
vn 0.09799867649047608 0 0.9951865450286771
vn -0.09799867649047608 0 0.9951865450286771
vn -0.09799867649047608 0 0.9951865450286771
vn -0.09799867649047608 0 0.9951865450286771
vn -0.09799867649047608 0 0.9951865450286771
vn -0.2903099111156835 0 0.9569326807607753
vn -0.2903099111156835 0 0.9569326807607753
vn -0.2903099111156835 0 0.9569326807607753
vn -0.2903099111156835 0 0.9569326807607753
vn -0.47140811355224965 0 0.8819151832671377
vn -0.47140811355224965 0 0.8819151832671377
vn -0.47140811355224965 0 0.8819151832671377
vn -0.47140811355224965 0 0.8819151832671377
vn -0.6344023916671733 0 0.7730029789379665
vn -0.6344023916671733 0 0.7730029789379665
vn -0.6344023916671733 0 0.7730029789379665
vn -0.6344023916671733 0 0.7730029789379665
vn -0.7730029789379665 0 0.6344023916671733
vn -0.7730029789379665 0 0.6344023916671733
vn -0.7730029789379665 0 0.6344023916671733
vn -0.7730029789379665 0 0.6344023916671733
vn -0.8819151832671377 0 0.47140811355224965
vn -0.8819151832671377 0 0.47140811355224965
vn -0.8819151832671377 0 0.47140811355224965
vn -0.8819151832671377 0 0.47140811355224965
vn -0.9569326807607753 0 0.2903099111156835
vn -0.9569326807607753 0 0.2903099111156835
vn -0.9569326807607753 0 0.2903099111156835
vn -0.9569326807607753 0 0.2903099111156835
vn -0.9951865450286771 0 0.09799867649047608
vn -0.9951865450286771 0 0.09799867649047608
vn -0.9951865450286771 0 0.09799867649047608
vn -0.9951865450286771 0 0.09799867649047608
vn -0.9951865450286771 0 -0.09799867649047608
vn -0.9951865450286771 0 -0.09799867649047608
vn -0.9951865450286771 0 -0.09799867649047608
vn -0.9951865450286771 0 -0.09799867649047608
vn -0.9569326807607753 0 -0.2903099111156835
vn -0.9569326807607753 0 -0.2903099111156835
vn -0.9569326807607753 0 -0.2903099111156835
vn -0.9569326807607753 0 -0.2903099111156835
vn -0.8819151832671377 0 -0.47140811355224965
vn -0.8819151832671377 0 -0.47140811355224965
vn -0.8819151832671377 0 -0.47140811355224965
vn -0.8819151832671377 0 -0.47140811355224965
vn -0.7730029789379665 0 -0.6344023916671733
vn -0.7730029789379665 0 -0.6344023916671733
vn -0.7730029789379665 0 -0.6344023916671733
vn -0.7730029789379665 0 -0.6344023916671733
vn -0.6344023916671733 0 -0.7730029789379665
vn -0.6344023916671733 0 -0.7730029789379665
vn -0.6344023916671733 0 -0.7730029789379665
vn -0.6344023916671733 0 -0.7730029789379665
vn -0.47140811355224965 0 -0.8819151832671377
vn -0.47140811355224965 0 -0.8819151832671377
vn -0.47140811355224965 0 -0.8819151832671377
vn -0.47140811355224965 0 -0.8819151832671377
vn -0.2903099111156835 0 -0.9569326807607753
vn -0.2903099111156835 0 -0.9569326807607753
vn -0.2903099111156835 0 -0.9569326807607753
vn -0.2903099111156835 0 -0.9569326807607753
vn 0.2903099111156835 0 -0.9569326807607753
vn 0.2903099111156835 0 -0.9569326807607753
vn 0.2903099111156835 0 -0.9569326807607753
vn 0.2903099111156835 0 -0.9569326807607753
vn 0.47140811355224965 0 -0.8819151832671377
vn 0.47140811355224965 0 -0.8819151832671377
vn 0.47140811355224965 0 -0.8819151832671377
vn 0.47140811355224965 0 -0.8819151832671377
vn -0.09799867649047608 0 -0.9951865450286771
vn -0.09799867649047608 0 -0.9951865450286771
vn -0.09799867649047608 0 -0.9951865450286771
vn -0.09799867649047608 0 -0.9951865450286771
vn 0.06930046539008577 0.7071047435913081 -0.703704715834268
vn 0.06930046539008577 0.7071047435913081 -0.703704715834268
vn 0.06930046539008577 0.7071047435913081 -0.703704715834268
vn 0.06930046539008577 0.7071047435913081 -0.703704715834268
vn 0.20529369939745706 0.7070782756484837 -0.6766792512658222
vn 0.20529369939745706 0.7070782756484837 -0.6766792512658222
vn 0.20529369939745706 0.7070782756484837 -0.6766792512658222
vn 0.20529369939745706 0.7070782756484837 -0.6766792512658222
vn 0.33330729023099326 0.7071154590441241 -0.6236136447029444
vn 0.33330729023099326 0.7071154590441241 -0.6236136447029444
vn 0.33330729023099326 0.7071154590441241 -0.6236136447029444
vn 0.33330729023099326 0.7071154590441241 -0.6236136447029444
vn 0.4485991335275351 0.7070986089424339 -0.546598915686831
vn 0.4485991335275351 0.7070986089424339 -0.546598915686831
vn 0.4485991335275351 0.7070986089424339 -0.546598915686831
vn 0.4485991335275351 0.7070986089424339 -0.546598915686831
vn 0.546598915686831 0.7070986089424339 -0.4485991335275351
vn 0.546598915686831 0.7070986089424339 -0.4485991335275351
vn 0.546598915686831 0.7070986089424339 -0.4485991335275351
vn 0.546598915686831 0.7070986089424339 -0.4485991335275351
vn 0.6236136447029444 0.7071154590441241 -0.33330729023099326
vn 0.6236136447029444 0.7071154590441241 -0.33330729023099326
vn 0.6236136447029444 0.7071154590441241 -0.33330729023099326
vn 0.6236136447029444 0.7071154590441241 -0.33330729023099326
vn 0.6766792512658222 0.7070782756484837 -0.20529369939745706
vn 0.6766792512658222 0.7070782756484837 -0.20529369939745706
vn 0.6766792512658222 0.7070782756484837 -0.20529369939745706
vn 0.6766792512658222 0.7070782756484837 -0.20529369939745706
vn 0.703704715834268 0.7071047435913081 -0.06930046539008577
vn 0.703704715834268 0.7071047435913081 -0.06930046539008577
vn 0.703704715834268 0.7071047435913081 -0.06930046539008577
vn 0.703704715834268 0.7071047435913081 -0.06930046539008577
vn 0.703704715834268 0.7071047435913081 0.06930046539008577
vn 0.703704715834268 0.7071047435913081 0.06930046539008577
vn 0.703704715834268 0.7071047435913081 0.06930046539008577
vn 0.703704715834268 0.7071047435913081 0.06930046539008577
vn 0.6766792512658222 0.7070782756484837 0.20529369939745706
vn 0.6766792512658222 0.7070782756484837 0.20529369939745706
vn 0.6766792512658222 0.7070782756484837 0.20529369939745706
vn 0.6766792512658222 0.7070782756484837 0.20529369939745706
vn 0.6236136447029444 0.7071154590441241 0.33330729023099326
vn 0.6236136447029444 0.7071154590441241 0.33330729023099326
vn 0.6236136447029444 0.7071154590441241 0.33330729023099326
vn 0.6236136447029444 0.7071154590441241 0.33330729023099326
vn 0.546598915686831 0.7070986089424339 0.4485991335275351
vn 0.546598915686831 0.7070986089424339 0.4485991335275351
vn 0.546598915686831 0.7070986089424339 0.4485991335275351
vn 0.546598915686831 0.7070986089424339 0.4485991335275351
vn 0.4485991335275351 0.7070986089424339 0.546598915686831
vn 0.4485991335275351 0.7070986089424339 0.546598915686831
vn 0.4485991335275351 0.7070986089424339 0.546598915686831
vn 0.4485991335275351 0.7070986089424339 0.546598915686831
vn 0.33330729023099326 0.7071154590441241 0.6236136447029444
vn 0.33330729023099326 0.7071154590441241 0.6236136447029444
vn 0.33330729023099326 0.7071154590441241 0.6236136447029444
vn 0.33330729023099326 0.7071154590441241 0.6236136447029444
vn 0.20529369939745706 0.7070782756484837 0.6766792512658222
vn 0.20529369939745706 0.7070782756484837 0.6766792512658222
vn 0.20529369939745706 0.7070782756484837 0.6766792512658222
vn 0.20529369939745706 0.7070782756484837 0.6766792512658222
vn 0.06930046539008577 0.7071047435913081 0.703704715834268
vn 0.06930046539008577 0.7071047435913081 0.703704715834268
vn 0.06930046539008577 0.7071047435913081 0.703704715834268
vn 0.06930046539008577 0.7071047435913081 0.703704715834268
vn -0.06930046539008577 0.7071047435913081 0.703704715834268
vn -0.06930046539008577 0.7071047435913081 0.703704715834268
vn -0.06930046539008577 0.7071047435913081 0.703704715834268
vn -0.06930046539008577 0.7071047435913081 0.703704715834268
vn -0.20529369939745706 0.7070782756484837 0.6766792512658222
vn -0.20529369939745706 0.7070782756484837 0.6766792512658222
vn -0.20529369939745706 0.7070782756484837 0.6766792512658222
vn -0.20529369939745706 0.7070782756484837 0.6766792512658222
vn -0.33330729023099326 0.7071154590441241 0.6236136447029444
vn -0.33330729023099326 0.7071154590441241 0.6236136447029444
vn -0.33330729023099326 0.7071154590441241 0.6236136447029444
vn -0.33330729023099326 0.7071154590441241 0.6236136447029444
vn -0.4485991335275351 0.7070986089424339 0.546598915686831
vn -0.4485991335275351 0.7070986089424339 0.546598915686831
vn -0.4485991335275351 0.7070986089424339 0.546598915686831
vn -0.4485991335275351 0.7070986089424339 0.546598915686831
vn -0.546598915686831 0.7070986089424339 0.4485991335275351
vn -0.546598915686831 0.7070986089424339 0.4485991335275351
vn -0.546598915686831 0.7070986089424339 0.4485991335275351
vn -0.546598915686831 0.7070986089424339 0.4485991335275351
vn -0.6236136447029444 0.7071154590441241 0.33330729023099326
vn -0.6236136447029444 0.7071154590441241 0.33330729023099326
vn -0.6236136447029444 0.7071154590441241 0.33330729023099326
vn -0.6236136447029444 0.7071154590441241 0.33330729023099326
vn -0.6766792512658222 0.7070782756484837 0.20529369939745706
vn -0.6766792512658222 0.7070782756484837 0.20529369939745706
vn -0.6766792512658222 0.7070782756484837 0.20529369939745706
vn -0.6766792512658222 0.7070782756484837 0.20529369939745706
vn -0.703704715834268 0.7071047435913081 0.06930046539008577
vn -0.703704715834268 0.7071047435913081 0.06930046539008577
vn -0.703704715834268 0.7071047435913081 0.06930046539008577
vn -0.703704715834268 0.7071047435913081 0.06930046539008577
vn -0.703704715834268 0.7071047435913081 -0.06930046539008577
vn -0.703704715834268 0.7071047435913081 -0.06930046539008577
vn -0.703704715834268 0.7071047435913081 -0.06930046539008577
vn -0.703704715834268 0.7071047435913081 -0.06930046539008577
vn -0.6766792512658222 0.7070782756484837 -0.20529369939745706
vn -0.6766792512658222 0.7070782756484837 -0.20529369939745706
vn -0.6766792512658222 0.7070782756484837 -0.20529369939745706
vn -0.6766792512658222 0.7070782756484837 -0.20529369939745706
vn -0.6236136447029444 0.7071154590441241 -0.33330729023099326
vn -0.6236136447029444 0.7071154590441241 -0.33330729023099326
vn -0.6236136447029444 0.7071154590441241 -0.33330729023099326
vn -0.6236136447029444 0.7071154590441241 -0.33330729023099326
vn -0.546598915686831 0.7070986089424339 -0.4485991335275351
vn -0.546598915686831 0.7070986089424339 -0.4485991335275351
vn -0.546598915686831 0.7070986089424339 -0.4485991335275351
vn -0.546598915686831 0.7070986089424339 -0.4485991335275351
vn -0.4485991335275351 0.7070986089424339 -0.546598915686831
vn -0.4485991335275351 0.7070986089424339 -0.546598915686831
vn -0.4485991335275351 0.7070986089424339 -0.546598915686831
vn -0.4485991335275351 0.7070986089424339 -0.546598915686831
vn -0.33330729023099326 0.7071154590441241 -0.6236136447029444
vn -0.33330729023099326 0.7071154590441241 -0.6236136447029444
vn -0.33330729023099326 0.7071154590441241 -0.6236136447029444
vn -0.33330729023099326 0.7071154590441241 -0.6236136447029444
vn -0.20529369939745706 0.7070782756484837 -0.6766792512658222
vn -0.20529369939745706 0.7070782756484837 -0.6766792512658222
vn -0.20529369939745706 0.7070782756484837 -0.6766792512658222
vn -0.20529369939745706 0.7070782756484837 -0.6766792512658222
vn -0.06930046539008577 0.7071047435913081 -0.703704715834268
vn -0.06930046539008577 0.7071047435913081 -0.703704715834268
vn -0.06930046539008577 0.7071047435913081 -0.703704715834268
vn -0.06930046539008577 0.7071047435913081 -0.703704715834268
vn 0 1 0
vn 0 1 0
vn 0 1 0
vn 0 1 0
vn 0 1 0
vn 0 1 0
vn 0 1 0
vn 0 1 0
vn 0 1 0
vn 0 1 0
vn 0 1 0
vn 0 1 0
vn 0 1 0
vn 0 1 0
vn 0 1 0
vn 0 1 0
vn 0 1 0
vn 0 1 0
vn 0 1 0
vn 0 1 0
vn 0 1 0
vn 0 1 0
vn 0 1 0
vn 0 1 0
vn 0 1 0
vn 0 1 0
vn 0 1 0
vn 0 1 0
vn 0 1 0
vn 0 1 0
vn 0 1 0
vn 0 1 0
vn 0.06930046539008577 -0.7071047435913081 -0.703704715834268
vn 0.06930046539008577 -0.7071047435913081 -0.703704715834268
vn 0.06930046539008577 -0.7071047435913081 -0.703704715834268
vn 0.06930046539008577 -0.7071047435913081 -0.703704715834268
vn 0.20529369939745706 -0.7070782756484837 -0.6766792512658222
vn 0.20529369939745706 -0.7070782756484837 -0.6766792512658222
vn 0.20529369939745706 -0.7070782756484837 -0.6766792512658222
vn 0.20529369939745706 -0.7070782756484837 -0.6766792512658222
vn 0.33330729023099326 -0.7071154590441241 -0.6236136447029444
vn 0.33330729023099326 -0.7071154590441241 -0.6236136447029444
vn 0.33330729023099326 -0.7071154590441241 -0.6236136447029444
vn 0.33330729023099326 -0.7071154590441241 -0.6236136447029444
vn 0.4485991335275351 -0.7070986089424339 -0.546598915686831
vn 0.4485991335275351 -0.7070986089424339 -0.546598915686831
vn 0.4485991335275351 -0.7070986089424339 -0.546598915686831
vn 0.4485991335275351 -0.7070986089424339 -0.546598915686831
vn 0.546598915686831 -0.7070986089424339 -0.4485991335275351
vn 0.546598915686831 -0.7070986089424339 -0.4485991335275351
vn 0.546598915686831 -0.7070986089424339 -0.4485991335275351
vn 0.546598915686831 -0.7070986089424339 -0.4485991335275351
vn 0.6236136447029444 -0.7071154590441241 -0.33330729023099326
vn 0.6236136447029444 -0.7071154590441241 -0.33330729023099326
vn 0.6236136447029444 -0.7071154590441241 -0.33330729023099326
vn 0.6236136447029444 -0.7071154590441241 -0.33330729023099326
vn 0.6766792512658222 -0.7070782756484837 -0.20529369939745706
vn 0.6766792512658222 -0.7070782756484837 -0.20529369939745706
vn 0.6766792512658222 -0.7070782756484837 -0.20529369939745706
vn 0.6766792512658222 -0.7070782756484837 -0.20529369939745706
vn 0.703704715834268 -0.7071047435913081 -0.06930046539008577
vn 0.703704715834268 -0.7071047435913081 -0.06930046539008577
vn 0.703704715834268 -0.7071047435913081 -0.06930046539008577
vn 0.703704715834268 -0.7071047435913081 -0.06930046539008577
vn 0.703704715834268 -0.7071047435913081 0.06930046539008577
vn 0.703704715834268 -0.7071047435913081 0.06930046539008577
vn 0.703704715834268 -0.7071047435913081 0.06930046539008577
vn 0.703704715834268 -0.7071047435913081 0.06930046539008577
vn 0.6766792512658222 -0.7070782756484837 0.20529369939745706
vn 0.6766792512658222 -0.7070782756484837 0.20529369939745706
vn 0.6766792512658222 -0.7070782756484837 0.20529369939745706
vn 0.6766792512658222 -0.7070782756484837 0.20529369939745706
vn 0.6236136447029444 -0.7071154590441241 0.33330729023099326
vn 0.6236136447029444 -0.7071154590441241 0.33330729023099326
vn 0.6236136447029444 -0.7071154590441241 0.33330729023099326
vn 0.6236136447029444 -0.7071154590441241 0.33330729023099326
vn 0.546598915686831 -0.7070986089424339 0.4485991335275351
vn 0.546598915686831 -0.7070986089424339 0.4485991335275351
vn 0.546598915686831 -0.7070986089424339 0.4485991335275351
vn 0.546598915686831 -0.7070986089424339 0.4485991335275351
vn 0.4485991335275351 -0.7070986089424339 0.546598915686831
vn 0.4485991335275351 -0.7070986089424339 0.546598915686831
vn 0.4485991335275351 -0.7070986089424339 0.546598915686831
vn 0.4485991335275351 -0.7070986089424339 0.546598915686831
vn 0.33330729023099326 -0.7071154590441241 0.6236136447029444
vn 0.33330729023099326 -0.7071154590441241 0.6236136447029444
vn 0.33330729023099326 -0.7071154590441241 0.6236136447029444
vn 0.33330729023099326 -0.7071154590441241 0.6236136447029444
vn 0.20529369939745706 -0.7070782756484837 0.6766792512658222
vn 0.20529369939745706 -0.7070782756484837 0.6766792512658222
vn 0.20529369939745706 -0.7070782756484837 0.6766792512658222
vn 0.20529369939745706 -0.7070782756484837 0.6766792512658222
vn 0.06930046539008577 -0.7071047435913081 0.703704715834268
vn 0.06930046539008577 -0.7071047435913081 0.703704715834268
vn 0.06930046539008577 -0.7071047435913081 0.703704715834268
vn 0.06930046539008577 -0.7071047435913081 0.703704715834268
vn -0.06930046539008577 -0.7071047435913081 0.703704715834268
vn -0.06930046539008577 -0.7071047435913081 0.703704715834268
vn -0.06930046539008577 -0.7071047435913081 0.703704715834268
vn -0.06930046539008577 -0.7071047435913081 0.703704715834268
vn -0.20529369939745706 -0.7070782756484837 0.6766792512658222
vn -0.20529369939745706 -0.7070782756484837 0.6766792512658222
vn -0.20529369939745706 -0.7070782756484837 0.6766792512658222
vn -0.20529369939745706 -0.7070782756484837 0.6766792512658222
vn -0.33330729023099326 -0.7071154590441241 0.6236136447029444
vn -0.33330729023099326 -0.7071154590441241 0.6236136447029444
vn -0.33330729023099326 -0.7071154590441241 0.6236136447029444
vn -0.33330729023099326 -0.7071154590441241 0.6236136447029444
vn -0.4485991335275351 -0.7070986089424339 0.546598915686831
vn -0.4485991335275351 -0.7070986089424339 0.546598915686831
vn -0.4485991335275351 -0.7070986089424339 0.546598915686831
vn -0.4485991335275351 -0.7070986089424339 0.546598915686831
vn -0.546598915686831 -0.7070986089424339 0.4485991335275351
vn -0.546598915686831 -0.7070986089424339 0.4485991335275351
vn -0.546598915686831 -0.7070986089424339 0.4485991335275351
vn -0.546598915686831 -0.7070986089424339 0.4485991335275351
vn -0.6236136447029444 -0.7071154590441241 0.33330729023099326
vn -0.6236136447029444 -0.7071154590441241 0.33330729023099326
vn -0.6236136447029444 -0.7071154590441241 0.33330729023099326
vn -0.6236136447029444 -0.7071154590441241 0.33330729023099326
vn -0.6766792512658222 -0.7070782756484837 0.20529369939745706
vn -0.6766792512658222 -0.7070782756484837 0.20529369939745706
vn -0.6766792512658222 -0.7070782756484837 0.20529369939745706
vn -0.6766792512658222 -0.7070782756484837 0.20529369939745706
vn -0.703704715834268 -0.7071047435913081 0.06930046539008577
vn -0.703704715834268 -0.7071047435913081 0.06930046539008577
vn -0.703704715834268 -0.7071047435913081 0.06930046539008577
vn -0.703704715834268 -0.7071047435913081 0.06930046539008577
vn -0.703704715834268 -0.7071047435913081 -0.06930046539008577
vn -0.703704715834268 -0.7071047435913081 -0.06930046539008577
vn -0.703704715834268 -0.7071047435913081 -0.06930046539008577
vn -0.703704715834268 -0.7071047435913081 -0.06930046539008577
vn -0.6766792512658222 -0.7070782756484837 -0.20529369939745706
vn -0.6766792512658222 -0.7070782756484837 -0.20529369939745706
vn -0.6766792512658222 -0.7070782756484837 -0.20529369939745706
vn -0.6766792512658222 -0.7070782756484837 -0.20529369939745706
vn -0.6236136447029444 -0.7071154590441241 -0.33330729023099326
vn -0.6236136447029444 -0.7071154590441241 -0.33330729023099326
vn -0.6236136447029444 -0.7071154590441241 -0.33330729023099326
vn -0.6236136447029444 -0.7071154590441241 -0.33330729023099326
vn -0.546598915686831 -0.7070986089424339 -0.4485991335275351
vn -0.546598915686831 -0.7070986089424339 -0.4485991335275351
vn -0.546598915686831 -0.7070986089424339 -0.4485991335275351
vn -0.546598915686831 -0.7070986089424339 -0.4485991335275351
vn -0.4485991335275351 -0.7070986089424339 -0.546598915686831
vn -0.4485991335275351 -0.7070986089424339 -0.546598915686831
vn -0.4485991335275351 -0.7070986089424339 -0.546598915686831
vn -0.4485991335275351 -0.7070986089424339 -0.546598915686831
vn -0.33330729023099326 -0.7071154590441241 -0.6236136447029444
vn -0.33330729023099326 -0.7071154590441241 -0.6236136447029444
vn -0.33330729023099326 -0.7071154590441241 -0.6236136447029444
vn -0.33330729023099326 -0.7071154590441241 -0.6236136447029444
vn -0.20529369939745706 -0.7070782756484837 -0.6766792512658222
vn -0.20529369939745706 -0.7070782756484837 -0.6766792512658222
vn -0.20529369939745706 -0.7070782756484837 -0.6766792512658222
vn -0.20529369939745706 -0.7070782756484837 -0.6766792512658222
vn -0.06930046539008577 -0.7071047435913081 -0.703704715834268
vn -0.06930046539008577 -0.7071047435913081 -0.703704715834268
vn -0.06930046539008577 -0.7071047435913081 -0.703704715834268
vn -0.06930046539008577 -0.7071047435913081 -0.703704715834268
vn 0 -1 0
vn 0 -1 0
vn 0 -1 0
vn 0 -1 0
vn 0 -1 0
vn 0 -1 0
vn 0 -1 0
vn 0 -1 0
vn 0 -1 0
vn 0 -1 0
vn 0 -1 0
vn 0 -1 0
vn 0 -1 0
vn 0 -1 0
vn 0 -1 0
vn 0 -1 0
vn 0 -1 0
vn 0 -1 0
vn 0 -1 0
vn 0 -1 0
vn 0 -1 0
vn 0 -1 0
vn 0 -1 0
vn 0 -1 0
vn 0 -1 0
vn 0 -1 0
vn 0 -1 0
vn 0 -1 0
vn 0 -1 0
vn 0 -1 0
vn 0 -1 0
vn 0 -1 0
f 368/368/368 370/370/370 367/367/367
f 370/370/370 368/368/368 369/369/369
f 372/372/372 374/374/374 371/371/371
f 374/374/374 372/372/372 373/373/373
f 377/377/377 378/378/378 375/375/375
f 375/375/375 376/376/376 377/377/377
f 381/381/381 382/382/382 379/379/379
f 379/379/379 380/380/380 381/381/381
f 385/385/385 386/386/386 383/383/383
f 383/383/383 384/384/384 385/385/385
f 389/389/389 390/390/390 387/387/387
f 387/387/387 388/388/388 389/389/389
f 393/393/393 394/394/394 391/391/391
f 391/391/391 392/392/392 393/393/393
f 397/397/397 398/398/398 395/395/395
f 395/395/395 396/396/396 397/397/397
f 401/401/401 402/402/402 399/399/399
f 399/399/399 400/400/400 401/401/401
f 405/405/405 406/406/406 403/403/403
f 403/403/403 404/404/404 405/405/405
f 409/409/409 410/410/410 407/407/407
f 407/407/407 408/408/408 409/409/409
f 413/413/413 414/414/414 411/411/411
f 411/411/411 412/412/412 413/413/413
f 417/417/417 418/418/418 415/415/415
f 415/415/415 416/416/416 417/417/417
f 421/421/421 422/422/422 419/419/419
f 419/419/419 420/420/420 421/421/421
f 425/425/425 426/426/426 423/423/423
f 423/423/423 424/424/424 425/425/425
f 429/429/429 430/430/430 427/427/427
f 427/427/427 428/428/428 429/429/429
f 433/433/433 434/434/434 431/431/431
f 431/431/431 432/432/432 433/433/433
f 437/437/437 438/438/438 435/435/435
f 435/435/435 436/436/436 437/437/437
f 440/440/440 442/442/442 439/439/439
f 442/442/442 440/440/440 441/441/441
f 444/444/444 446/446/446 443/443/443
f 446/446/446 444/444/444 445/445/445
f 448/448/448 450/450/450 447/447/447
f 450/450/450 448/448/448 449/449/449
f 452/452/452 454/454/454 451/451/451
f 454/454/454 452/452/452 453/453/453
f 456/456/456 458/458/458 455/455/455
f 458/458/458 456/456/456 457/457/457
f 460/460/460 462/462/462 459/459/459
f 462/462/462 460/460/460 461/461/461
f 464/464/464 466/466/466 463/463/463
f 466/466/466 464/464/464 465/465/465
f 468/468/468 470/470/470 467/467/467
f 470/470/470 468/468/468 469/469/469
f 472/472/472 474/474/474 471/471/471
f 474/474/474 472/472/472 473/473/473
f 476/476/476 478/478/478 475/475/475
f 478/478/478 476/476/476 477/477/477
f 480/480/480 482/482/482 479/479/479
f 482/482/482 480/480/480 481/481/481
f 484/484/484 486/486/486 483/483/483
f 486/486/486 484/484/484 485/485/485
f 488/488/488 490/490/490 487/487/487
f 490/490/490 488/488/488 489/489/489
f 492/492/492 494/494/494 491/491/491
f 494/494/494 492/492/492 493/493/493
f 496/496/496 498/498/498 495/495/495
f 498/498/498 496/496/496 497/497/497
f 500/500/500 502/502/502 499/499/499
f 502/502/502 500/500/500 501/501/501
f 504/504/504 506/506/506 503/503/503
f 506/506/506 504/504/504 505/505/505
f 508/508/508 510/510/510 507/507/507
f 510/510/510 508/508/508 509/509/509
f 513/513/513 514/514/514 511/511/511
f 511/511/511 512/512/512 513/513/513
f 517/517/517 518/518/518 515/515/515
f 515/515/515 516/516/516 517/517/517
f 521/521/521 522/522/522 519/519/519
f 519/519/519 520/520/520 521/521/521
f 525/525/525 526/526/526 523/523/523
f 523/523/523 524/524/524 525/525/525
f 529/529/529 530/530/530 527/527/527
f 527/527/527 528/528/528 529/529/529
f 533/533/533 534/534/534 531/531/531
f 531/531/531 532/532/532 533/533/533
f 537/537/537 538/538/538 535/535/535
f 535/535/535 536/536/536 537/537/537
f 541/541/541 542/542/542 539/539/539
f 539/539/539 540/540/540 541/541/541
f 545/545/545 546/546/546 543/543/543
f 543/543/543 544/544/544 545/545/545
f 549/549/549 550/550/550 547/547/547
f 547/547/547 548/548/548 549/549/549
f 553/553/553 554/554/554 551/551/551
f 551/551/551 552/552/552 553/553/553
f 557/557/557 558/558/558 555/555/555
f 555/555/555 556/556/556 557/557/557
f 561/561/561 562/562/562 559/559/559
f 559/559/559 560/560/560 561/561/561
f 565/565/565 566/566/566 563/563/563
f 563/563/563 564/564/564 565/565/565
f 569/569/569 570/570/570 567/567/567
f 567/567/567 568/568/568 569/569/569
f 573/573/573 574/574/574 571/571/571
f 571/571/571 572/572/572 573/573/573
f 576/576/576 578/578/578 575/575/575
f 578/578/578 576/576/576 577/577/577
f 580/580/580 582/582/582 579/579/579
f 582/582/582 580/580/580 581/581/581
f 584/584/584 586/586/586 583/583/583
f 586/586/586 584/584/584 585/585/585
f 588/588/588 590/590/590 587/587/587
f 590/590/590 588/588/588 589/589/589
f 592/592/592 594/594/594 591/591/591
f 594/594/594 592/592/592 593/593/593
f 596/596/596 598/598/598 595/595/595
f 598/598/598 596/596/596 597/597/597
f 600/600/600 602/602/602 599/599/599
f 602/602/602 600/600/600 601/601/601
f 604/604/604 606/606/606 603/603/603
f 606/606/606 604/604/604 605/605/605
f 608/608/608 610/610/610 607/607/607
f 610/610/610 608/608/608 609/609/609
f 612/612/612 614/614/614 611/611/611
f 614/614/614 612/612/612 613/613/613
f 616/616/616 618/618/618 615/615/615
f 618/618/618 616/616/616 617/617/617
f 620/620/620 622/622/622 619/619/619
f 622/622/622 620/620/620 621/621/621
f 624/624/624 654/654/654 623/623/623
f 654/654/654 652/652/652 653/653/653
f 652/652/652 650/650/650 651/651/651
f 650/650/650 648/648/648 649/649/649
f 648/648/648 646/646/646 647/647/647
f 646/646/646 644/644/644 645/645/645
f 644/644/644 642/642/642 643/643/643
f 642/642/642 640/640/640 641/641/641
f 640/640/640 638/638/638 639/639/639
f 638/638/638 636/636/636 637/637/637
f 636/636/636 634/634/634 635/635/635
f 634/634/634 632/632/632 633/633/633
f 632/632/632 630/630/630 631/631/631
f 630/630/630 628/628/628 629/629/629
f 628/628/628 626/626/626 627/627/627
f 626/626/626 624/624/624 625/625/625
f 624/624/624 652/652/652 654/654/654
f 652/652/652 648/648/648 650/650/650
f 648/648/648 644/644/644 646/646/646
f 644/644/644 640/640/640 642/642/642
f 640/640/640 636/636/636 638/638/638
f 636/636/636 632/632/632 634/634/634
f 632/632/632 628/628/628 630/630/630
f 628/628/628 624/624/624 626/626/626
f 624/624/624 648/648/648 652/652/652
f 648/648/648 640/640/640 644/644/644
f 640/640/640 632/632/632 636/636/636
f 632/632/632 624/624/624 628/628/628
f 624/624/624 640/640/640 648/648/648
f 640/640/640 624/624/624 632/632/632
f 656/656/656 658/658/658 655/655/655
f 658/658/658 656/656/656 657/657/657
f 660/660/660 662/662/662 659/659/659
f 662/662/662 660/660/660 661/661/661
f 664/664/664 666/666/666 663/663/663
f 666/666/666 664/664/664 665/665/665
f 668/668/668 670/670/670 667/667/667
f 670/670/670 668/668/668 669/669/669
f 673/673/673 674/674/674 671/671/671
f 671/671/671 672/672/672 673/673/673
f 677/677/677 678/678/678 675/675/675
f 675/675/675 676/676/676 677/677/677
f 681/681/681 682/682/682 679/679/679
f 679/679/679 680/680/680 681/681/681
f 685/685/685 686/686/686 683/683/683
f 683/683/683 684/684/684 685/685/685
f 689/689/689 690/690/690 687/687/687
f 687/687/687 688/688/688 689/689/689
f 693/693/693 694/694/694 691/691/691
f 691/691/691 692/692/692 693/693/693
f 697/697/697 698/698/698 695/695/695
f 695/695/695 696/696/696 697/697/697
f 701/701/701 702/702/702 699/699/699
f 699/699/699 700/700/700 701/701/701
f 705/705/705 706/706/706 703/703/703
f 703/703/703 704/704/704 705/705/705
f 709/709/709 710/710/710 707/707/707
f 707/707/707 708/708/708 709/709/709
f 713/713/713 714/714/714 711/711/711
f 711/711/711 712/712/712 713/713/713
f 717/717/717 718/718/718 715/715/715
f 715/715/715 716/716/716 717/717/717
f 721/721/721 722/722/722 719/719/719
f 719/719/719 720/720/720 721/721/721
f 725/725/725 726/726/726 723/723/723
f 723/723/723 724/724/724 725/725/725
f 729/729/729 730/730/730 727/727/727
f 727/727/727 728/728/728 729/729/729
f 733/733/733 734/734/734 731/731/731
f 731/731/731 732/732/732 733/733/733
f 736/736/736 738/738/738 735/735/735
f 738/738/738 736/736/736 737/737/737
f 740/740/740 742/742/742 739/739/739
f 742/742/742 740/740/740 741/741/741
f 744/744/744 746/746/746 743/743/743
f 746/746/746 744/744/744 745/745/745
f 748/748/748 750/750/750 747/747/747
f 750/750/750 748/748/748 749/749/749
f 752/752/752 754/754/754 751/751/751
f 754/754/754 752/752/752 753/753/753
f 756/756/756 758/758/758 755/755/755
f 758/758/758 756/756/756 757/757/757
f 760/760/760 762/762/762 759/759/759
f 762/762/762 760/760/760 761/761/761
f 764/764/764 766/766/766 763/763/763
f 766/766/766 764/764/764 765/765/765
f 768/768/768 770/770/770 767/767/767
f 770/770/770 768/768/768 769/769/769
f 772/772/772 774/774/774 771/771/771
f 774/774/774 772/772/772 773/773/773
f 776/776/776 778/778/778 775/775/775
f 778/778/778 776/776/776 777/777/777
f 780/780/780 782/782/782 779/779/779
f 782/782/782 780/780/780 781/781/781
f 813/813/813 814/814/814 783/783/783
f 783/783/783 784/784/784 785/785/785
f 785/785/785 786/786/786 787/787/787
f 787/787/787 788/788/788 789/789/789
f 789/789/789 790/790/790 791/791/791
f 791/791/791 792/792/792 793/793/793
f 793/793/793 794/794/794 795/795/795
f 795/795/795 796/796/796 797/797/797
f 797/797/797 798/798/798 799/799/799
f 799/799/799 800/800/800 801/801/801
f 801/801/801 802/802/802 803/803/803
f 803/803/803 804/804/804 805/805/805
f 805/805/805 806/806/806 807/807/807
f 807/807/807 808/808/808 809/809/809
f 809/809/809 810/810/810 811/811/811
f 811/811/811 812/812/812 813/813/813
f 813/813/813 783/783/783 785/785/785
f 785/785/785 787/787/787 789/789/789
f 789/789/789 791/791/791 793/793/793
f 793/793/793 795/795/795 797/797/797
f 797/797/797 799/799/799 801/801/801
f 801/801/801 803/803/803 805/805/805
f 805/805/805 807/807/807 809/809/809
f 809/809/809 811/811/811 813/813/813
f 813/813/813 785/785/785 789/789/789
f 789/789/789 793/793/793 797/797/797
f 797/797/797 801/801/801 805/805/805
f 805/805/805 809/809/809 813/813/813
f 813/813/813 789/789/789 797/797/797
f 797/797/797 805/805/805 813/813/813
o Cube
usemtl Crate
v 1 -1.0499999523162842 0.05000000074505806
v 1 1.0499999523162842 0.05000000074505806
v 1 1.0499999523162842 -0.05000000074505806
v 1 -1.0499999523162842 -0.05000000074505806
v 1 -1.0499999523162842 -0.05000000074505806
v 1 1.0499999523162842 -0.05000000074505806
v 1.100000023841858 1.0499999523162842 -0.05000000074505806
v 1.100000023841858 -1.0499999523162842 -0.05000000074505806
v 1.100000023841858 -1.0499999523162842 -0.05000000074505806
v 1.100000023841858 1.0499999523162842 -0.05000000074505806
v 1.100000023841858 1.0499999523162842 0.05000000074505806
v 1.100000023841858 -1.0499999523162842 0.05000000074505806
v 1.100000023841858 -1.0499999523162842 0.05000000074505806
v 1.100000023841858 1.0499999523162842 0.05000000074505806
v 1 1.0499999523162842 0.05000000074505806
v 1 -1.0499999523162842 0.05000000074505806
v 1 -1.0499999523162842 -0.05000000074505806
v 1.100000023841858 -1.0499999523162842 -0.05000000074505806
v 1.100000023841858 -1.0499999523162842 0.05000000074505806
v 1 -1.0499999523162842 0.05000000074505806
v 1.100000023841858 1.0499999523162842 -0.05000000074505806
v 1 1.0499999523162842 -0.05000000074505806
v 1 1.0499999523162842 0.05000000074505806
v 1.100000023841858 1.0499999523162842 0.05000000074505806
vt 0.375 0
vt 0.625 0
vt 0.625 0.25
vt 0.375 0.25
vt 0.375 0.25
vt 0.625 0.25
vt 0.625 0.5
vt 0.375 0.5
vt 0.375 0.5
vt 0.625 0.5
vt 0.625 0.75
vt 0.375 0.75
vt 0.375 0.75
vt 0.625 0.75
vt 0.625 1
vt 0.375 1
vt 0.125 0.5
vt 0.375 0.5
vt 0.375 0.75
vt 0.125 0.75
vt 0.625 0.5
vt 0.875 0.5
vt 0.875 0.75
vt 0.625 0.75
vn -1 0 0
vn -1 0 0
vn -1 0 0
vn -1 0 0
vn 0 0 -1
vn 0 0 -1
vn 0 0 -1
vn 0 0 -1
vn 1 0 0
vn 1 0 0
vn 1 0 0
vn 1 0 0
vn 0 0 1
vn 0 0 1
vn 0 0 1
vn 0 0 1
vn 0 -1 0
vn 0 -1 0
vn 0 -1 0
vn 0 -1 0
vn 0 1 0
vn 0 1 0
vn 0 1 0
vn 0 1 0
f 816/816/816 818/818/818 815/815/815
f 818/818/818 816/816/816 817/817/817
f 820/820/820 822/822/822 819/819/819
f 822/822/822 820/820/820 821/821/821
f 825/825/825 826/826/826 823/823/823
f 823/823/823 824/824/824 825/825/825
f 829/829/829 830/830/830 827/827/827
f 827/827/827 828/828/828 829/829/829
f 833/833/833 834/834/834 831/831/831
f 831/831/831 832/832/832 833/833/833
f 836/836/836 838/838/838 835/835/835
f 838/838/838 836/836/836 837/837/837
o Cube001
usemtl Crate
v 0.9663779735565186 -1.0499999523162842 0.23954099416732788
v 0.9663779735565186 1.0499999523162842 0.23954099416732788
v 0.98545902967453 1.0499999523162842 0.1413780003786087
v 0.98545902967453 -1.0499999523162842 0.1413780003786087
v 0.98545902967453 -1.0499999523162842 0.1413780003786087
v 0.98545902967453 1.0499999523162842 0.1413780003786087
v 1.0836219787597656 1.0499999523162842 0.1604589968919754
v 1.0836219787597656 -1.0499999523162842 0.1604589968919754
v 1.0836219787597656 -1.0499999523162842 0.1604589968919754
v 1.0836219787597656 1.0499999523162842 0.1604589968919754
v 1.064540982246399 1.0499999523162842 0.2586219906806946
v 1.064540982246399 -1.0499999523162842 0.2586219906806946
v 1.064540982246399 -1.0499999523162842 0.2586219906806946
v 1.064540982246399 1.0499999523162842 0.2586219906806946
v 0.9663779735565186 1.0499999523162842 0.23954099416732788
v 0.9663779735565186 -1.0499999523162842 0.23954099416732788
v 0.98545902967453 -1.0499999523162842 0.1413780003786087
v 1.0836219787597656 -1.0499999523162842 0.1604589968919754
v 1.064540982246399 -1.0499999523162842 0.2586219906806946
v 0.9663779735565186 -1.0499999523162842 0.23954099416732788
v 1.0836219787597656 1.0499999523162842 0.1604589968919754
v 0.98545902967453 1.0499999523162842 0.1413780003786087
v 0.9663779735565186 1.0499999523162842 0.23954099416732788
v 1.064540982246399 1.0499999523162842 0.2586219906806946
vt 0.375 0
vt 0.625 0
vt 0.625 0.25
vt 0.375 0.25
vt 0.375 0.25
vt 0.625 0.25
vt 0.625 0.5
vt 0.375 0.5
vt 0.375 0.5
vt 0.625 0.5
vt 0.625 0.75
vt 0.375 0.75
vt 0.375 0.75
vt 0.625 0.75
vt 0.625 1
vt 0.375 1
vt 0.125 0.5
vt 0.375 0.5
vt 0.375 0.75
vt 0.125 0.75
vt 0.625 0.5
vt 0.875 0.5
vt 0.875 0.75
vt 0.625 0.75
vn -0.9816278784843327 0 -0.19080541968809006
vn -0.9816278784843327 0 -0.19080541968809006
vn -0.9816278784843327 0 -0.19080541968809006
vn -0.9816278784843327 0 -0.19080541968809006
vn 0.19080541968809006 0 -0.9816278784843327
vn 0.19080541968809006 0 -0.9816278784843327
vn 0.19080541968809006 0 -0.9816278784843327
vn 0.19080541968809006 0 -0.9816278784843327
vn 0.9816278784843327 0 0.19080541968809006
vn 0.9816278784843327 0 0.19080541968809006
vn 0.9816278784843327 0 0.19080541968809006
vn 0.9816278784843327 0 0.19080541968809006
vn -0.19080541968809006 0 0.9816278784843327
vn -0.19080541968809006 0 0.9816278784843327
vn -0.19080541968809006 0 0.9816278784843327
vn -0.19080541968809006 0 0.9816278784843327
vn 0 -1 0
vn 0 -1 0
vn 0 -1 0
vn 0 -1 0
vn 0 1 0
vn 0 1 0
vn 0 1 0
vn 0 1 0
f 840/840/840 842/842/842 839/839/839
f 842/842/842 840/840/840 841/841/841
f 844/844/844 846/846/846 843/843/843
f 846/846/846 844/844/844 845/845/845
f 849/849/849 850/850/850 847/847/847
f 847/847/847 848/848/848 849/849/849
f 853/853/853 854/854/854 851/851/851
f 851/851/851 852/852/852 853/853/853
f 857/857/857 858/858/858 855/855/855
f 855/855/855 856/856/856 857/857/857
f 860/860/860 862/862/862 859/859/859
f 862/862/862 860/860/860 861/861/861
o Cube002
usemtl Crate
v 0.934909999370575 -1.0499999523162842 0.4276289939880371
v 0.934909999370575 1.0499999523162842 0.4276289939880371
v 0.972370982170105 1.0499999523162842 0.33491000533103943
v 0.972370982170105 -1.0499999523162842 0.33491000533103943
v 0.972370982170105 -1.0499999523162842 0.33491000533103943
v 0.972370982170105 1.0499999523162842 0.33491000533103943
v 1.0650889873504639 1.0499999523162842 0.37237098813056946
v 1.0650889873504639 -1.0499999523162842 0.37237098813056946
v 1.0650889873504639 -1.0499999523162842 0.37237098813056946
v 1.0650889873504639 1.0499999523162842 0.37237098813056946
v 1.027629017829895 1.0499999523162842 0.4650900065898895
v 1.027629017829895 -1.0499999523162842 0.4650900065898895
v 1.027629017829895 -1.0499999523162842 0.4650900065898895
v 1.027629017829895 1.0499999523162842 0.4650900065898895
v 0.934909999370575 1.0499999523162842 0.4276289939880371
v 0.934909999370575 -1.0499999523162842 0.4276289939880371
v 0.972370982170105 -1.0499999523162842 0.33491000533103943
v 1.0650889873504639 -1.0499999523162842 0.37237098813056946
v 1.027629017829895 -1.0499999523162842 0.4650900065898895
v 0.934909999370575 -1.0499999523162842 0.4276289939880371
v 1.0650889873504639 1.0499999523162842 0.37237098813056946
v 0.972370982170105 1.0499999523162842 0.33491000533103943
v 0.934909999370575 1.0499999523162842 0.4276289939880371
v 1.027629017829895 1.0499999523162842 0.4650900065898895
vt 0.375 0
vt 0.625 0
vt 0.625 0.25
vt 0.375 0.25
vt 0.375 0.25
vt 0.625 0.25
vt 0.625 0.5
vt 0.375 0.5
vt 0.375 0.5
vt 0.625 0.5
vt 0.625 0.75
vt 0.375 0.75
vt 0.375 0.75
vt 0.625 0.75
vt 0.625 1
vt 0.375 1
vt 0.125 0.5
vt 0.375 0.5
vt 0.375 0.75
vt 0.125 0.75
vt 0.625 0.5
vt 0.875 0.5
vt 0.875 0.75
vt 0.625 0.75
vn -0.9271884094403164 0 -0.3745953195109838
vn -0.9271884094403164 0 -0.3745953195109838
vn -0.9271884094403164 0 -0.3745953195109838
vn -0.9271884094403164 0 -0.3745953195109838
vn 0.3745953195109838 0 -0.9271884094403164
vn 0.3745953195109838 0 -0.9271884094403164
vn 0.3745953195109838 0 -0.9271884094403164
vn 0.3745953195109838 0 -0.9271884094403164
vn 0.9271884094403164 0 0.3745953195109838
vn 0.9271884094403164 0 0.3745953195109838
vn 0.9271884094403164 0 0.3745953195109838
vn 0.9271884094403164 0 0.3745953195109838
vn -0.3745953195109838 0 0.9271884094403164
vn -0.3745953195109838 0 0.9271884094403164
vn -0.3745953195109838 0 0.9271884094403164
vn -0.3745953195109838 0 0.9271884094403164
vn 0 -1 0
vn 0 -1 0
vn 0 -1 0
vn 0 -1 0
vn 0 1 0
vn 0 1 0
vn 0 1 0
vn 0 1 0
f 864/864/864 866/866/866 863/863/863
f 866/866/866 864/864/864 865/865/865
f 868/868/868 870/870/870 867/867/867
f 870/870/870 868/868/868 869/869/869
f 873/873/873 874/874/874 871/871/871
f 871/871/871 872/872/872 873/873/873
f 877/877/877 878/878/878 875/875/875
f 875/875/875 876/876/876 877/877/877
f 881/881/881 882/882/882 879/879/879
f 879/879/879 880/880/880 881/881/881
f 884/884/884 886/886/886 883/883/883
f 886/886/886 884/884/884 885/885/885
