mtllib Engine.mtl
o Pipe1
usemtl Material
v -0.4273880124092102 1.1910239458084106 1.5009629726409912
v -0.3850629925727844 1.3764599561691284 1.5009629726409912
v -0.2664720118045807 1.525169014930725 1.5009629726409912
v -0.09510300308465958 1.6076960563659668 1.5009629726409912
v 0.09510300308465958 1.6076960563659668 1.5009629726409912
v 0.2664720118045807 1.525169014930725 1.5009629726409912
v 0.3850629925727844 1.3764599561691284 1.5009629726409912
v 0.4273880124092102 1.1910229921340942 1.5009629726409912
v 0.3850629925727844 1.0055869817733765 1.5009629726409912
v 0.2664720118045807 0.8568779826164246 1.5009629726409912
v 0.09510300308465958 0.7743510007858276 1.5009629726409912
v -0.09510300308465958 0.7743510007858276 1.5009629726409912
v -0.2664720118045807 0.8568779826164246 1.5009629726409912
v -0.3850629925727844 1.0055869817733765 1.5009629726409912
v 0.3117449879646301 0 2.2398180961608887
v -0.11126100271940231 0 2.1432700157165527
v 0.11125999689102173 0 2.1432700157165527
v -0.3117449879646301 0 2.239819049835205
v 0.4504840075969696 0 2.4137918949127197
v -0.4504840075969696 0 2.4137918949127197
v 0.5 0 2.6307339668273926
v -0.5 0 2.6307339668273926
v 0.4504849910736084 0 2.8476760387420654
v -0.4504840075969696 0 2.8476760387420654
v 0.3117449879646301 0 3.0216500759124756
v -0.3117449879646301 0 3.0216500759124756
v 0.11126100271940231 0 3.1181979179382324
v -0.11125999689102173 0 3.1181979179382324
v -0.3117449879646301 1.500527024269104 2.50083589553833
v -0.2664720118045807 1.525169014930725 1.5009629726409912
v -0.3850629925727844 1.3764599561691284 1.5009629726409912
v -0.4504840075969696 1.3649619817733765 2.3694050312042236
v -0.4504840075969696 0 2.8476760387420654
v -0.4504849910736084 0.9285539984703064 2.8037900924682617
v -0.5 0.7587640285491943 2.6307339668273926
v -0.5 0 2.6307339668273926
v -0.11125999689102173 1.5747580528259277 2.5721991062164307
v -0.09510300308465958 1.6076960563659668 1.5009629726409912
v -0.2664720118045807 1.525169014930725 1.5009629726409912
v -0.3117449879646301 1.500527024269104 2.50083589553833
v 0.11126100271940231 1.5747580528259277 2.5721991062164307
v 0.09510300308465958 1.6076960563659668 1.5009629726409912
v -0.09510300308465958 1.6076960563659668 1.5009629726409912
v -0.11125999689102173 1.5747580528259277 2.5721991062164307
v 0.3117449879646301 1.500525951385498 2.50083589553833
v 0.2664720118045807 1.525169014930725 1.5009629726409912
v 0.09510300308465958 1.6076960563659668 1.5009629726409912
v 0.11126100271940231 1.5747580528259277 2.5721991062164307
v 0.4504849910736084 1.36496102809906 2.3694050312042236
v 0.3850629925727844 1.3764599561691284 1.5009629726409912
v 0.2664720118045807 1.525169014930725 1.5009629726409912
v 0.3117449879646301 1.500525951385498 2.50083589553833
v 0.5 1.1910239458084106 2.1990880966186523
v 0.4273880124092102 1.1910229921340942 1.5009629726409912
v 0.3850629925727844 1.3764599561691284 1.5009629726409912
v 0.4504849910736084 1.36496102809906 2.3694050312042236
v 0.4504840075969696 1.0083810091018677 2.0280089378356934
v 0.3850629925727844 1.0055869817733765 1.5009629726409912
v 0.4273880124092102 1.1910229921340942 1.5009629726409912
v 0.5 1.1910239458084106 2.1990880966186523
v 0.3117449879646301 0.854112982749939 1.9034700393676758
v 0.2664720118045807 0.8568779826164246 1.5009629726409912
v 0.3850629925727844 1.0055869817733765 1.5009629726409912
v 0.4504840075969696 1.0083810091018677 2.0280089378356934
v 0.11125999689102173 0.765546977519989 1.8418159484863281
v 0.09510300308465958 0.7743510007858276 1.5009629726409912
v 0.2664720118045807 0.8568779826164246 1.5009629726409912
v 0.3117449879646301 0.854112982749939 1.9034700393676758
v -0.11126100271940231 0.765546977519989 1.8418159484863281
v -0.09510300308465958 0.7743510007858276 1.5009629726409912
v 0.09510300308465958 0.7743510007858276 1.5009629726409912
v 0.11125999689102173 0.765546977519989 1.8418159484863281
v -0.3117449879646301 0.854112982749939 1.9034700393676758
v -0.2664720118045807 0.8568779826164246 1.5009629726409912
v -0.09510300308465958 0.7743510007858276 1.5009629726409912
v -0.11126100271940231 0.765546977519989 1.8418159484863281
v -0.4504840075969696 1.0083810091018677 2.0280089378356934
v -0.3850629925727844 1.0055869817733765 1.5009629726409912
v -0.2664720118045807 0.8568779826164246 1.5009629726409912
v -0.3117449879646301 0.854112982749939 1.9034700393676758
v -0.5 1.1910239458084106 2.1990880966186523
v -0.4273880124092102 1.1910239458084106 1.5009629726409912
v -0.3850629925727844 1.0055869817733765 1.5009629726409912
v -0.4504840075969696 1.0083810091018677 2.0280089378356934
v -0.11125999689102173 0 3.1181979179382324
v -0.11125999689102173 1.1313250064849854 3.01301908493042
v -0.3117449879646301 1.0599340200424194 2.9389491081237793
v -0.3117449879646301 0 3.0216500759124756
v -0.4504840075969696 1.3649619817733765 2.3694050312042236
v -0.3850629925727844 1.3764599561691284 1.5009629726409912
v -0.4273880124092102 1.1910239458084106 1.5009629726409912
v -0.5 1.1910239458084106 2.1990880966186523
v 0.11126100271940231 0 3.1181979179382324
v 0.11126100271940231 1.1313250064849854 3.01301908493042
v -0.11125999689102173 1.1313250064849854 3.01301908493042
v -0.11125999689102173 0 3.1181979179382324
v 0.3117449879646301 0 3.0216500759124756
v 0.3117449879646301 1.0599340200424194 2.9389491081237793
v 0.11126100271940231 1.1313250064849854 3.01301908493042
v 0.11126100271940231 0 3.1181979179382324
v 0.4504849910736084 0 2.8476760387420654
v 0.4504849910736084 0.9285539984703064 2.8037900924682617
v 0.3117449879646301 1.0599340200424194 2.9389491081237793
v 0.3117449879646301 0 3.0216500759124756
v 0.5 0 2.6307339668273926
v 0.5 0.7587630152702332 2.6307339668273926
v 0.4504849910736084 0.9285539984703064 2.8037900924682617
v 0.4504849910736084 0 2.8476760387420654
v 0.4504840075969696 0 2.4137918949127197
v 0.4504840075969696 0.5889319777488708 2.449856996536255
v 0.5 0.7587630152702332 2.6307339668273926
v 0.5 0 2.6307339668273926
v 0.3117449879646301 0 2.2398180961608887
v 0.3117449879646301 0.46483299136161804 2.298008918762207
v 0.4504840075969696 0.5889319777488708 2.449856996536255
v 0.4504840075969696 0 2.4137918949127197
v 0.11125999689102173 0 2.1432700157165527
v 0.11125999689102173 0.4027419984340668 2.211211919784546
v 0.3117449879646301 0.46483299136161804 2.298008918762207
v 0.3117449879646301 0 2.2398180961608887
v -0.11126100271940231 0 2.1432700157165527
v -0.11126100271940231 0.4027419984340668 2.211211919784546
v 0.11125999689102173 0.4027419984340668 2.211211919784546
v 0.11125999689102173 0 2.1432700157165527
v -0.3117449879646301 0 2.239819049835205
v -0.3117449879646301 0.46483299136161804 2.2980101108551025
v -0.11126100271940231 0.4027419984340668 2.211211919784546
v -0.11126100271940231 0 2.1432700157165527
v -0.4504840075969696 0 2.4137918949127197
v -0.4504840075969696 0.5889319777488708 2.449856996536255
v -0.3117449879646301 0.46483299136161804 2.2980101108551025
v -0.3117449879646301 0 2.239819049835205
v -0.5 0 2.6307339668273926
v -0.5 0.7587640285491943 2.6307339668273926
v -0.4504840075969696 0.5889319777488708 2.449856996536255
v -0.4504840075969696 0 2.4137918949127197
v -0.4504840075969696 1.3649619817733765 2.3694050312042236
v -0.5 1.1910239458084106 2.1990880966186523
v -0.5 1.158120036125183 2.364272117614746
v -0.4504849910736084 1.3254460096359253 2.5296120643615723
v -0.4504849910736084 1.3254460096359253 2.5296120643615723
v -0.5 1.158120036125183 2.364272117614746
v -0.5 1.0644179582595825 2.504307985305786
v -0.4504849910736084 1.228633999824524 2.6684210300445557
v -0.4504849910736084 1.228633999824524 2.6684210300445557
v -0.5 1.0644179582595825 2.504307985305786
v -0.5 0.9241819977760315 2.597877025604248
v -0.4504849910736084 1.0892640352249146 2.7646989822387695
v -0.4504849910736084 1.0892640352249146 2.7646989822387695
v -0.5 0.9241819977760315 2.597877025604248
v -0.5 0.7587640285491943 2.6307339668273926
v -0.4504849910736084 0.9285539984703064 2.8037900924682617
v -0.4504849910736084 0.9285539984703064 2.8037900924682617
v -0.3117449879646301 1.0599340200424194 2.9389491081237793
v -0.3117449879646301 1.218400001525879 2.8958520889282227
v -0.4504849910736084 1.0892640352249146 2.7646989822387695
v -0.4504849910736084 1.0892640352249146 2.7646989822387695
v -0.3117449879646301 1.218400001525879 2.8958520889282227
v -0.3117449879646301 1.3577760457992554 2.7974579334259033
v -0.4504849910736084 1.228633999824524 2.6684210300445557
v -0.4504849910736084 1.228633999824524 2.6684210300445557
v -0.3117449879646301 1.3577760457992554 2.7974579334259033
v -0.3117449879646301 1.456845998764038 2.6587469577789307
v -0.4504849910736084 1.3254460096359253 2.5296120643615723
v -0.4504849910736084 1.3254460096359253 2.5296120643615723
v -0.3117449879646301 1.456845998764038 2.6587469577789307
v -0.3117449879646301 1.500527024269104 2.50083589553833
v -0.4504840075969696 1.3649619817733765 2.3694050312042236
v -0.3117449879646301 1.0599340200424194 2.9389491081237793
v -0.11125999689102173 1.1313250064849854 3.01301908493042
v -0.11125999689102173 1.2890499830245972 2.96793794631958
v -0.3117449879646301 1.218400001525879 2.8958520889282227
v -0.3117449879646301 1.218400001525879 2.8958520889282227
v -0.11125999689102173 1.2890499830245972 2.96793794631958
v -0.11125999689102173 1.4287060499191284 2.868333101272583
v -0.3117449879646301 1.3577760457992554 2.7974579334259033
v -0.3117449879646301 1.3577760457992554 2.7974579334259033
v -0.11125999689102173 1.4287060499191284 2.868333101272583
v -0.11125999689102173 1.5290340185165405 2.729367971420288
v -0.3117449879646301 1.456845998764038 2.6587469577789307
v -0.3117449879646301 1.456845998764038 2.6587469577789307
v -0.11125999689102173 1.5290340185165405 2.729367971420288
v -0.11125999689102173 1.5747580528259277 2.5721991062164307
v -0.3117449879646301 1.500527024269104 2.50083589553833
v -0.11125999689102173 1.1313250064849854 3.01301908493042
v 0.11126100271940231 1.1313250064849854 3.01301908493042
v 0.11126100271940231 1.2890499830245972 2.96793794631958
v -0.11125999689102173 1.2890499830245972 2.96793794631958
v -0.11125999689102173 1.2890499830245972 2.96793794631958
v 0.11126100271940231 1.2890499830245972 2.96793794631958
v 0.11126100271940231 1.4287060499191284 2.868333101272583
v -0.11125999689102173 1.4287060499191284 2.868333101272583
v -0.11125999689102173 1.4287060499191284 2.868333101272583
v 0.11126100271940231 1.4287060499191284 2.868333101272583
v 0.11126100271940231 1.5290340185165405 2.729367971420288
v -0.11125999689102173 1.5290340185165405 2.729367971420288
v -0.11125999689102173 1.5290340185165405 2.729367971420288
v 0.11126100271940231 1.5290340185165405 2.729367971420288
v 0.11126100271940231 1.5747580528259277 2.5721991062164307
v -0.11125999689102173 1.5747580528259277 2.5721991062164307
v 0.11126100271940231 1.1313250064849854 3.01301908493042
v 0.3117449879646301 1.0599340200424194 2.9389491081237793
v 0.3117449879646301 1.2183990478515625 2.8958520889282227
v 0.11126100271940231 1.2890499830245972 2.96793794631958
v 0.11126100271940231 1.2890499830245972 2.96793794631958
v 0.3117449879646301 1.2183990478515625 2.8958520889282227
v 0.3117449879646301 1.3577760457992554 2.7974579334259033
v 0.11126100271940231 1.4287060499191284 2.868333101272583
v 0.11126100271940231 1.4287060499191284 2.868333101272583
v 0.3117449879646301 1.3577760457992554 2.7974579334259033
v 0.3117449879646301 1.456845998764038 2.6587469577789307
v 0.11126100271940231 1.5290340185165405 2.729367971420288
v 0.11126100271940231 1.5290340185165405 2.729367971420288
v 0.3117449879646301 1.456845998764038 2.6587469577789307
v 0.3117449879646301 1.500525951385498 2.50083589553833
v 0.11126100271940231 1.5747580528259277 2.5721991062164307
v 0.3117449879646301 1.0599340200424194 2.9389491081237793
v 0.4504849910736084 0.9285539984703064 2.8037900924682617
v 0.4504849910736084 1.0892640352249146 2.7646989822387695
v 0.3117449879646301 1.2183990478515625 2.8958520889282227
v 0.3117449879646301 1.2183990478515625 2.8958520889282227
v 0.4504849910736084 1.0892640352249146 2.7646989822387695
v 0.4504849910736084 1.228633999824524 2.6684200763702393
v 0.3117449879646301 1.3577760457992554 2.7974579334259033
v 0.3117449879646301 1.3577760457992554 2.7974579334259033
v 0.4504849910736084 1.228633999824524 2.6684200763702393
v 0.4504849910736084 1.3254460096359253 2.529611110687256
v 0.3117449879646301 1.456845998764038 2.6587469577789307
v 0.3117449879646301 1.456845998764038 2.6587469577789307
v 0.4504849910736084 1.3254460096359253 2.529611110687256
v 0.4504849910736084 1.36496102809906 2.3694050312042236
v 0.3117449879646301 1.500525951385498 2.50083589553833
v 0.4504849910736084 0.9285539984703064 2.8037900924682617
v 0.5 0.7587630152702332 2.6307339668273926
v 0.5 0.9241819977760315 2.597877025604248
v 0.4504849910736084 1.0892640352249146 2.7646989822387695
v 0.4504849910736084 1.0892640352249146 2.7646989822387695
v 0.5 0.9241819977760315 2.597877025604248
v 0.5 1.0644179582595825 2.504307985305786
v 0.4504849910736084 1.228633999824524 2.6684200763702393
v 0.4504849910736084 1.228633999824524 2.6684200763702393
v 0.5 1.0644179582595825 2.504307985305786
v 0.5 1.158120036125183 2.364272117614746
v 0.4504849910736084 1.3254460096359253 2.529611110687256
v 0.4504849910736084 1.3254460096359253 2.529611110687256
v 0.5 1.158120036125183 2.364272117614746
v 0.5 1.1910239458084106 2.1990880966186523
v 0.4504849910736084 1.36496102809906 2.3694050312042236
v 0.5 0.7587630152702332 2.6307339668273926
v 0.4504840075969696 0.5889319777488708 2.449856996536255
v 0.4504840075969696 0.7584130167961121 2.4261679649353027
v 0.5 0.9241819977760315 2.597877025604248
v 0.5 0.9241819977760315 2.597877025604248
v 0.4504840075969696 0.7584130167961121 2.4261679649353027
v 0.4504840075969696 0.8976399898529053 2.3376810550689697
v 0.5 1.0644179582595825 2.504307985305786
v 0.5 1.0644179582595825 2.504307985305786
v 0.4504840075969696 0.8976399898529053 2.3376810550689697
v 0.4504840075969696 0.9854170083999634 2.1978659629821777
v 0.5 1.158120036125183 2.364272117614746
v 0.5 1.158120036125183 2.364272117614746
v 0.4504840075969696 0.9854170083999634 2.1978659629821777
v 0.4504840075969696 1.0083810091018677 2.0280089378356934
v 0.5 1.1910239458084106 2.1990880966186523
v 0.4504840075969696 0.5889319777488708 2.449856996536255
v 0.3117449879646301 0.46483299136161804 2.298008918762207
v 0.3117449879646301 0.6323490142822266 2.285238027572632
v 0.4504840075969696 0.7584130167961121 2.4261679649353027
v 0.4504840075969696 0.7584130167961121 2.4261679649353027
v 0.3117449879646301 0.6323490142822266 2.285238027572632
v 0.3117449879646301 0.7651519775390625 2.2057740688323975
v 0.4504840075969696 0.8976399898529053 2.3376810550689697
v 0.4504840075969696 0.8976399898529053 2.3376810550689697
v 0.3117449879646301 0.7651519775390625 2.2057740688323975
v 0.3117449879646301 0.8430259823799133 2.0717151165008545
v 0.4504840075969696 0.9854170083999634 2.1978659629821777
v 0.4504840075969696 0.9854170083999634 2.1978659629821777
v 0.3117449879646301 0.8430259823799133 2.0717151165008545
v 0.3117449879646301 0.854112982749939 1.9034700393676758
v 0.4504840075969696 1.0083810091018677 2.0280089378356934
v 0.3117449879646301 0.46483299136161804 2.298008918762207
v 0.11125999689102173 0.4027419984340668 2.211211919784546
v 0.11125999689102173 0.5663480162620544 2.206033945083618
v 0.3117449879646301 0.6323490142822266 2.285238027572632
v 0.3117449879646301 0.6323490142822266 2.285238027572632
v 0.11125999689102173 0.5663480162620544 2.206033945083618
v 0.11125999689102173 0.6927469968795776 2.1340150833129883
v 0.3117449879646301 0.7651519775390625 2.2057740688323975
v 0.3117449879646301 0.7651519775390625 2.2057740688323975
v 0.11125999689102173 0.6927469968795776 2.1340150833129883
v 0.11125999689102173 0.7626969814300537 2.0061190128326416
v 0.3117449879646301 0.8430259823799133 2.0717151165008545
v 0.3117449879646301 0.8430259823799133 2.0717151165008545
v 0.11125999689102173 0.7626969814300537 2.0061190128326416
v 0.11125999689102173 0.765546977519989 1.8418159484863281
v 0.3117449879646301 0.854112982749939 1.9034700393676758
v 0.11125999689102173 0.4027419984340668 2.211211919784546
v -0.11126100271940231 0.4027419984340668 2.211211919784546
v -0.11126100271940231 0.5663480162620544 2.206033945083618
v 0.11125999689102173 0.5663480162620544 2.206033945083618
v 0.11125999689102173 0.5663480162620544 2.206033945083618
v -0.11126100271940231 0.5663480162620544 2.206033945083618
v -0.11126100271940231 0.6927469968795776 2.1340150833129883
v 0.11125999689102173 0.6927469968795776 2.1340150833129883
v 0.11125999689102173 0.6927469968795776 2.1340150833129883
v -0.11126100271940231 0.6927469968795776 2.1340150833129883
v -0.11126100271940231 0.7626969814300537 2.0061190128326416
v 0.11125999689102173 0.7626969814300537 2.0061190128326416
v 0.11125999689102173 0.7626969814300537 2.0061190128326416
v -0.11126100271940231 0.7626969814300537 2.0061190128326416
v -0.11126100271940231 0.765546977519989 1.8418159484863281
v 0.11125999689102173 0.765546977519989 1.8418159484863281
v -0.11126100271940231 0.4027419984340668 2.211211919784546
v -0.3117449879646301 0.46483299136161804 2.2980101108551025
v -0.3117449879646301 0.6323490142822266 2.285238027572632
v -0.11126100271940231 0.5663480162620544 2.206033945083618
v -0.11126100271940231 0.5663480162620544 2.206033945083618
v -0.3117449879646301 0.6323490142822266 2.285238027572632
v -0.3117449879646301 0.7651519775390625 2.2057740688323975
v -0.11126100271940231 0.6927469968795776 2.1340150833129883
v -0.11126100271940231 0.6927469968795776 2.1340150833129883
v -0.3117449879646301 0.7651519775390625 2.2057740688323975
v -0.3117449879646301 0.8430259823799133 2.0717151165008545
v -0.11126100271940231 0.7626969814300537 2.0061190128326416
v -0.11126100271940231 0.7626969814300537 2.0061190128326416
v -0.3117449879646301 0.8430259823799133 2.0717151165008545
v -0.3117449879646301 0.854112982749939 1.9034700393676758
v -0.11126100271940231 0.765546977519989 1.8418159484863281
v -0.3117449879646301 0.46483299136161804 2.2980101108551025
v -0.4504840075969696 0.5889319777488708 2.449856996536255
v -0.4504840075969696 0.7584130167961121 2.426168918609619
v -0.3117449879646301 0.6323490142822266 2.285238027572632
v -0.3117449879646301 0.6323490142822266 2.285238027572632
v -0.4504840075969696 0.7584130167961121 2.426168918609619
v -0.4504840075969696 0.8976399898529053 2.337682008743286
v -0.3117449879646301 0.7651519775390625 2.2057740688323975
v -0.3117449879646301 0.7651519775390625 2.2057740688323975
v -0.4504840075969696 0.8976399898529053 2.337682008743286
v -0.4504840075969696 0.9854170083999634 2.197866916656494
v -0.3117449879646301 0.8430259823799133 2.0717151165008545
v -0.3117449879646301 0.8430259823799133 2.0717151165008545
v -0.4504840075969696 0.9854170083999634 2.197866916656494
v -0.4504840075969696 1.0083810091018677 2.0280089378356934
v -0.3117449879646301 0.854112982749939 1.9034700393676758
v -0.4504840075969696 0.5889319777488708 2.449856996536255
v -0.5 0.7587640285491943 2.6307339668273926
v -0.5 0.9241819977760315 2.597877025604248
v -0.4504840075969696 0.7584130167961121 2.426168918609619
v -0.4504840075969696 0.7584130167961121 2.426168918609619
v -0.5 0.9241819977760315 2.597877025604248
v -0.5 1.0644179582595825 2.504307985305786
v -0.4504840075969696 0.8976399898529053 2.337682008743286
v -0.4504840075969696 0.8976399898529053 2.337682008743286
v -0.5 1.0644179582595825 2.504307985305786
v -0.5 1.158120036125183 2.364272117614746
v -0.4504840075969696 0.9854170083999634 2.197866916656494
v -0.4504840075969696 0.9854170083999634 2.197866916656494
v -0.5 1.158120036125183 2.364272117614746
v -0.5 1.1910239458084106 2.1990880966186523
v -0.4504840075969696 1.0083810091018677 2.0280089378356934
v -0.3117449879646301 0 3.0216500759124756
v -0.3117449879646301 1.0599340200424194 2.9389491081237793
v -0.4504849910736084 0.9285539984703064 2.8037900924682617
v -0.4504840075969696 0 2.8476760387420654
vt 1 0.9285710006952286
vt 1 0
vt 1 0.07142901420593262
vt 1 0.14285701513290405
vt 1 0.21428602933883667
vt 1 0.28571397066116333
vt 1 0.35714298486709595
vt 1 0.4285709857940674
vt 1 0.5
vt 1 0.5714290142059326
vt 1 0.6428569853305817
vt 1 0.7142859995365143
vt 1 0.7857140004634857
vt 1 0.8571429997682571
vt 0.6153849959373474 0
vt 0.7692310214042664 0
vt 0.6923080086708069 0
vt 0.846153974533081 0
vt 0.5384619832038879 0
vt 0.9230769872665405 0
vt 0.4615379869937897 0
vt 1 0
vt 0.3846150040626526 0
vt 0 0
vt 0.3076919913291931 0
vt 0.07692299783229828 0
vt 0.23076899349689484 0
vt 0.15384599566459656 0
vt 0.644474983215332 0.07142901420593262
vt 1 0.07142901420593262
vt 1 0
vt 0.6616039872169495 0
vt 0 1
vt 0.3453350067138672 1
vt 0.3185339868068695 0.9285710006952286
vt 0 0.9285710006952286
vt 0.6367359757423401 0.14285701513290405
vt 1 0.14285701513290405
vt 1 0.07142901420593262
vt 0.644474983215332 0.07142901420593262
vt 0.6367359757423401 0.21428602933883667
vt 1 0.21428602933883667
vt 1 0.14285701513290405
vt 0.6367359757423401 0.14285701513290405
vt 0.644474983215332 0.28571397066116333
vt 1 0.28571397066116333
vt 1 0.21428602933883667
vt 0.6367359757423401 0.21428602933883667
vt 0.6616039872169495 0.35714298486709595
vt 1 0.35714298486709595
vt 1 0.28571397066116333
vt 0.644474983215332 0.28571397066116333
vt 0.6910330057144165 0.4285709857940674
vt 1 0.4285709857940674
vt 1 0.35714298486709595
vt 0.6616039872169495 0.35714298486709595
vt 0.7300990223884583 0.5
vt 1 0.5
vt 1 0.4285709857940674
vt 0.6910330057144165 0.4285709857940674
vt 0.7641609907150269 0.5714290142059326
vt 1 0.5714290142059326
vt 1 0.5
vt 0.7300990223884583 0.5
vt 0.7829189896583557 0.6428569853305817
vt 1 0.6428569853305817
vt 1 0.5714290142059326
vt 0.7641609907150269 0.5714290142059326
vt 0.7829189896583557 0.7142859995365143
vt 1 0.7142859995365143
vt 1 0.6428569853305817
vt 0.7829189896583557 0.6428569853305817
vt 0.7641609907150269 0.7857140004634857
vt 1 0.7857140004634857
vt 1 0.7142859995365143
vt 0.7829189896583557 0.7142859995365143
vt 0.7300990223884583 0.8571429997682571
vt 1 0.8571429997682571
vt 1 0.7857140004634857
vt 0.7641609907150269 0.7857140004634857
vt 0.6910330057144165 0.9285710006952286
vt 1 0.9285710006952286
vt 1 0.8571429997682571
vt 0.7300990223884583 0.8571429997682571
vt 0 0.14285701513290405
vt 0.36833900213241577 0.14285701513290405
vt 0.36114999651908875 0.07142901420593262
vt 0 0.07142901420593262
vt 0.6616039872169495 1
vt 1 1
vt 1 0.9285710006952286
vt 0.6910319924354553 0.9285710006952286
vt 0 0.21428602933883667
vt 0.36833900213241577 0.21428602933883667
vt 0.36833900213241577 0.14285701513290405
vt 0 0.14285701513290405
vt 0 0.28571397066116333
vt 0.36114999651908875 0.28571397066116333
vt 0.36833900213241577 0.21428602933883667
vt 0 0.21428602933883667
vt 0 0.35714298486709595
vt 0.3453350067138672 0.35714298486709595
vt 0.36114999651908875 0.28571397066116333
vt 0 0.28571397066116333
vt 0 0.4285709857940674
vt 0.3185339868068695 0.4285709857940674
vt 0.3453350067138672 0.35714298486709595
vt 0 0.35714298486709595
vt 0 0.5
vt 0.2837890088558197 0.5
vt 0.3185339868068695 0.4285709857940674
vt 0 0.4285709857940674
vt 0 0.5714290142059326
vt 0.2541170120239258 0.5714290142059326
vt 0.2837890088558197 0.5
vt 0 0.5
vt 0 0.6428569853305817
vt 0.2379329949617386 0.6428569853305817
vt 0.2541170120239258 0.5714290142059326
vt 0 0.5714290142059326
vt 0 0.7142859995365143
vt 0.2379329949617386 0.7142859995365143
vt 0.2379329949617386 0.6428569853305817
vt 0 0.6428569853305817
vt 0 0.7857140004634857
vt 0.2541170120239258 0.7857140004634857
vt 0.2379329949617386 0.7142859995365143
vt 0 0.7142859995365143
vt 0 0.8571429997682571
vt 0.2837890088558197 0.8571429997682571
vt 0.2541170120239258 0.7857140004634857
vt 0 0.7857140004634857
vt 0 0.9285710006952286
vt 0.3185339868068695 0.9285710006952286
vt 0.2837890088558197 0.8571429997682571
vt 0 0.8571429997682571
vt 0.6616039872169495 1
vt 0.6910319924354553 0.9285710006952286
vt 0.6084989905357361 0.9156230017542839
vt 0.5899379849433899 0.9875159999355674
vt 0.5899379849433899 0.9875159999355674
vt 0.6084989905357361 0.9156230017542839
vt 0.5 0.9005749970674515
vt 0.5 0.9487700015306473
vt 0.5 0.9487700015306473
vt 0.5 0.9005749970674515
vt 0.39706701040267944 0.9155919998884201
vt 0.4139840006828308 0.9875079998746514
vt 0.4139840006828308 0.9875079998746514
vt 0.39706701040267944 0.9155919998884201
vt 0.3185339868068695 0.9285710006952286
vt 0.3453350067138672 1
vt 0.3453350067138672 0
vt 0.36114999651908875 0.07142901420593262
vt 0.41832199692726135 0.0652959942817688
vt 0.40940600633621216 -0.00840902328491211
vt 0.40940600633621216 -0.00840902328491211
vt 0.41832199692726135 0.0652959942817688
vt 0.5 0.05196499824523926
vt 0.5 0
vt 0.5 0
vt 0.5 0.05196499824523926
vt 0.5849999785423279 0.06528598070144653
vt 0.5947099924087524 -0.008414030075073242
vt 0.5947099924087524 -0.008414030075073242
vt 0.5849999785423279 0.06528598070144653
vt 0.644474983215332 0.07142901420593262
vt 0.6616039872169495 0
vt 0.36114999651908875 0.07142901420593262
vt 0.36833900213241577 0.14285701513290405
vt 0.4210300147533417 0.14089101552963257
vt 0.41832199692726135 0.0652959942817688
vt 0.41832199692726135 0.0652959942817688
vt 0.4210300147533417 0.14089101552963257
vt 0.5 0.13231498003005981
vt 0.5 0.05196499824523926
vt 0.5 0.05196499824523926
vt 0.5 0.13231498003005981
vt 0.5820090174674988 0.14088600873947144
vt 0.5849999785423279 0.06528598070144653
vt 0.5849999785423279 0.06528598070144653
vt 0.5820090174674988 0.14088600873947144
vt 0.6367359757423401 0.14285701513290405
vt 0.644474983215332 0.07142901420593262
vt 0.36833900213241577 0.14285701513290405
vt 0.36833900213241577 0.21428602933883667
vt 0.4210300147533417 0.21625101566314697
vt 0.4210300147533417 0.14089101552963257
vt 0.4210300147533417 0.14089101552963257
vt 0.4210300147533417 0.21625101566314697
vt 0.5 0.22482800483703613
vt 0.5 0.13231498003005981
vt 0.5 0.13231498003005981
vt 0.5 0.22482800483703613
vt 0.5820090174674988 0.2162569761276245
vt 0.5820090174674988 0.14088600873947144
vt 0.5820090174674988 0.14088600873947144
vt 0.5820090174674988 0.2162569761276245
vt 0.6367359757423401 0.21428602933883667
vt 0.6367359757423401 0.14285701513290405
vt 0.36833900213241577 0.21428602933883667
vt 0.36114999651908875 0.28571397066116333
vt 0.41832199692726135 0.29184699058532715
vt 0.4210300147533417 0.21625101566314697
vt 0.4210300147533417 0.21625101566314697
vt 0.41832199692726135 0.29184699058532715
vt 0.5 0.3051779866218567
vt 0.5 0.22482800483703613
vt 0.5 0.22482800483703613
vt 0.5 0.3051779866218567
vt 0.5849999785423279 0.2918570041656494
vt 0.5820090174674988 0.2162569761276245
vt 0.5820090174674988 0.2162569761276245
vt 0.5849999785423279 0.2918570041656494
vt 0.644474983215332 0.28571397066116333
vt 0.6367359757423401 0.21428602933883667
vt 0.36114999651908875 0.28571397066116333
vt 0.3453350067138672 0.35714298486709595
vt 0.4116950035095215 0.367592990398407
vt 0.41832199692726135 0.29184699058532715
vt 0.41832199692726135 0.29184699058532715
vt 0.4116950035095215 0.367592990398407
vt 0.5 0.3827580213546753
vt 0.5 0.3051779866218567
vt 0.5 0.3051779866218567
vt 0.5 0.3827580213546753
vt 0.5923240184783936 0.3675919771194458
vt 0.5849999785423279 0.2918570041656494
vt 0.5849999785423279 0.2918570041656494
vt 0.5923240184783936 0.3675919771194458
vt 0.6616039872169495 0.35714298486709595
vt 0.644474983215332 0.28571397066116333
vt 0.3453350067138672 0.35714298486709595
vt 0.3185339868068695 0.4285709857940674
vt 0.39706701040267944 0.44155001640319824
vt 0.4116950035095215 0.367592990398407
vt 0.4116950035095215 0.367592990398407
vt 0.39706701040267944 0.44155001640319824
vt 0.5 0.45656800270080566
vt 0.5 0.3827580213546753
vt 0.5 0.3827580213546753
vt 0.5 0.45656800270080566
vt 0.6085000038146973 0.44151997566223145
vt 0.5923240184783936 0.3675919771194458
vt 0.5923240184783936 0.3675919771194458
vt 0.6085000038146973 0.44151997566223145
vt 0.6910330057144165 0.4285709857940674
vt 0.6616039872169495 0.35714298486709595
vt 0.3185339868068695 0.4285709857940674
vt 0.2837890088558197 0.5
vt 0.3723979890346527 0.511216014623642
vt 0.39706701040267944 0.44155001640319824
vt 0.39706701040267944 0.44155001640319824
vt 0.3723979890346527 0.511216014623642
vt 0.5 0.5248120129108429
vt 0.5 0.45656800270080566
vt 0.5 0.45656800270080566
vt 0.5 0.5248120129108429
vt 0.6360089778900146 0.5111460089683533
vt 0.6085000038146973 0.44151997566223145
vt 0.6085000038146973 0.44151997566223145
vt 0.6360089778900146 0.5111460089683533
vt 0.7300990223884583 0.5
vt 0.6910330057144165 0.4285709857940674
vt 0.2837890088558197 0.5
vt 0.2541170120239258 0.5714290142059326
vt 0.3473159968852997 0.5778819918632507
vt 0.3723979890346527 0.511216014623642
vt 0.3723979890346527 0.511216014623642
vt 0.3473159968852997 0.5778819918632507
vt 0.5 0.5861020088195801
vt 0.5 0.5248120129108429
vt 0.5 0.5248120129108429
vt 0.5 0.5861020088195801
vt 0.6641240119934082 0.5778250098228455
vt 0.6360089778900146 0.5111460089683533
vt 0.6360089778900146 0.5111460089683533
vt 0.6641240119934082 0.5778250098228455
vt 0.7641609907150269 0.5714290142059326
vt 0.7300990223884583 0.5
vt 0.2541170120239258 0.5714290142059326
vt 0.2379329949617386 0.6428569853305817
vt 0.33243200182914734 0.64479199051857
vt 0.3473159968852997 0.5778819918632507
vt 0.3473159968852997 0.5778819918632507
vt 0.33243200182914734 0.64479199051857
vt 0.5 0.6428569853305817
vt 0.5 0.5861020088195801
vt 0.5 0.5861020088195801
vt 0.5 0.6428569853305817
vt 0.6808549761772156 0.644773006439209
vt 0.6641240119934082 0.5778250098228455
vt 0.6641240119934082 0.5778250098228455
vt 0.6808549761772156 0.644773006439209
vt 0.7829189896583557 0.6428569853305817
vt 0.7641609907150269 0.5714290142059326
vt 0.2379329949617386 0.6428569853305817
vt 0.2379329949617386 0.7142859995365143
vt 0.33243200182914734 0.712350994348526
vt 0.33243200182914734 0.64479199051857
vt 0.33243200182914734 0.64479199051857
vt 0.33243200182914734 0.712350994348526
vt 0.5 0.7142859995365143
vt 0.5 0.6428569853305817
vt 0.5 0.6428569853305817
vt 0.5 0.7142859995365143
vt 0.6808549761772156 0.7123700082302094
vt 0.6808549761772156 0.644773006439209
vt 0.6808549761772156 0.644773006439209
vt 0.6808549761772156 0.7123700082302094
vt 0.7829189896583557 0.7142859995365143
vt 0.7829189896583557 0.6428569853305817
vt 0.2379329949617386 0.7142859995365143
vt 0.2541170120239258 0.7857140004634857
vt 0.3473159968852997 0.7792609930038452
vt 0.33243200182914734 0.712350994348526
vt 0.33243200182914734 0.712350994348526
vt 0.3473159968852997 0.7792609930038452
vt 0.5 0.7710410058498383
vt 0.5 0.7142859995365143
vt 0.5 0.7142859995365143
vt 0.5 0.7710410058498383
vt 0.6641240119934082 0.7793170064687729
vt 0.6808549761772156 0.7123700082302094
vt 0.6808549761772156 0.7123700082302094
vt 0.6641240119934082 0.7793170064687729
vt 0.7641609907150269 0.7857140004634857
vt 0.7829189896583557 0.7142859995365143
vt 0.2541170120239258 0.7857140004634857
vt 0.2837890088558197 0.8571429997682571
vt 0.3723979890346527 0.8459270000457764
vt 0.3473159968852997 0.7792609930038452
vt 0.3473159968852997 0.7792609930038452
vt 0.3723979890346527 0.8459270000457764
vt 0.5 0.8323310017585754
vt 0.5 0.7710410058498383
vt 0.5 0.7710410058498383
vt 0.5 0.8323310017585754
vt 0.6360089778900146 0.8459970057010651
vt 0.6641240119934082 0.7793170064687729
vt 0.6641240119934082 0.7793170064687729
vt 0.6360089778900146 0.8459970057010651
vt 0.7300990223884583 0.8571429997682571
vt 0.7641609907150269 0.7857140004634857
vt 0.2837890088558197 0.8571429997682571
vt 0.3185339868068695 0.9285710006952286
vt 0.39706701040267944 0.9155919998884201
vt 0.3723979890346527 0.8459270000457764
vt 0.3723979890346527 0.8459270000457764
vt 0.39706701040267944 0.9155919998884201
vt 0.5 0.9005749970674515
vt 0.5 0.8323310017585754
vt 0.5 0.8323310017585754
vt 0.5 0.9005749970674515
vt 0.6084989905357361 0.9156230017542839
vt 0.6360089778900146 0.8459970057010651
vt 0.6360089778900146 0.8459970057010651
vt 0.6084989905357361 0.9156230017542839
vt 0.6910330057144165 0.9285710006952286
vt 0.7300990223884583 0.8571429997682571
vt 0 0.07142901420593262
vt 0.36114999651908875 0.07142901420593262
vt 0.3453350067138672 0
vt 0 0
vn 0 0 -1
vn 0 0 -1
vn 0 0 -1
vn 0 0 -1
vn 0 0 -1
vn 0 0 -1
vn 0 0 -1
vn 0 0 -1
vn 0 0 -1
vn 0 0 -1
vn 0 0 -1
vn 0 0 -1
vn 0 0 -1
vn 0 0 -1
vn 0 -1 0
vn 0 -1 0
vn 0 -1 0
vn 0 -1 0
vn 0 -1 0
vn 0 -1 0
vn 0 -1 0
vn 0 -1 0
vn 0 -1 0
vn 0 -1 0
vn 0 -1 0
vn 0 -1 0
vn 0 -1 0
vn 0 -1 0
vn -0.7339844148573065 0.6784856357276696 -0.030399356206960604
vn -0.7339844148573065 0.6784856357276696 -0.030399356206960604
vn -0.7339844148573065 0.6784856357276696 -0.030399356206960604
vn -0.7339844148573065 0.6784856357276696 -0.030399356206960604
vn -0.9698815976581548 0.0062998803558303165 0.24349537579093214
vn -0.9698815976581548 0.0062998803558303165 0.24349537579093214
vn -0.9698815976581548 0.0062998803558303165 0.24349537579093214
vn -0.9698815976581548 0.0062998803558303165 0.24349537579093214
vn -0.39070419227575265 0.9204098163025938 0.014000149712679209
vn -0.39070419227575265 0.9204098163025938 0.014000149712679209
vn -0.39070419227575265 0.9204098163025938 0.014000149712679209
vn -0.39070419227575265 0.9204098163025938 0.014000149712679209
vn 0 0.9995286169359018 0.030700878264367445
vn 0 0.9995286169359018 0.030700878264367445
vn 0 0.9995286169359018 0.030700878264367445
vn 0 0.9995286169359018 0.030700878264367445
vn 0.39070419227575265 0.9204098163025938 0.014000149712679209
vn 0.39070419227575265 0.9204098163025938 0.014000149712679209
vn 0.39070419227575265 0.9204098163025938 0.014000149712679209
vn 0.39070419227575265 0.9204098163025938 0.014000149712679209
vn 0.7339844148573065 0.6784856357276696 -0.030399356206960604
vn 0.7339844148573065 0.6784856357276696 -0.030399356206960604
vn 0.7339844148573065 0.6784856357276696 -0.030399356206960604
vn 0.7339844148573065 0.6784856357276696 -0.030399356206960604
vn 0.955572588390297 0.2830918679704231 -0.08209764068525163
vn 0.955572588390297 0.2830918679704231 -0.08209764068525163
vn 0.955572588390297 0.2830918679704231 -0.08209764068525163
vn 0.955572588390297 0.2830918679704231 -0.08209764068525163
vn 0.9751806690251377 -0.1924961772783189 -0.10939782672850118
vn 0.9751806690251377 -0.1924961772783189 -0.10939782672850118
vn 0.9751806690251377 -0.1924961772783189 -0.10939782672850118
vn 0.9751806690251377 -0.1924961772783189 -0.10939782672850118
vn 0.7773773187666133 -0.622181841875747 -0.09259729967625453
vn 0.7773773187666133 -0.622181841875747 -0.09259729967625453
vn 0.7773773187666133 -0.622181841875747 -0.09259729967625453
vn 0.7773773187666133 -0.622181841875747 -0.09259729967625453
vn 0.42421396868283123 -0.9042298048855476 -0.04910161637875263
vn 0.42421396868283123 -0.9042298048855476 -0.04910161637875263
vn 0.42421396868283123 -0.9042298048855476 -0.04910161637875263
vn 0.42421396868283123 -0.9042298048855476 -0.04910161637875263
vn 0 -0.9996671465090439 -0.025799150964049587
vn 0 -0.9996671465090439 -0.025799150964049587
vn 0 -0.9996671465090439 -0.025799150964049587
vn 0 -0.9996671465090439 -0.025799150964049587
vn -0.42421396868283123 -0.9042298048855476 -0.04910161637875263
vn -0.42421396868283123 -0.9042298048855476 -0.04910161637875263
vn -0.42421396868283123 -0.9042298048855476 -0.04910161637875263
vn -0.42421396868283123 -0.9042298048855476 -0.04910161637875263
vn -0.7773773187666133 -0.622181841875747 -0.09259729967625453
vn -0.7773773187666133 -0.622181841875747 -0.09259729967625453
vn -0.7773773187666133 -0.622181841875747 -0.09259729967625453
vn -0.7773773187666133 -0.622181841875747 -0.09259729967625453
vn -0.9751806690251377 -0.1924961772783189 -0.10939782672850118
vn -0.9751806690251377 -0.1924961772783189 -0.10939782672850118
vn -0.9751806690251377 -0.1924961772783189 -0.10939782672850118
vn -0.9751806690251377 -0.1924961772783189 -0.10939782672850118
vn -0.40211838109637466 0.07820358054586793 0.9122417484275956
vn -0.40211838109637466 0.07820358054586793 0.9122417484275956
vn -0.40211838109637466 0.07820358054586793 0.9122417484275956
vn -0.40211838109637466 0.07820358054586793 0.9122417484275956
vn -0.955572588390297 0.2830918679704231 -0.08209764068525163
vn -0.955572588390297 0.2830918679704231 -0.08209764068525163
vn -0.955572588390297 0.2830918679704231 -0.08209764068525163
vn -0.955572588390297 0.2830918679704231 -0.08209764068525163
vn 0 0.09260031771069518 0.9957033600223906
vn 0 0.09260031771069518 0.9957033600223906
vn 0 0.09260031771069518 0.9957033600223906
vn 0 0.09260031771069518 0.9957033600223906
vn 0.40211838109637466 0.07820358054586793 0.9122417484275956
vn 0.40211838109637466 0.07820358054586793 0.9122417484275956
vn 0.40211838109637466 0.07820358054586793 0.9122417484275956
vn 0.40211838109637466 0.07820358054586793 0.9122417484275956
vn 0.7522935375298927 0.04189964069255174 0.6574943752615644
vn 0.7522935375298927 0.04189964069255174 0.6574943752615644
vn 0.7522935375298927 0.04189964069255174 0.6574943752615644
vn 0.7522935375298927 0.04189964069255174 0.6574943752615644
vn 0.9698815976581548 0.0062998803558303165 0.24349537579093214
vn 0.9698815976581548 0.0062998803558303165 0.24349537579093214
vn 0.9698815976581548 0.0062998803558303165 0.24349537579093214
vn 0.9698815976581548 0.0062998803558303165 0.24349537579093214
vn 0.9697029173610129 0.0065000198119035246 -0.2442007407932777
vn 0.9697029173610129 0.0065000198119035246 -0.2442007407932777
vn 0.9697029173610129 0.0065000198119035246 -0.2442007407932777
vn 0.9697029173610129 0.0065000198119035246 -0.2442007407932777
vn 0.7487781774092042 0.05909827826880555 -0.6601807589906062
vn 0.7487781774092042 0.05909827826880555 -0.6601807589906062
vn 0.7487781774092042 0.05909827826880555 -0.6601807589906062
vn 0.7487781774092042 0.05909827826880555 -0.6601807589906062
vn 0.3952116981103853 0.13220390727148496 -0.9090268646078938
vn 0.3952116981103853 0.13220390727148496 -0.9090268646078938
vn 0.3952116981103853 0.13220390727148496 -0.9090268646078938
vn 0.3952116981103853 0.13220390727148496 -0.9090268646078938
vn 0 0.16629593290191713 -0.9860758909436338
vn 0 0.16629593290191713 -0.9860758909436338
vn 0 0.16629593290191713 -0.9860758909436338
vn 0 0.16629593290191713 -0.9860758909436338
vn -0.3952116981103853 0.13220390727148496 -0.9090268646078938
vn -0.3952116981103853 0.13220390727148496 -0.9090268646078938
vn -0.3952116981103853 0.13220390727148496 -0.9090268646078938
vn -0.3952116981103853 0.13220390727148496 -0.9090268646078938
vn -0.7487781774092042 0.05909827826880555 -0.6601807589906062
vn -0.7487781774092042 0.05909827826880555 -0.6601807589906062
vn -0.7487781774092042 0.05909827826880555 -0.6601807589906062
vn -0.7487781774092042 0.05909827826880555 -0.6601807589906062
vn -0.9697029173610129 0.0065000198119035246 -0.2442007407932777
vn -0.9697029173610129 0.0065000198119035246 -0.2442007407932777
vn -0.9697029173610129 0.0065000198119035246 -0.2442007407932777
vn -0.9697029173610129 0.0065000198119035246 -0.2442007407932777
vn -0.971517395053096 0.23130414151798434 0.051500924514761015
vn -0.971517395053096 0.23130414151798434 0.051500924514761015
vn -0.971517395053096 0.23130414151798434 0.051500924514761015
vn -0.971517395053096 0.23130414151798434 0.051500924514761015
vn -0.9775724296374381 0.1738950887792007 0.11879664520191618
vn -0.9775724296374381 0.1738950887792007 0.11879664520191618
vn -0.9775724296374381 0.1738950887792007 0.11879664520191618
vn -0.9775724296374381 0.1738950887792007 0.11879664520191618
vn -0.9774835512973512 0.1184980026358647 0.17459705127644465
vn -0.9774835512973512 0.1184980026358647 0.17459705127644465
vn -0.9774835512973512 0.1184980026358647 0.17459705127644465
vn -0.9774835512973512 0.1184980026358647 0.17459705127644465
vn -0.9712457903094711 0.05129713695161841 0.23248702877084942
vn -0.9712457903094711 0.05129713695161841 0.23248702877084942
vn -0.9712457903094711 0.05129713695161841 0.23248702877084942
vn -0.9712457903094711 0.05129713695161841 0.23248702877084942
vn -0.7584037158574637 0.16250079814213278 0.6312030532061463
vn -0.7584037158574637 0.16250079814213278 0.6312030532061463
vn -0.7584037158574637 0.16250079814213278 0.6312030532061463
vn -0.7584037158574637 0.16250079814213278 0.6312030532061463
vn -0.7929957625801914 0.3487981311180052 0.49949733158290976
vn -0.7929957625801914 0.3487981311180052 0.49949733158290976
vn -0.7929957625801914 0.3487981311180052 0.49949733158290976
vn -0.7929957625801914 0.3487981311180052 0.49949733158290976
vn -0.7934797377493422 0.4971872848168567 0.35099103919854824
vn -0.7934797377493422 0.4971872848168567 0.35099103919854824
vn -0.7934797377493422 0.4971872848168567 0.35099103919854824
vn -0.7934797377493422 0.4971872848168567 0.35099103919854824
vn -0.7597109586489196 0.629109077242942 0.1645023654519099
vn -0.7597109586489196 0.629109077242942 0.1645023654519099
vn -0.7597109586489196 0.629109077242942 0.1645023654519099
vn -0.7597109586489196 0.629109077242942 0.1645023654519099
vn -0.4075153843568193 0.24530926801294808 0.879633204545773
vn -0.4075153843568193 0.24530926801294808 0.879633204545773
vn -0.4075153843568193 0.24530926801294808 0.879633204545773
vn -0.4075153843568193 0.24530926801294808 0.879633204545773
vn -0.4436932530385899 0.5185921222802246 0.7308888478537119
vn -0.4436932530385899 0.5185921222802246 0.7308888478537119
vn -0.4436932530385899 0.5185921222802246 0.7308888478537119
vn -0.4436932530385899 0.5185921222802246 0.7308888478537119
vn -0.4442062962730428 0.7277103048021387 0.522607384789159
vn -0.4442062962730428 0.7277103048021387 0.522607384789159
vn -0.4442062962730428 0.7277103048021387 0.522607384789159
vn -0.4442062962730428 0.7277103048021387 0.522607384789159
vn -0.4087893060279167 0.877977071364589 0.24909348734014283
vn -0.4087893060279167 0.877977071364589 0.24909348734014283
vn -0.4087893060279167 0.877977071364589 0.24909348734014283
vn -0.4087893060279167 0.877977071364589 0.24909348734014283
vn 0 0.2748003617810578 0.9615013058571473
vn 0 0.2748003617810578 0.9615013058571473
vn 0 0.2748003617810578 0.9615013058571473
vn 0 0.2748003617810578 0.9615013058571473
vn 0 0.5807083149448047 0.8141116956253397
vn 0 0.5807083149448047 0.8141116956253397
vn 0 0.5807083149448047 0.8141116956253397
vn 0 0.5807083149448047 0.8141116956253397
vn 0 0.8107636058911942 0.5853737057319093
vn 0 0.8107636058911942 0.5853737057319093
vn 0 0.8107636058911942 0.5853737057319093
vn 0 0.8107636058911942 0.5853737057319093
vn 0 0.960203585386543 0.2793010465623568
vn 0 0.960203585386543 0.2793010465623568
vn 0 0.960203585386543 0.2793010465623568
vn 0 0.960203585386543 0.2793010465623568
vn 0.4075153843568193 0.24530926801294808 0.879633204545773
vn 0.4075153843568193 0.24530926801294808 0.879633204545773
vn 0.4075153843568193 0.24530926801294808 0.879633204545773
vn 0.4075153843568193 0.24530926801294808 0.879633204545773
vn 0.4436932530385899 0.5185921222802246 0.7308888478537119
vn 0.4436932530385899 0.5185921222802246 0.7308888478537119
vn 0.4436932530385899 0.5185921222802246 0.7308888478537119
vn 0.4436932530385899 0.5185921222802246 0.7308888478537119
vn 0.4442062962730428 0.7277103048021387 0.522607384789159
vn 0.4442062962730428 0.7277103048021387 0.522607384789159
vn 0.4442062962730428 0.7277103048021387 0.522607384789159
vn 0.4442062962730428 0.7277103048021387 0.522607384789159
vn 0.4087893060279167 0.877977071364589 0.24909348734014283
vn 0.4087893060279167 0.877977071364589 0.24909348734014283
vn 0.4087893060279167 0.877977071364589 0.24909348734014283
vn 0.4087893060279167 0.877977071364589 0.24909348734014283
vn 0.7584037158574637 0.16250079814213278 0.6312030532061463
vn 0.7584037158574637 0.16250079814213278 0.6312030532061463
vn 0.7584037158574637 0.16250079814213278 0.6312030532061463
vn 0.7584037158574637 0.16250079814213278 0.6312030532061463
vn 0.7929957625801914 0.3487981311180052 0.49949733158290976
vn 0.7929957625801914 0.3487981311180052 0.49949733158290976
vn 0.7929957625801914 0.3487981311180052 0.49949733158290976
vn 0.7929957625801914 0.3487981311180052 0.49949733158290976
vn 0.7934797377493422 0.4971872848168567 0.35099103919854824
vn 0.7934797377493422 0.4971872848168567 0.35099103919854824
vn 0.7934797377493422 0.4971872848168567 0.35099103919854824
vn 0.7934797377493422 0.4971872848168567 0.35099103919854824
vn 0.7597109586489196 0.629109077242942 0.1645023654519099
vn 0.7597109586489196 0.629109077242942 0.1645023654519099
vn 0.7597109586489196 0.629109077242942 0.1645023654519099
vn 0.7597109586489196 0.629109077242942 0.1645023654519099
vn 0.9712457903094711 0.05129713695161841 0.23248702877084942
vn 0.9712457903094711 0.05129713695161841 0.23248702877084942
vn 0.9712457903094711 0.05129713695161841 0.23248702877084942
vn 0.9712457903094711 0.05129713695161841 0.23248702877084942
vn 0.9774835512973512 0.1184980026358647 0.17459705127644465
vn 0.9774835512973512 0.1184980026358647 0.17459705127644465
vn 0.9774835512973512 0.1184980026358647 0.17459705127644465
vn 0.9774835512973512 0.1184980026358647 0.17459705127644465
vn 0.9775724296374381 0.1738950887792007 0.11879664520191618
vn 0.9775724296374381 0.1738950887792007 0.11879664520191618
vn 0.9775724296374381 0.1738950887792007 0.11879664520191618
vn 0.9775724296374381 0.1738950887792007 0.11879664520191618
vn 0.971517395053096 0.23130414151798434 0.051500924514761015
vn 0.971517395053096 0.23130414151798434 0.051500924514761015
vn 0.971517395053096 0.23130414151798434 0.051500924514761015
vn 0.971517395053096 0.23130414151798434 0.051500924514761015
vn 0.9711851744618343 -0.039699395347280585 -0.2349964146845578
vn 0.9711851744618343 -0.039699395347280585 -0.2349964146845578
vn 0.9711851744618343 -0.039699395347280585 -0.2349964146845578
vn 0.9711851744618343 -0.039699395347280585 -0.2349964146845578
vn 0.9780718560773647 -0.11369673019224914 -0.17449497956379603
vn 0.9780718560773647 -0.11369673019224914 -0.17449497956379603
vn 0.9780718560773647 -0.11369673019224914 -0.17449497956379603
vn 0.9780718560773647 -0.11369673019224914 -0.17449497956379603
vn 0.9781597928528534 -0.1743928356575616 -0.11309535144017978
vn 0.9781597928528534 -0.1743928356575616 -0.11309535144017978
vn 0.9781597928528534 -0.1743928356575616 -0.11309535144017978
vn 0.9781597928528534 -0.1743928356575616 -0.11309535144017978
vn 0.971524801520543 -0.2337059740375998 -0.039000996520682715
vn 0.971524801520543 -0.2337059740375998 -0.039000996520682715
vn 0.971524801520543 -0.2337059740375998 -0.039000996520682715
vn 0.971524801520543 -0.2337059740375998 -0.039000996520682715
vn 0.7534682069099369 -0.07069701621126415 -0.6536723897142579
vn 0.7534682069099369 -0.07069701621126415 -0.6536723897142579
vn 0.7534682069099369 -0.07069701621126415 -0.6536723897142579
vn 0.7534682069099369 -0.07069701621126415 -0.6536723897142579
vn 0.7984241201915074 -0.3163095694730397 -0.512315508799214
vn 0.7984241201915074 -0.3163095694730397 -0.512315508799214
vn 0.7984241201915074 -0.3163095694730397 -0.512315508799214
vn 0.7984241201915074 -0.3163095694730397 -0.512315508799214
vn 0.7990534441812259 -0.5144700495699749 -0.31118187838880995
vn 0.7990534441812259 -0.5144700495699749 -0.31118187838880995
vn 0.7990534441812259 -0.5144700495699749 -0.31118187838880995
vn 0.7990534441812259 -0.5144700495699749 -0.31118187838880995
vn 0.7558040615887909 -0.6515035030632619 -0.06560035047304007
vn 0.7558040615887909 -0.6515035030632619 -0.06560035047304007
vn 0.7558040615887909 -0.6515035030632619 -0.06560035047304007
vn 0.7558040615887909 -0.6515035030632619 -0.06560035047304007
vn 0.3955917032278341 -0.049698959683052844 -0.9170808130932211
vn 0.3955917032278341 -0.049698959683052844 -0.9170808130932211
vn 0.3955917032278341 -0.049698959683052844 -0.9170808130932211
vn 0.3955917032278341 -0.049698959683052844 -0.9170808130932211
vn 0.44668681200505966 -0.45138666812904804 -0.7724771632974745
vn 0.44668681200505966 -0.45138666812904804 -0.7724771632974745
vn 0.44668681200505966 -0.45138666812904804 -0.7724771632974745
vn 0.44668681200505966 -0.45138666812904804 -0.7724771632974745
vn 0.44729760141685504 -0.7788958523813625 -0.43959766481390566
vn 0.44729760141685504 -0.7788958523813625 -0.43959766481390566
vn 0.44729760141685504 -0.7788958523813625 -0.43959766481390566
vn 0.44729760141685504 -0.7788958523813625 -0.43959766481390566
vn 0.39819801133790994 -0.9164953892317184 -0.038399808378881226
vn 0.39819801133790994 -0.9164953892317184 -0.038399808378881226
vn 0.39819801133790994 -0.9164953892317184 -0.038399808378881226
vn 0.39819801133790994 -0.9164953892317184 -0.038399808378881226
vn 0 -0.03160001779780713 -0.9995005947347798
vn 0 -0.03160001779780713 -0.9995005947347798
vn 0 -0.03160001779780713 -0.9995005947347798
vn 0 -0.03160001779780713 -0.9995005947347798
vn 0 -0.49507249034394407 -0.8688516727869293
vn 0 -0.49507249034394407 -0.8688516727869293
vn 0 -0.49507249034394407 -0.8688516727869293
vn 0 -0.49507249034394407 -0.8688516727869293
vn 0 -0.8773829842658291 -0.4797906824030535
vn 0 -0.8773829842658291 -0.4797906824030535
vn 0 -0.8773829842658291 -0.4797906824030535
vn 0 -0.8773829842658291 -0.4797906824030535
vn 0 -0.9998503287444113 -0.017300870200451908
vn 0 -0.9998503287444113 -0.017300870200451908
vn 0 -0.9998503287444113 -0.017300870200451908
vn 0 -0.9998503287444113 -0.017300870200451908
vn -0.3955917032278341 -0.049698959683052844 -0.9170808130932211
vn -0.3955917032278341 -0.049698959683052844 -0.9170808130932211
vn -0.3955917032278341 -0.049698959683052844 -0.9170808130932211
vn -0.3955917032278341 -0.049698959683052844 -0.9170808130932211
vn -0.44668681200505966 -0.45138666812904804 -0.7724771632974745
vn -0.44668681200505966 -0.45138666812904804 -0.7724771632974745
vn -0.44668681200505966 -0.45138666812904804 -0.7724771632974745
vn -0.44668681200505966 -0.45138666812904804 -0.7724771632974745
vn -0.44729760141685504 -0.7788958523813625 -0.43959766481390566
vn -0.44729760141685504 -0.7788958523813625 -0.43959766481390566
vn -0.44729760141685504 -0.7788958523813625 -0.43959766481390566
vn -0.44729760141685504 -0.7788958523813625 -0.43959766481390566
vn -0.39819801133790994 -0.9164953892317184 -0.038399808378881226
vn -0.39819801133790994 -0.9164953892317184 -0.038399808378881226
vn -0.39819801133790994 -0.9164953892317184 -0.038399808378881226
vn -0.39819801133790994 -0.9164953892317184 -0.038399808378881226
vn -0.7534682069099369 -0.07069701621126415 -0.6536723897142579
vn -0.7534682069099369 -0.07069701621126415 -0.6536723897142579
vn -0.7534682069099369 -0.07069701621126415 -0.6536723897142579
vn -0.7534682069099369 -0.07069701621126415 -0.6536723897142579
vn -0.7984241201915074 -0.3163095694730397 -0.512315508799214
vn -0.7984241201915074 -0.3163095694730397 -0.512315508799214
vn -0.7984241201915074 -0.3163095694730397 -0.512315508799214
vn -0.7984241201915074 -0.3163095694730397 -0.512315508799214
vn -0.7990534441812259 -0.5144700495699749 -0.31118187838880995
vn -0.7990534441812259 -0.5144700495699749 -0.31118187838880995
vn -0.7990534441812259 -0.5144700495699749 -0.31118187838880995
vn -0.7990534441812259 -0.5144700495699749 -0.31118187838880995
vn -0.7558040615887909 -0.6515035030632619 -0.06560035047304007
vn -0.7558040615887909 -0.6515035030632619 -0.06560035047304007
vn -0.7558040615887909 -0.6515035030632619 -0.06560035047304007
vn -0.7558040615887909 -0.6515035030632619 -0.06560035047304007
vn -0.9711851744618343 -0.039699395347280585 -0.2349964146845578
vn -0.9711851744618343 -0.039699395347280585 -0.2349964146845578
vn -0.9711851744618343 -0.039699395347280585 -0.2349964146845578
vn -0.9711851744618343 -0.039699395347280585 -0.2349964146845578
vn -0.9780718560773647 -0.11369673019224914 -0.17449497956379603
vn -0.9780718560773647 -0.11369673019224914 -0.17449497956379603
vn -0.9780718560773647 -0.11369673019224914 -0.17449497956379603
vn -0.9780718560773647 -0.11369673019224914 -0.17449497956379603
vn -0.9781597928528534 -0.1743928356575616 -0.11309535144017978
vn -0.9781597928528534 -0.1743928356575616 -0.11309535144017978
vn -0.9781597928528534 -0.1743928356575616 -0.11309535144017978
vn -0.9781597928528534 -0.1743928356575616 -0.11309535144017978
vn -0.971524801520543 -0.2337059740375998 -0.039000996520682715
vn -0.971524801520543 -0.2337059740375998 -0.039000996520682715
vn -0.971524801520543 -0.2337059740375998 -0.039000996520682715
vn -0.971524801520543 -0.2337059740375998 -0.039000996520682715
vn -0.7522935375298927 0.04189964069255174 0.6574943752615644
vn -0.7522935375298927 0.04189964069255174 0.6574943752615644
vn -0.7522935375298927 0.04189964069255174 0.6574943752615644
vn -0.7522935375298927 0.04189964069255174 0.6574943752615644
f 2/2/2 14/14/14 1/1/1
f 14/14/14 12/12/12 13/13/13
f 12/12/12 10/10/10 11/11/11
f 10/10/10 8/8/8 9/9/9
f 8/8/8 6/6/6 7/7/7
f 6/6/6 4/4/4 5/5/5
f 4/4/4 2/2/2 3/3/3
f 2/2/2 12/12/12 14/14/14
f 12/12/12 8/8/8 10/10/10
f 8/8/8 4/4/4 6/6/6
f 4/4/4 12/12/12 2/2/2
f 12/12/12 4/4/4 8/8/8
f 15/15/15 16/16/16 17/17/17
f 15/15/15 18/18/18 16/16/16
f 19/19/19 18/18/18 15/15/15
f 19/19/19 20/20/20 18/18/18
f 21/21/21 20/20/20 19/19/19
f 21/21/21 22/22/22 20/20/20
f 23/23/23 22/22/22 21/21/21
f 23/23/23 24/24/24 22/22/22
f 25/25/25 24/24/24 23/23/23
f 25/25/25 26/26/26 24/24/24
f 27/27/27 26/26/26 25/25/25
f 27/27/27 28/28/28 26/26/26
f 30/30/30 32/32/32 29/29/29
f 32/32/32 30/30/30 31/31/31
f 34/34/34 36/36/36 33/33/33
f 36/36/36 34/34/34 35/35/35
f 38/38/38 40/40/40 37/37/37
f 40/40/40 38/38/38 39/39/39
f 42/42/42 44/44/44 41/41/41
f 44/44/44 42/42/42 43/43/43
f 46/46/46 48/48/48 45/45/45
f 48/48/48 46/46/46 47/47/47
f 51/51/51 52/52/52 49/49/49
f 49/49/49 50/50/50 51/51/51
f 55/55/55 56/56/56 53/53/53
f 53/53/53 54/54/54 55/55/55
f 59/59/59 60/60/60 57/57/57
f 57/57/57 58/58/58 59/59/59
f 63/63/63 64/64/64 61/61/61
f 61/61/61 62/62/62 63/63/63
f 67/67/67 68/68/68 65/65/65
f 65/65/65 66/66/66 67/67/67
f 71/71/71 72/72/72 69/69/69
f 69/69/69 70/70/70 71/71/71
f 75/75/75 76/76/76 73/73/73
f 73/73/73 74/74/74 75/75/75
f 78/78/78 80/80/80 77/77/77
f 80/80/80 78/78/78 79/79/79
f 82/82/82 84/84/84 81/81/81
f 84/84/84 82/82/82 83/83/83
f 87/87/87 88/88/88 85/85/85
f 85/85/85 86/86/86 87/87/87
f 90/90/90 92/92/92 89/89/89
f 92/92/92 90/90/90 91/91/91
f 95/95/95 96/96/96 93/93/93
f 93/93/93 94/94/94 95/95/95
f 99/99/99 100/100/100 97/97/97
f 97/97/97 98/98/98 99/99/99
f 103/103/103 104/104/104 101/101/101
f 101/101/101 102/102/102 103/103/103
f 107/107/107 108/108/108 105/105/105
f 105/105/105 106/106/106 107/107/107
f 111/111/111 112/112/112 109/109/109
f 109/109/109 110/110/110 111/111/111
f 115/115/115 116/116/116 113/113/113
f 113/113/113 114/114/114 115/115/115
f 118/118/118 120/120/120 117/117/117
f 120/120/120 118/118/118 119/119/119
f 122/122/122 124/124/124 121/121/121
f 124/124/124 122/122/122 123/123/123
f 126/126/126 128/128/128 125/125/125
f 128/128/128 126/126/126 127/127/127
f 130/130/130 132/132/132 129/129/129
f 132/132/132 130/130/130 131/131/131
f 134/134/134 136/136/136 133/133/133
f 136/136/136 134/134/134 135/135/135
f 138/138/138 140/140/140 137/137/137
f 140/140/140 138/138/138 139/139/139
f 142/142/142 144/144/144 141/141/141
f 144/144/144 142/142/142 143/143/143
f 146/146/146 148/148/148 145/145/145
f 148/148/148 146/146/146 147/147/147
f 150/150/150 152/152/152 149/149/149
f 152/152/152 150/150/150 151/151/151
f 154/154/154 156/156/156 153/153/153
f 156/156/156 154/154/154 155/155/155
f 158/158/158 160/160/160 157/157/157
f 160/160/160 158/158/158 159/159/159
f 162/162/162 164/164/164 161/161/161
f 164/164/164 162/162/162 163/163/163
f 166/166/166 168/168/168 165/165/165
f 168/168/168 166/166/166 167/167/167
f 171/171/171 172/172/172 169/169/169
f 169/169/169 170/170/170 171/171/171
f 175/175/175 176/176/176 173/173/173
f 173/173/173 174/174/174 175/175/175
f 178/178/178 180/180/180 177/177/177
f 180/180/180 178/178/178 179/179/179
f 182/182/182 184/184/184 181/181/181
f 184/184/184 182/182/182 183/183/183
f 187/187/187 188/188/188 185/185/185
f 185/185/185 186/186/186 187/187/187
f 191/191/191 192/192/192 189/189/189
f 189/189/189 190/190/190 191/191/191
f 194/194/194 196/196/196 193/193/193
f 196/196/196 194/194/194 195/195/195
f 198/198/198 200/200/200 197/197/197
f 200/200/200 198/198/198 199/199/199
f 203/203/203 204/204/204 201/201/201
f 201/201/201 202/202/202 203/203/203
f 207/207/207 208/208/208 205/205/205
f 205/205/205 206/206/206 207/207/207
f 210/210/210 212/212/212 209/209/209
f 212/212/212 210/210/210 211/211/211
f 214/214/214 216/216/216 213/213/213
f 216/216/216 214/214/214 215/215/215
f 219/219/219 220/220/220 217/217/217
f 217/217/217 218/218/218 219/219/219
f 223/223/223 224/224/224 221/221/221
f 221/221/221 222/222/222 223/223/223
f 227/227/227 228/228/228 225/225/225
f 225/225/225 226/226/226 227/227/227
f 231/231/231 232/232/232 229/229/229
f 229/229/229 230/230/230 231/231/231
f 235/235/235 236/236/236 233/233/233
f 233/233/233 234/234/234 235/235/235
f 239/239/239 240/240/240 237/237/237
f 237/237/237 238/238/238 239/239/239
f 243/243/243 244/244/244 241/241/241
f 241/241/241 242/242/242 243/243/243
f 247/247/247 248/248/248 245/245/245
f 245/245/245 246/246/246 247/247/247
f 251/251/251 252/252/252 249/249/249
f 249/249/249 250/250/250 251/251/251
f 255/255/255 256/256/256 253/253/253
f 253/253/253 254/254/254 255/255/255
f 259/259/259 260/260/260 257/257/257
f 257/257/257 258/258/258 259/259/259
f 263/263/263 264/264/264 261/261/261
f 261/261/261 262/262/262 263/263/263
f 267/267/267 268/268/268 265/265/265
f 265/265/265 266/266/266 267/267/267
f 271/271/271 272/272/272 269/269/269
f 269/269/269 270/270/270 271/271/271
f 275/275/275 276/276/276 273/273/273
f 273/273/273 274/274/274 275/275/275
f 279/279/279 280/280/280 277/277/277
f 277/277/277 278/278/278 279/279/279
f 282/282/282 284/284/284 281/281/281
f 284/284/284 282/282/282 283/283/283
f 286/286/286 288/288/288 285/285/285
f 288/288/288 286/286/286 287/287/287
f 291/291/291 292/292/292 289/289/289
f 289/289/289 290/290/290 291/291/291
f 295/295/295 296/296/296 293/293/293
f 293/293/293 294/294/294 295/295/295
f 298/298/298 300/300/300 297/297/297
f 300/300/300 298/298/298 299/299/299
f 302/302/302 304/304/304 301/301/301
f 304/304/304 302/302/302 303/303/303
f 307/307/307 308/308/308 305/305/305
f 305/305/305 306/306/306 307/307/307
f 311/311/311 312/312/312 309/309/309
f 309/309/309 310/310/310 311/311/311
f 314/314/314 316/316/316 313/313/313
f 316/316/316 314/314/314 315/315/315
f 318/318/318 320/320/320 317/317/317
f 320/320/320 318/318/318 319/319/319
f 323/323/323 324/324/324 321/321/321
f 321/321/321 322/322/322 323/323/323
f 327/327/327 328/328/328 325/325/325
f 325/325/325 326/326/326 327/327/327
f 330/330/330 332/332/332 329/329/329
f 332/332/332 330/330/330 331/331/331
f 334/334/334 336/336/336 333/333/333
f 336/336/336 334/334/334 335/335/335
f 338/338/338 340/340/340 337/337/337
f 340/340/340 338/338/338 339/339/339
f 342/342/342 344/344/344 341/341/341
f 344/344/344 342/342/342 343/343/343
f 346/346/346 348/348/348 345/345/345
f 348/348/348 346/346/346 347/347/347
f 350/350/350 352/352/352 349/349/349
f 352/352/352 350/350/350 351/351/351
f 354/354/354 356/356/356 353/353/353
f 356/356/356 354/354/354 355/355/355
f 358/358/358 360/360/360 357/357/357
f 360/360/360 358/358/358 359/359/359
f 362/362/362 364/364/364 361/361/361
f 364/364/364 362/362/362 363/363/363
o Body
usemtl Material
v 0.19134199619293213 2.2619400024414062 0.8003699779510498
v 0.19134199619293213 2.2619400024414062 1.4643009901046753
v 0.38268300890922546 2.223879098892212 1.4643009901046753
v 0.38268300890922546 2.223879098892212 0.8003699779510498
v 0.9238799810409546 1.682682991027832 0.8003699779510498
v 0.9238799810409546 1.682682991027832 1.4643009901046753
v 1 1.2999999523162842 1.4643009901046753
v 1 1.2999999523162842 0.8003699779510498
v 1 1.2999999523162842 0.8003699779510498
v 1 1.2999999523162842 1.4643009901046753
v 0.9238799810409546 0.9173160195350647 1.4643009901046753
v 0.9238799810409546 0.9173160195350647 0.8003699779510498
v 0.9238799810409546 0.9173160195350647 0.8003699779510498
v 0.9238799810409546 0.9173160195350647 1.4643009901046753
v 0.7071070075035095 0.5928930044174194 1.4643009901046753
v 0.7071070075035095 0.5928930044174194 0.8003699779510498
v 0.7071070075035095 0.5928930044174194 0.8003699779510498
v 0.7071070075035095 0.5928930044174194 1.4643009901046753
v 0.38268300890922546 0.376120001077652 1.4643009901046753
v 0.38268300890922546 0.376120001077652 0.8003699779510498
v 0.38268300890922546 0.376120001077652 0.8003699779510498
v 0.38268300890922546 0.376120001077652 1.4643009901046753
v 0 0.30000001192092896 1.4643009901046753
v 0 0.30000001192092896 0.8003699779510498
v 0 0.30000001192092896 0.8003699779510498
v 0 0.30000001192092896 1.4643009901046753
v -0.38268300890922546 0.376120001077652 1.4643009901046753
v -0.38268300890922546 0.376120001077652 0.8003699779510498
v -0.38268300890922546 0.376120001077652 0.8003699779510498
v -0.38268300890922546 0.376120001077652 1.4643009901046753
v -0.7071070075035095 0.5928930044174194 1.4643009901046753
v -0.7071070075035095 0.5928930044174194 0.8003699779510498
v -0.7071070075035095 0.5928930044174194 0.8003699779510498
v -0.7071070075035095 0.5928930044174194 1.4643009901046753
v -0.9238799810409546 0.9173160195350647 1.4643009901046753
v -0.9238799810409546 0.9173160195350647 0.8003699779510498
v -0.9238799810409546 0.9173160195350647 0.8003699779510498
v -0.9238799810409546 0.9173160195350647 1.4643009901046753
v -1 1.2999999523162842 1.4643009901046753
v -1 1.2999999523162842 0.8003699779510498
v -1 1.2999999523162842 0.8003699779510498
v -1 1.2999999523162842 1.4643009901046753
v -0.9238799810409546 1.682682991027832 1.4643009901046753
v -0.9238799810409546 1.682682991027832 0.8003699779510498
v -0.9238799810409546 1.682682991027832 0.8003699779510498
v -0.9238799810409546 1.682682991027832 1.4643009901046753
v -0.7071070075035095 2.0071070194244385 1.4643009901046753
v -0.7071070075035095 2.0071070194244385 0.8003699779510498
v -0.5448949933052063 2.115493059158325 0.8003699779510498
v -0.5448949933052063 2.115493059158325 1.4643009901046753
v -0.38268300890922546 2.223879098892212 1.4643009901046753
v -0.38268300890922546 2.223879098892212 0.8003699779510498
v 0.19134199619293213 2.2619400024414062 1.4691319465637207
v 0 2.299999952316284 1.4691319465637207
v 0 2.2832438945770264 1.5517489910125732
v 0.1881359964609146 2.245821952819824 1.5517489910125732
v 0.5448949933052063 2.115493059158325 0.8003699779510498
v 0.5448949933052063 2.115493059158325 1.4643009901046753
v 0.7071070075035095 2.0071070194244385 1.4643009901046753
v 0.7071070075035095 2.0071070194244385 0.8003699779510498
v 0.8154929876327515 1.8448950052261353 0.8003699779510498
v 0.8154929876327515 1.8448950052261353 1.4643009901046753
v 0.9238799810409546 1.682682991027832 1.4643009901046753
v 0.9238799810409546 1.682682991027832 0.8003699779510498
v -0.19134199619293213 2.2619400024414062 0.8003699779510498
v -0.19134199619293213 2.2619400024414062 1.4643009901046753
v 0 2.299999952316284 1.4643009901046753
v 0 2.299999952316284 0.8003699779510498
v 0 2.299999952316284 1.4643009901046753
v 0 2.299999952316284 1.4691319465637207
v 0.19134199619293213 2.2619400024414062 1.4691319465637207
v 0.7071070075035095 2.0071070194244385 1.4643009901046753
v 0.7071070075035095 2.0071070194244385 1.4691319465637207
v 0.8154929876327515 1.8448950052261353 1.4691319465637207
v -0.9238799810409546 0.9173160195350647 1.4691319465637207
v -1 1.2999999523162842 1.4691319465637207
v 0.7071070075035095 0.5928930044174194 1.4691319465637207
v 0.38268300890922546 0.376120001077652 1.4691319465637207
v 0.38268300890922546 2.223879098892212 1.4643009901046753
v 0.38268300890922546 2.223879098892212 1.4691319465637207
v 0.5448949933052063 2.115493059158325 1.4691319465637207
v -0.7071070075035095 0.5928930044174194 1.4691319465637207
v -0.9238799810409546 0.9173160195350647 1.4691319465637207
v -0.38268300890922546 2.223879098892212 1.4643009901046753
v -0.38268300890922546 2.223879098892212 1.4691319465637207
v -0.19134199619293213 2.2619400024414062 1.4691319465637207
v 0.9238799810409546 0.9173160195350647 1.4691319465637207
v 0.7071070075035095 0.5928930044174194 1.4691319465637207
v -0.7071070075035095 2.0071070194244385 1.4643009901046753
v -0.7071070075035095 2.0071070194244385 1.4691319465637207
v -0.5448949933052063 2.115493059158325 1.4691319465637207
v -0.38268300890922546 0.376120001077652 1.4691319465637207
v -0.7071070075035095 0.5928930044174194 1.4691319465637207
v 1 1.2999999523162842 1.4691319465637207
v 0.9238799810409546 0.9173160195350647 1.4691319465637207
v -0.9238799810409546 1.682682991027832 1.4691319465637207
v -0.7071070075035095 2.0071070194244385 1.4691319465637207
v 0 0.30000001192092896 1.4691319465637207
v -0.38268300890922546 0.376120001077652 1.4691319465637207
v 0.9238799810409546 1.682682991027832 1.4691319465637207
v 1 1.2999999523162842 1.4691319465637207
v -1 1.2999999523162842 1.4691319465637207
v -0.9238799810409546 1.682682991027832 1.4691319465637207
v 0.38268300890922546 0.376120001077652 1.4691319465637207
v 0 0.30000001192092896 1.4691319465637207
v 0.19134199619293213 2.2619400024414062 -1.1914219856262207
v 0.38268300890922546 2.2238800525665283 -1.1914219856262207
v 0.3764890134334564 2.2089240550994873 -1.2712420225143433
v 0.18824400007724762 2.246367931365967 -1.2712420225143433
v 0.18824400007724762 2.246367931365967 -1.2712420225143433
v 0.3764890134334564 2.2089240550994873 -1.2712420225143433
v 0.3588469922542572 2.166332960128784 -1.3389090299606323
v 0.1794230043888092 2.2020230293273926 -1.3389090299606323
v 0.1794230043888092 2.2020230293273926 -1.3389090299606323
v 0.3588469922542572 2.166332960128784 -1.3389090299606323
v 0.3324440121650696 2.1025919914245605 -1.3841229677200317
v 0.1662220060825348 2.1356561183929443 -1.3841229677200317
v 0.1662220060825348 2.1356561183929443 -1.3841229677200317
v 0.3324440121650696 2.1025919914245605 -1.3841229677200317
v 0.3012999892234802 2.0274040699005127 -1.399999976158142
v 0.1506499946117401 2.0573699474334717 -1.399999976158142
v 0.5448949933052063 2.115493059158325 -1.1914219856262207
v 0.7071070075035095 2.0071070194244385 -1.1914219856262207
v 0.6956599950790405 1.9956599473953247 -1.2712420225143433
v 0.5360739827156067 2.102292060852051 -1.2712420225143433
v 0.5360739827156067 2.102292060852051 -1.2712420225143433
v 0.6956599950790405 1.9956599473953247 -1.2712420225143433
v 0.6630629897117615 1.9630630016326904 -1.3389090299606323
v 0.5109549760818481 2.0646979808807373 -1.3389090299606323
v 0.5109549760818481 2.0646979808807373 -1.3389090299606323
v 0.6630629897117615 1.9630630016326904 -1.3389090299606323
v 0.6142770051956177 1.9142769575119019 -1.3841229677200317
v 0.47336098551750183 2.008435010910034 -1.3841229677200317
v 0.47336098551750183 2.008435010910034 -1.3841229677200317
v 0.6142770051956177 1.9142769575119019 -1.3841229677200317
v 0.5567309856414795 1.8567310571670532 -1.399999976158142
v 0.42901599407196045 1.94206702709198 -1.399999976158142
v 0.8154929876327515 1.8448950052261353 -1.1914219856262207
v 0.9238799810409546 1.682682991027832 -1.1914219856262207
v 0.9089239835739136 1.676488995552063 -1.2712420225143433
v 0.802291989326477 1.8360739946365356 -1.2712420225143433
v 0.802291989326477 1.8360739946365356 -1.2712420225143433
v 0.9089239835739136 1.676488995552063 -1.2712420225143433
v 0.8663330078125 1.6588469743728638 -1.3389090299606323
v 0.7646980285644531 1.8109550476074219 -1.3389090299606323
v 0.7646980285644531 1.8109550476074219 -1.3389090299606323
v 0.8663330078125 1.6588469743728638 -1.3389090299606323
v 0.8025919795036316 1.6324440240859985 -1.3841229677200317
v 0.7084349989891052 1.7733609676361084 -1.3841229677200317
v 0.7084349989891052 1.7733609676361084 -1.3841229677200317
v 0.8025919795036316 1.6324440240859985 -1.3841229677200317
v 0.727403998374939 1.6013000011444092 -1.399999976158142
v 0.642067015171051 1.7290159463882446 -1.399999976158142
v 0.9238799810409546 1.682682991027832 -1.1914219856262207
v 1 1.2999999523162842 -1.1914219856262207
v 0.9838119745254517 1.2999999523162842 -1.2712420225143433
v 0.9089239835739136 1.676488995552063 -1.2712420225143433
v 0.9089239835739136 1.676488995552063 -1.2712420225143433
v 0.9838119745254517 1.2999999523162842 -1.2712420225143433
v 0.9377120137214661 1.2999999523162842 -1.3389090299606323
v 0.8663330078125 1.6588469743728638 -1.3389090299606323
v 0.8663330078125 1.6588469743728638 -1.3389090299606323
v 0.9377120137214661 1.2999999523162842 -1.3389090299606323
v 0.8687189817428589 1.2999999523162842 -1.3841229677200317
v 0.8025919795036316 1.6324440240859985 -1.3841229677200317
v 0.8025919795036316 1.6324440240859985 -1.3841229677200317
v 0.8687189817428589 1.2999999523162842 -1.3841229677200317
v 0.787335991859436 1.2999999523162842 -1.399999976158142
v 0.727403998374939 1.6013000011444092 -1.399999976158142
v 1 1.2999999523162842 -1.1914219856262207
v 0.9238799810409546 0.9173169732093811 -1.1914219856262207
v 0.9089239835739136 0.9235110282897949 -1.2712420225143433
v 0.9838119745254517 1.2999999523162842 -1.2712420225143433
v 0.9838119745254517 1.2999999523162842 -1.2712420225143433
v 0.9089239835739136 0.9235110282897949 -1.2712420225143433
v 0.8663330078125 0.9411529898643494 -1.3389090299606323
v 0.9377120137214661 1.2999999523162842 -1.3389090299606323
v 0.9377120137214661 1.2999999523162842 -1.3389090299606323
v 0.8663330078125 0.9411529898643494 -1.3389090299606323
v 0.8025919795036316 0.9675559997558594 -1.3841229677200317
v 0.8687189817428589 1.2999999523162842 -1.3841229677200317
v 0.8687189817428589 1.2999999523162842 -1.3841229677200317
v 0.8025919795036316 0.9675559997558594 -1.3841229677200317
v 0.727403998374939 0.9987000226974487 -1.399999976158142
v 0.787335991859436 1.2999999523162842 -1.399999976158142
v 0.9238799810409546 0.9173169732093811 -1.1914219856262207
v 0.7071070075035095 0.5928930044174194 -1.1914230585098267
v 0.6956599950790405 0.6043400168418884 -1.2712420225143433
v 0.9089239835739136 0.9235110282897949 -1.2712420225143433
v 0.9089239835739136 0.9235110282897949 -1.2712420225143433
v 0.6956599950790405 0.6043400168418884 -1.2712420225143433
v 0.6630629897117615 0.6369370222091675 -1.3389090299606323
v 0.8663330078125 0.9411529898643494 -1.3389090299606323
v 0.8663330078125 0.9411529898643494 -1.3389090299606323
v 0.6630629897117615 0.6369370222091675 -1.3389090299606323
v 0.6142770051956177 0.6857230067253113 -1.3841229677200317
v 0.8025919795036316 0.9675559997558594 -1.3841229677200317
v 0.8025919795036316 0.9675559997558594 -1.3841229677200317
v 0.6142770051956177 0.6857230067253113 -1.3841229677200317
v 0.5567309856414795 0.7432690262794495 -1.399999976158142
v 0.727403998374939 0.9987000226974487 -1.399999976158142
v 0.7071070075035095 0.5928930044174194 -1.1914230585098267
v 0.38268300890922546 0.37612101435661316 -1.1914230585098267
v 0.3764890134334564 0.391075998544693 -1.2712420225143433
v 0.6956599950790405 0.6043400168418884 -1.2712420225143433
v 0.6956599950790405 0.6043400168418884 -1.2712420225143433
v 0.3764890134334564 0.391075998544693 -1.2712420225143433
v 0.3588469922542572 0.43366700410842896 -1.3389090299606323
v 0.6630629897117615 0.6369370222091675 -1.3389090299606323
v 0.6630629897117615 0.6369370222091675 -1.3389090299606323
v 0.3588469922542572 0.43366700410842896 -1.3389090299606323
v 0.3324440121650696 0.497408002614975 -1.3841229677200317
v 0.6142770051956177 0.6857230067253113 -1.3841229677200317
v 0.6142770051956177 0.6857230067253113 -1.3841229677200317
v 0.3324440121650696 0.497408002614975 -1.3841229677200317
v 0.3012999892234802 0.57259601354599 -1.399999976158142
v 0.5567309856414795 0.7432690262794495 -1.399999976158142
v 0.38268300890922546 0.37612101435661316 -1.1914230585098267
v 0 0.30000001192092896 -1.1914230585098267
v 0 0.3161880075931549 -1.2712420225143433
v 0.3764890134334564 0.391075998544693 -1.2712420225143433
v 0.3764890134334564 0.391075998544693 -1.2712420225143433
v 0 0.3161880075931549 -1.2712420225143433
v 0 0.3622879981994629 -1.3389090299606323
v 0.3588469922542572 0.43366700410842896 -1.3389090299606323
v 0.3588469922542572 0.43366700410842896 -1.3389090299606323
v 0 0.3622879981994629 -1.3389090299606323
v 0 0.4312810003757477 -1.3841229677200317
v 0.3324440121650696 0.497408002614975 -1.3841229677200317
v 0.3324440121650696 0.497408002614975 -1.3841229677200317
v 0 0.4312810003757477 -1.3841229677200317
v 0 0.5126640200614929 -1.399999976158142
v 0.3012999892234802 0.57259601354599 -1.399999976158142
v 0 0.30000001192092896 -1.1914230585098267
v -0.38268300890922546 0.37612101435661316 -1.1914230585098267
v -0.3764890134334564 0.391075998544693 -1.2712420225143433
v 0 0.3161880075931549 -1.2712420225143433
v 0 0.3161880075931549 -1.2712420225143433
v -0.3764890134334564 0.391075998544693 -1.2712420225143433
v -0.3588469922542572 0.43366700410842896 -1.3389090299606323
v 0 0.3622879981994629 -1.3389090299606323
v 0 0.3622879981994629 -1.3389090299606323
v -0.3588469922542572 0.43366700410842896 -1.3389090299606323
v -0.3324440121650696 0.497408002614975 -1.3841229677200317
v 0 0.4312810003757477 -1.3841229677200317
v 0 0.4312810003757477 -1.3841229677200317
v -0.3324440121650696 0.497408002614975 -1.3841229677200317
v -0.3012999892234802 0.57259601354599 -1.399999976158142
v 0 0.5126640200614929 -1.399999976158142
v -0.38268300890922546 0.37612101435661316 -1.1914230585098267
v -0.7071070075035095 0.5928930044174194 -1.1914230585098267
v -0.6956599950790405 0.6043400168418884 -1.2712420225143433
v -0.3764890134334564 0.391075998544693 -1.2712420225143433
v -0.3764890134334564 0.391075998544693 -1.2712420225143433
v -0.6956599950790405 0.6043400168418884 -1.2712420225143433
v -0.6630629897117615 0.6369370222091675 -1.3389090299606323
v -0.3588469922542572 0.43366700410842896 -1.3389090299606323
v -0.3588469922542572 0.43366700410842896 -1.3389090299606323
v -0.6630629897117615 0.6369370222091675 -1.3389090299606323
v -0.6142770051956177 0.6857230067253113 -1.3841229677200317
v -0.3324440121650696 0.497408002614975 -1.3841229677200317
v -0.3324440121650696 0.497408002614975 -1.3841229677200317
v -0.6142770051956177 0.6857230067253113 -1.3841229677200317
v -0.5567309856414795 0.7432690262794495 -1.399999976158142
v -0.3012999892234802 0.57259601354599 -1.399999976158142
v -0.7071070075035095 0.5928930044174194 -1.1914230585098267
v -0.9238799810409546 0.9173169732093811 -1.1914219856262207
v -0.9089239835739136 0.9235110282897949 -1.2712420225143433
v -0.6956599950790405 0.6043400168418884 -1.2712420225143433
v -0.6956599950790405 0.6043400168418884 -1.2712420225143433
v -0.9089239835739136 0.9235110282897949 -1.2712420225143433
v -0.8663330078125 0.9411529898643494 -1.3389090299606323
v -0.6630629897117615 0.6369370222091675 -1.3389090299606323
v -0.6630629897117615 0.6369370222091675 -1.3389090299606323
v -0.8663330078125 0.9411529898643494 -1.3389090299606323
v -0.8025919795036316 0.9675559997558594 -1.3841229677200317
v -0.6142770051956177 0.6857230067253113 -1.3841229677200317
v -0.6142770051956177 0.6857230067253113 -1.3841229677200317
v -0.8025919795036316 0.9675559997558594 -1.3841229677200317
v -0.727403998374939 0.9987000226974487 -1.399999976158142
v -0.5567309856414795 0.7432690262794495 -1.399999976158142
v -0.9238799810409546 0.9173169732093811 -1.1914219856262207
v -1 1.2999999523162842 -1.1914219856262207
v -0.9838119745254517 1.2999999523162842 -1.2712420225143433
v -0.9089239835739136 0.9235110282897949 -1.2712420225143433
v -0.9089239835739136 0.9235110282897949 -1.2712420225143433
v -0.9838119745254517 1.2999999523162842 -1.2712420225143433
v -0.9377120137214661 1.2999999523162842 -1.3389090299606323
v -0.8663330078125 0.9411529898643494 -1.3389090299606323
v -0.8663330078125 0.9411529898643494 -1.3389090299606323
v -0.9377120137214661 1.2999999523162842 -1.3389090299606323
v -0.8687189817428589 1.2999999523162842 -1.3841229677200317
v -0.8025919795036316 0.9675559997558594 -1.3841229677200317
v -0.8025919795036316 0.9675559997558594 -1.3841229677200317
v -0.8687189817428589 1.2999999523162842 -1.3841229677200317
v -0.787335991859436 1.2999999523162842 -1.399999976158142
v -0.727403998374939 0.9987000226974487 -1.399999976158142
v -1 1.2999999523162842 -1.1914219856262207
v -0.9238799810409546 1.682682991027832 -1.1914219856262207
v -0.9089239835739136 1.676488995552063 -1.2712420225143433
v -0.9838119745254517 1.2999999523162842 -1.2712420225143433
v -0.9838119745254517 1.2999999523162842 -1.2712420225143433
v -0.9089239835739136 1.676488995552063 -1.2712420225143433
v -0.8663330078125 1.6588469743728638 -1.3389090299606323
v -0.9377120137214661 1.2999999523162842 -1.3389090299606323
v -0.9377120137214661 1.2999999523162842 -1.3389090299606323
v -0.8663330078125 1.6588469743728638 -1.3389090299606323
v -0.8025919795036316 1.6324440240859985 -1.3841229677200317
v -0.8687189817428589 1.2999999523162842 -1.3841229677200317
v -0.8687189817428589 1.2999999523162842 -1.3841229677200317
v -0.8025919795036316 1.6324440240859985 -1.3841229677200317
v -0.727403998374939 1.6013000011444092 -1.399999976158142
v -0.787335991859436 1.2999999523162842 -1.399999976158142
v -0.9238799810409546 1.682682991027832 -1.1914219856262207
v -0.7071070075035095 2.0071070194244385 -1.1914219856262207
v -0.6956599950790405 1.9956599473953247 -1.2712420225143433
v -0.9089239835739136 1.676488995552063 -1.2712420225143433
v -0.9089239835739136 1.676488995552063 -1.2712420225143433
v -0.6956599950790405 1.9956599473953247 -1.2712420225143433
v -0.6630629897117615 1.9630630016326904 -1.3389090299606323
v -0.8663330078125 1.6588469743728638 -1.3389090299606323
v -0.8663330078125 1.6588469743728638 -1.3389090299606323
v -0.6630629897117615 1.9630630016326904 -1.3389090299606323
v -0.6142770051956177 1.9142769575119019 -1.3841229677200317
v -0.8025919795036316 1.6324440240859985 -1.3841229677200317
v -0.8025919795036316 1.6324440240859985 -1.3841229677200317
v -0.6142770051956177 1.9142769575119019 -1.3841229677200317
v -0.5567309856414795 1.8567310571670532 -1.399999976158142
v -0.727403998374939 1.6013000011444092 -1.399999976158142
v -0.5448949933052063 2.115493059158325 -1.1914219856262207
v -0.38268300890922546 2.2238800525665283 -1.1914219856262207
v -0.3764890134334564 2.2089240550994873 -1.2712420225143433
v -0.5360739827156067 2.102292060852051 -1.2712420225143433
v -0.5360739827156067 2.102292060852051 -1.2712420225143433
v -0.3764890134334564 2.2089240550994873 -1.2712420225143433
v -0.3588469922542572 2.166332960128784 -1.3389090299606323
v -0.5109549760818481 2.0646979808807373 -1.3389090299606323
v -0.5109549760818481 2.0646979808807373 -1.3389090299606323
v -0.3588469922542572 2.166332960128784 -1.3389090299606323
v -0.3324440121650696 2.1025919914245605 -1.3841229677200317
v -0.47336098551750183 2.008435010910034 -1.3841229677200317
v -0.47336098551750183 2.008435010910034 -1.3841229677200317
v -0.3324440121650696 2.1025919914245605 -1.3841229677200317
v -0.3012999892234802 2.0274040699005127 -1.399999976158142
v -0.42901599407196045 1.94206702709198 -1.399999976158142
v -0.19134199619293213 2.2619400024414062 -1.1914219856262207
v 0 2.299999952316284 -1.1914219856262207
v 0 2.2838120460510254 -1.2712420225143433
v -0.18824400007724762 2.246367931365967 -1.2712420225143433
v -0.18824400007724762 2.246367931365967 -1.2712420225143433
v 0 2.2838120460510254 -1.2712420225143433
v 0 2.2377119064331055 -1.3389090299606323
v -0.1794230043888092 2.2020230293273926 -1.3389090299606323
v -0.1794230043888092 2.2020230293273926 -1.3389090299606323
v 0 2.2377119064331055 -1.3389090299606323
v 0 2.1687190532684326 -1.3841229677200317
v -0.1662220060825348 2.1356561183929443 -1.3841229677200317
v -0.1662220060825348 2.1356561183929443 -1.3841229677200317
v 0 2.1687190532684326 -1.3841229677200317
v 0 2.0873360633850098 -1.399999976158142
v -0.1506499946117401 2.0573699474334717 -1.399999976158142
v 0 2.0873360633850098 -1.399999976158142
v 0.1506499946117401 2.0573699474334717 -1.399999976158142
v 0.3012999892234802 2.0274040699005127 -1.399999976158142
v 0.42901599407196045 1.94206702709198 -1.399999976158142
v 0.5567309856414795 1.8567310571670532 -1.399999976158142
v 0.642067015171051 1.7290159463882446 -1.399999976158142
v 0.727403998374939 1.6013000011444092 -1.399999976158142
v 0.787335991859436 1.2999999523162842 -1.399999976158142
v 0.727403998374939 0.9987000226974487 -1.399999976158142
v 0.5567309856414795 0.7432690262794495 -1.399999976158142
v 0.3012999892234802 0.57259601354599 -1.399999976158142
v 0 0.5126640200614929 -1.399999976158142
v -0.3012999892234802 0.57259601354599 -1.399999976158142
v -0.5567309856414795 0.7432690262794495 -1.399999976158142
v -0.727403998374939 0.9987000226974487 -1.399999976158142
v -0.787335991859436 1.2999999523162842 -1.399999976158142
v -0.727403998374939 1.6013000011444092 -1.399999976158142
v -0.5567309856414795 1.8567310571670532 -1.399999976158142
v -0.42901599407196045 1.94206702709198 -1.399999976158142
v -0.3012999892234802 2.0274040699005127 -1.399999976158142
v -0.1506499946117401 2.0573699474334717 -1.399999976158142
v 0.1881359964609146 2.245821952819824 1.5517489910125732
v 0 2.2832438945770264 1.5517489910125732
v 0 2.235527992248535 1.6217889785766602
v 0.17900599539279938 2.1999220848083496 1.6217889785766602
v 0.17900599539279938 2.1999220848083496 1.6217889785766602
v 0 2.235527992248535 1.6217889785766602
v 0 2.1641170978546143 1.6685880422592163
v 0.16534200310707092 2.131227970123291 1.6685880422592163
v 0.16534200310707092 2.131227970123291 1.6685880422592163
v 0 2.1641170978546143 1.6685880422592163
v 0 2.079880952835083 1.6850210428237915
v 0.14922399818897247 2.050199031829834 1.6850210428237915
v 0.5448949933052063 2.115493059158325 1.4691319465637207
v 0.38268300890922546 2.223879098892212 1.4691319465637207
v 0.37627100944519043 2.2083990573883057 1.5517489910125732
v 0.5357649922370911 2.1018290519714355 1.5517489910125732
v 0.5357649922370911 2.1018290519714355 1.5517489910125732
v 0.37627100944519043 2.2083990573883057 1.5517489910125732
v 0.35801100730895996 2.164315938949585 1.6217889785766602
v 0.5097650289535522 2.0629169940948486 1.6217889785766602
v 0.5097650289535522 2.0629169940948486 1.6217889785766602
v 0.35801100730895996 2.164315938949585 1.6217889785766602
v 0.33068299293518066 2.0983400344848633 1.6685880422592163
v 0.4708530008792877 2.00468111038208 1.6685880422592163
v 0.4708530008792877 2.00468111038208 1.6685880422592163
v 0.33068299293518066 2.0983400344848633 1.6685880422592163
v 0.29844799637794495 2.0205159187316895 1.6850210428237915
v 0.42495301365852356 1.9359869956970215 1.6850210428237915
v 0.8154929876327515 1.8448950052261353 1.4691319465637207
v 0.7071070075035095 2.0071070194244385 1.4691319465637207
v 0.6952589750289917 1.9952590465545654 1.5517489910125732
v 0.8018289804458618 1.83576500415802 1.5517489910125732
v 0.8018289804458618 1.83576500415802 1.5517489910125732
v 0.6952589750289917 1.9952590465545654 1.5517489910125732
v 0.6615189909934998 1.9615190029144287 1.6217889785766602
v 0.7629169821739197 1.8097649812698364 1.6217889785766602
v 0.7629169821739197 1.8097649812698364 1.6217889785766602
v 0.6615189909934998 1.9615190029144287 1.6217889785766602
v 0.6110230088233948 1.9110230207443237 1.6685880422592163
v 0.7046809792518616 1.770853042602539 1.6685880422592163
v 0.7046809792518616 1.770853042602539 1.6685880422592163
v 0.6110230088233948 1.9110230207443237 1.6685880422592163
v 0.551459014415741 1.85145902633667 1.6850210428237915
v 0.6359879970550537 1.724953055381775 1.6850210428237915
v 1 1.2999999523162842 1.4691319465637207
v 0.9238799810409546 1.682682991027832 1.4691319465637207
v 0.9083989858627319 1.6762709617614746 1.5517489910125732
v 0.983244001865387 1.2999999523162842 1.5517489910125732
v 0.983244001865387 1.2999999523162842 1.5517489910125732
v 0.9083989858627319 1.6762709617614746 1.5517489910125732
v 0.8643159866333008 1.6580109596252441 1.6217889785766602
v 0.9355289936065674 1.2999999523162842 1.6217889785766602
v 0.9355289936065674 1.2999999523162842 1.6217889785766602
v 0.8643159866333008 1.6580109596252441 1.6217889785766602
v 0.7983400225639343 1.6306829452514648 1.6685880422592163
v 0.8641170263290405 1.2999999523162842 1.6685880422592163
v 0.8641170263290405 1.2999999523162842 1.6685880422592163
v 0.7983400225639343 1.6306829452514648 1.6685880422592163
v 0.72051602602005 1.5984469652175903 1.6850210428237915
v 0.7798810005187988 1.2999999523162842 1.6850210428237915
v 0.9238799810409546 0.9173160195350647 1.4691319465637207
v 1 1.2999999523162842 1.4691319465637207
v 0.983244001865387 1.2999999523162842 1.5517489910125732
v 0.9083989858627319 0.9237279891967773 1.5517489910125732
v 0.9083989858627319 0.9237279891967773 1.5517489910125732
v 0.983244001865387 1.2999999523162842 1.5517489910125732
v 0.9355289936065674 1.2999999523162842 1.6217889785766602
v 0.8643159866333008 0.941989004611969 1.6217889785766602
v 0.8643159866333008 0.941989004611969 1.6217889785766602
v 0.9355289936065674 1.2999999523162842 1.6217889785766602
v 0.8641170263290405 1.2999999523162842 1.6685880422592163
v 0.7983400225639343 0.9693170189857483 1.6685880422592163
v 0.7983400225639343 0.9693170189857483 1.6685880422592163
v 0.8641170263290405 1.2999999523162842 1.6685880422592163
v 0.7798810005187988 1.2999999523162842 1.6850210428237915
v 0.72051602602005 1.0015519857406616 1.6850210428237915
v 0.7071070075035095 0.5928930044174194 1.4691319465637207
v 0.9238799810409546 0.9173160195350647 1.4691319465637207
v 0.9083989858627319 0.9237279891967773 1.5517489910125732
v 0.6952589750289917 0.6047409772872925 1.5517489910125732
v 0.6952589750289917 0.6047409772872925 1.5517489910125732
v 0.9083989858627319 0.9237279891967773 1.5517489910125732
v 0.8643159866333008 0.941989004611969 1.6217889785766602
v 0.6615189909934998 0.6384810209274292 1.6217889785766602
v 0.6615189909934998 0.6384810209274292 1.6217889785766602
v 0.8643159866333008 0.941989004611969 1.6217889785766602
v 0.7983400225639343 0.9693170189857483 1.6685880422592163
v 0.6110230088233948 0.6889770030975342 1.6685880422592163
v 0.6110230088233948 0.6889770030975342 1.6685880422592163
v 0.7983400225639343 0.9693170189857483 1.6685880422592163
v 0.72051602602005 1.0015519857406616 1.6850210428237915
v 0.551459014415741 0.748540997505188 1.6850210428237915
v 0.38268300890922546 0.376120001077652 1.4691319465637207
v 0.7071070075035095 0.5928930044174194 1.4691319465637207
v 0.6952589750289917 0.6047409772872925 1.5517489910125732
v 0.37627100944519043 0.39160099625587463 1.5517489910125732
v 0.37627100944519043 0.39160099625587463 1.5517489910125732
v 0.6952589750289917 0.6047409772872925 1.5517489910125732
v 0.6615189909934998 0.6384810209274292 1.6217889785766602
v 0.35801100730895996 0.4356839954853058 1.6217889785766602
v 0.35801100730895996 0.4356839954853058 1.6217889785766602
v 0.6615189909934998 0.6384810209274292 1.6217889785766602
v 0.6110230088233948 0.6889770030975342 1.6685880422592163
v 0.33068299293518066 0.5016599893569946 1.6685880422592163
v 0.33068299293518066 0.5016599893569946 1.6685880422592163
v 0.6110230088233948 0.6889770030975342 1.6685880422592163
v 0.551459014415741 0.748540997505188 1.6850210428237915
v 0.29844799637794495 0.5794839859008789 1.6850210428237915
v 0 0.30000001192092896 1.4691319465637207
v 0.38268300890922546 0.376120001077652 1.4691319465637207
v 0.37627100944519043 0.39160099625587463 1.5517489910125732
v 0 0.3167549967765808 1.5517489910125732
v 0 0.3167549967765808 1.5517489910125732
v 0.37627100944519043 0.39160099625587463 1.5517489910125732
v 0.35801100730895996 0.4356839954853058 1.6217889785766602
v 0 0.3644709885120392 1.6217889785766602
v 0 0.3644709885120392 1.6217889785766602
v 0.35801100730895996 0.4356839954853058 1.6217889785766602
v 0.33068299293518066 0.5016599893569946 1.6685880422592163
v 0 0.4358829855918884 1.6685880422592163
v 0 0.4358829855918884 1.6685880422592163
v 0.33068299293518066 0.5016599893569946 1.6685880422592163
v 0.29844799637794495 0.5794839859008789 1.6850210428237915
v 0 0.5201190114021301 1.6850210428237915
v -0.38268300890922546 0.376120001077652 1.4691319465637207
v 0 0.30000001192092896 1.4691319465637207
v 0 0.3167549967765808 1.5517489910125732
v -0.37627100944519043 0.39160001277923584 1.5517489910125732
v -0.37627100944519043 0.39160001277923584 1.5517489910125732
v 0 0.3167549967765808 1.5517489910125732
v 0 0.3644709885120392 1.6217889785766602
v -0.35801100730895996 0.4356839954853058 1.6217889785766602
v -0.35801100730895996 0.4356839954853058 1.6217889785766602
v 0 0.3644709885120392 1.6217889785766602
v 0 0.4358829855918884 1.6685880422592163
v -0.33068299293518066 0.5016599893569946 1.6685880422592163
v -0.33068299293518066 0.5016599893569946 1.6685880422592163
v 0 0.4358829855918884 1.6685880422592163
v 0 0.5201190114021301 1.6850210428237915
v -0.29844701290130615 0.5794839859008789 1.6850210428237915
v -0.7071070075035095 0.5928930044174194 1.4691319465637207
v -0.38268300890922546 0.376120001077652 1.4691319465637207
v -0.37627100944519043 0.39160001277923584 1.5517489910125732
v -0.6952589750289917 0.6047409772872925 1.5517489910125732
v -0.6952589750289917 0.6047409772872925 1.5517489910125732
v -0.37627100944519043 0.39160001277923584 1.5517489910125732
v -0.35801100730895996 0.4356839954853058 1.6217889785766602
v -0.6615189909934998 0.6384810209274292 1.6217889785766602
v -0.6615189909934998 0.6384810209274292 1.6217889785766602
v -0.35801100730895996 0.4356839954853058 1.6217889785766602
v -0.33068299293518066 0.5016599893569946 1.6685880422592163
v -0.6110230088233948 0.6889770030975342 1.6685880422592163
v -0.6110230088233948 0.6889770030975342 1.6685880422592163
v -0.33068299293518066 0.5016599893569946 1.6685880422592163
v -0.29844701290130615 0.5794839859008789 1.6850210428237915
v -0.551459014415741 0.748540997505188 1.6850210428237915
v -0.9238799810409546 0.9173160195350647 1.4691319465637207
v -0.7071070075035095 0.5928930044174194 1.4691319465637207
v -0.6952589750289917 0.6047409772872925 1.5517489910125732
v -0.9083989858627319 0.9237279891967773 1.5517489910125732
v -0.9083989858627319 0.9237279891967773 1.5517489910125732
v -0.6952589750289917 0.6047409772872925 1.5517489910125732
v -0.6615189909934998 0.6384810209274292 1.6217889785766602
v -0.8643159866333008 0.941989004611969 1.6217889785766602
v -0.8643159866333008 0.941989004611969 1.6217889785766602
v -0.6615189909934998 0.6384810209274292 1.6217889785766602
v -0.6110230088233948 0.6889770030975342 1.6685880422592163
v -0.7983400225639343 0.9693170189857483 1.6685880422592163
v -0.7983400225639343 0.9693170189857483 1.6685880422592163
v -0.6110230088233948 0.6889770030975342 1.6685880422592163
v -0.551459014415741 0.748540997505188 1.6850210428237915
v -0.72051602602005 1.0015519857406616 1.6850210428237915
v -1 1.2999999523162842 1.4691319465637207
v -0.9238799810409546 0.9173160195350647 1.4691319465637207
v -0.9083989858627319 0.9237279891967773 1.5517489910125732
v -0.983244001865387 1.2999999523162842 1.5517489910125732
v -0.983244001865387 1.2999999523162842 1.5517489910125732
v -0.9083989858627319 0.9237279891967773 1.5517489910125732
v -0.8643159866333008 0.941989004611969 1.6217889785766602
v -0.9355289936065674 1.2999999523162842 1.6217889785766602
v -0.9355289936065674 1.2999999523162842 1.6217889785766602
v -0.8643159866333008 0.941989004611969 1.6217889785766602
v -0.7983400225639343 0.9693170189857483 1.6685880422592163
v -0.8641170263290405 1.2999999523162842 1.6685880422592163
v -0.8641170263290405 1.2999999523162842 1.6685880422592163
v -0.7983400225639343 0.9693170189857483 1.6685880422592163
v -0.72051602602005 1.0015519857406616 1.6850210428237915
v -0.7798810005187988 1.2999999523162842 1.6850210428237915
v -0.9238799810409546 1.682682991027832 1.4691319465637207
v -1 1.2999999523162842 1.4691319465637207
v -0.983244001865387 1.2999999523162842 1.5517489910125732
v -0.9083989858627319 1.6762709617614746 1.5517489910125732
v -0.9083989858627319 1.6762709617614746 1.5517489910125732
v -0.983244001865387 1.2999999523162842 1.5517489910125732
v -0.9355289936065674 1.2999999523162842 1.6217889785766602
v -0.8643159866333008 1.6580109596252441 1.6217889785766602
v -0.8643159866333008 1.6580109596252441 1.6217889785766602
v -0.9355289936065674 1.2999999523162842 1.6217889785766602
v -0.8641170263290405 1.2999999523162842 1.6685880422592163
v -0.7983400225639343 1.6306829452514648 1.6685880422592163
v -0.7983400225639343 1.6306829452514648 1.6685880422592163
v -0.8641170263290405 1.2999999523162842 1.6685880422592163
v -0.7798810005187988 1.2999999523162842 1.6850210428237915
v -0.72051602602005 1.5984469652175903 1.6850210428237915
v -0.7071070075035095 2.0071070194244385 1.4691319465637207
v -0.9238799810409546 1.682682991027832 1.4691319465637207
v -0.9083989858627319 1.6762709617614746 1.5517489910125732
v -0.6952589750289917 1.9952590465545654 1.5517489910125732
v -0.6952589750289917 1.9952590465545654 1.5517489910125732
v -0.9083989858627319 1.6762709617614746 1.5517489910125732
v -0.8643159866333008 1.6580109596252441 1.6217889785766602
v -0.6615189909934998 1.9615190029144287 1.6217889785766602
v -0.6615189909934998 1.9615190029144287 1.6217889785766602
v -0.8643159866333008 1.6580109596252441 1.6217889785766602
v -0.7983400225639343 1.6306829452514648 1.6685880422592163
v -0.6110230088233948 1.9110230207443237 1.6685880422592163
v -0.6110230088233948 1.9110230207443237 1.6685880422592163
v -0.7983400225639343 1.6306829452514648 1.6685880422592163
v -0.72051602602005 1.5984469652175903 1.6850210428237915
v -0.551459014415741 1.85145902633667 1.6850210428237915
v -0.5448949933052063 2.115493059158325 1.4691319465637207
v -0.7071070075035095 2.0071070194244385 1.4691319465637207
v -0.6952589750289917 1.9952590465545654 1.5517489910125732
v -0.5357649922370911 2.1018290519714355 1.5517489910125732
v -0.5357649922370911 2.1018290519714355 1.5517489910125732
v -0.6952589750289917 1.9952590465545654 1.5517489910125732
v -0.6615189909934998 1.9615190029144287 1.6217889785766602
v -0.5097650289535522 2.0629169940948486 1.6217889785766602
v -0.5097650289535522 2.0629169940948486 1.6217889785766602
v -0.6615189909934998 1.9615190029144287 1.6217889785766602
v -0.6110230088233948 1.9110230207443237 1.6685880422592163
v -0.4708530008792877 2.00468111038208 1.6685880422592163
v -0.4708530008792877 2.00468111038208 1.6685880422592163
v -0.6110230088233948 1.9110230207443237 1.6685880422592163
v -0.551459014415741 1.85145902633667 1.6850210428237915
v -0.42495301365852356 1.9359869956970215 1.6850210428237915
v -0.19134199619293213 2.2619400024414062 1.4691319465637207
v -0.38268300890922546 2.223879098892212 1.4691319465637207
v -0.37627100944519043 2.2083990573883057 1.5517489910125732
v -0.1881359964609146 2.245821952819824 1.5517489910125732
v -0.1881359964609146 2.245821952819824 1.5517489910125732
v -0.37627100944519043 2.2083990573883057 1.5517489910125732
v -0.35801100730895996 2.164315938949585 1.6217889785766602
v -0.17900599539279938 2.1999220848083496 1.6217889785766602
v -0.17900599539279938 2.1999220848083496 1.6217889785766602
v -0.35801100730895996 2.164315938949585 1.6217889785766602
v -0.33068299293518066 2.0983400344848633 1.6685880422592163
v -0.16534200310707092 2.131227970123291 1.6685880422592163
v -0.16534200310707092 2.131227970123291 1.6685880422592163
v -0.33068299293518066 2.0983400344848633 1.6685880422592163
v -0.29844701290130615 2.0205159187316895 1.6850210428237915
v -0.14922399818897247 2.050199031829834 1.6850210428237915
v 0.29844799637794495 2.0205159187316895 1.6850210428237915
v 0.14922399818897247 2.050199031829834 1.6850210428237915
v 0 2.079880952835083 1.6850210428237915
v -0.14922399818897247 2.050199031829834 1.6850210428237915
v -0.29844701290130615 2.0205159187316895 1.6850210428237915
v -0.42495301365852356 1.9359869956970215 1.6850210428237915
v -0.551459014415741 1.85145902633667 1.6850210428237915
v -0.72051602602005 1.5984469652175903 1.6850210428237915
v -0.7798810005187988 1.2999999523162842 1.6850210428237915
v -0.72051602602005 1.0015519857406616 1.6850210428237915
v -0.551459014415741 0.748540997505188 1.6850210428237915
v -0.29844701290130615 0.5794839859008789 1.6850210428237915
v 0 0.5201190114021301 1.6850210428237915
v 0.29844799637794495 0.5794839859008789 1.6850210428237915
v 0.551459014415741 0.748540997505188 1.6850210428237915
v 0.72051602602005 1.0015519857406616 1.6850210428237915
v 0.7798810005187988 1.2999999523162842 1.6850210428237915
v 0.72051602602005 1.5984469652175903 1.6850210428237915
v 0.6359879970550537 1.724953055381775 1.6850210428237915
v 0.551459014415741 1.85145902633667 1.6850210428237915
v 0.42495301365852356 1.9359869956970215 1.6850210428237915
v 0.33068299293518066 2.0983400344848633 1.6685880422592163
v 0.29844799637794495 2.0205159187316895 1.6850210428237915
v 0.35801100730895996 2.164315938949585 1.6217889785766602
v 0.33068299293518066 2.0983400344848633 1.6685880422592163
v 0.37627100944519043 2.2083990573883057 1.5517489910125732
v 0.35801100730895996 2.164315938949585 1.6217889785766602
v 0 2.1687190532684326 -1.3841229677200317
v 0 2.0873360633850098 -1.399999976158142
v 0 2.2377119064331055 -1.3389090299606323
v 0 2.1687190532684326 -1.3841229677200317
v 0 2.2838120460510254 -1.2712420225143433
v 0 2.2377119064331055 -1.3389090299606323
v 0 2.299999952316284 -1.1914219856262207
v 0 2.2838120460510254 -1.2712420225143433
v 0.38268300890922546 2.223879098892212 1.4691319465637207
v 0.38268300890922546 2.223879098892212 1.4691319465637207
v 0.37627100944519043 2.2083990573883057 1.5517489910125732
v 0 2.299999952316284 0.8003699779510498
v 0.6110230088233948 1.9110230207443237 1.6685880422592163
v 0.551459014415741 1.85145902633667 1.6850210428237915
v 0.6615189909934998 1.9615190029144287 1.6217889785766602
v 0.6110230088233948 1.9110230207443237 1.6685880422592163
v 0.6952589750289917 1.9952590465545654 1.5517489910125732
v 0.6615189909934998 1.9615190029144287 1.6217889785766602
v 0.7071070075035095 2.0071070194244385 1.4691319465637207
v 0.6952589750289917 1.9952590465545654 1.5517489910125732
v 0.3324440121650696 2.1025919914245605 -1.3841229677200317
v 0.3012999892234802 2.0274040699005127 -1.399999976158142
v 0.3588469922542572 2.166332960128784 -1.3389090299606323
v 0.3324440121650696 2.1025919914245605 -1.3841229677200317
v 0.3764890134334564 2.2089240550994873 -1.2712420225143433
v 0.3588469922542572 2.166332960128784 -1.3389090299606323
v 0.38268300890922546 2.2238800525665283 -1.1914219856262207
v 0.3764890134334564 2.2089240550994873 -1.2712420225143433
v 0.7071070075035095 2.0071070194244385 1.4691319465637207
v 0.38268300890922546 2.223879098892212 0.8003699779510498
v 0 2.1641170978546143 1.6685880422592163
v 0 2.079880952835083 1.6850210428237915
v 0 2.235527992248535 1.6217889785766602
v 0 2.1641170978546143 1.6685880422592163
v 0 2.2832438945770264 1.5517489910125732
v 0 2.235527992248535 1.6217889785766602
v 0 2.299999952316284 1.4691319465637207
v 0 2.2832438945770264 1.5517489910125732
v -0.3324440121650696 2.1025919914245605 -1.3841229677200317
v -0.3012999892234802 2.0274040699005127 -1.399999976158142
v -0.3588469922542572 2.166332960128784 -1.3389090299606323
v -0.3324440121650696 2.1025919914245605 -1.3841229677200317
v -0.3764890134334564 2.2089240550994873 -1.2712420225143433
v -0.3588469922542572 2.166332960128784 -1.3389090299606323
v -0.38268300890922546 2.2238800525665283 -1.1914219856262207
v -0.3764890134334564 2.2089240550994873 -1.2712420225143433
v 0 2.299999952316284 1.4691319465637207
v -0.38268300890922546 2.223879098892212 0.8003699779510498
v -0.33068299293518066 2.0983400344848633 1.6685880422592163
v -0.29844701290130615 2.0205159187316895 1.6850210428237915
v -0.35801100730895996 2.164315938949585 1.6217889785766602
v -0.33068299293518066 2.0983400344848633 1.6685880422592163
v -0.37627100944519043 2.2083990573883057 1.5517489910125732
v -0.35801100730895996 2.164315938949585 1.6217889785766602
v -0.38268300890922546 2.223879098892212 1.4691319465637207
v -0.37627100944519043 2.2083990573883057 1.5517489910125732
v -0.6142770051956177 1.9142769575119019 -1.3841229677200317
v -0.5567309856414795 1.8567310571670532 -1.399999976158142
v -0.6630629897117615 1.9630630016326904 -1.3389090299606323
v -0.6142770051956177 1.9142769575119019 -1.3841229677200317
v -0.6956599950790405 1.9956599473953247 -1.2712420225143433
v -0.6630629897117615 1.9630630016326904 -1.3389090299606323
v -0.7071070075035095 2.0071070194244385 -1.1914219856262207
v -0.6956599950790405 1.9956599473953247 -1.2712420225143433
v -0.38268300890922546 2.223879098892212 1.4691319465637207
v -0.7071070075035095 2.0071070194244385 0.8003699779510498
v 0.7983400225639343 1.6306829452514648 1.6685880422592163
v 0.72051602602005 1.5984469652175903 1.6850210428237915
v 0.8643159866333008 1.6580109596252441 1.6217889785766602
v 0.7983400225639343 1.6306829452514648 1.6685880422592163
v 0.9083989858627319 1.6762709617614746 1.5517489910125732
v 0.8643159866333008 1.6580109596252441 1.6217889785766602
v 0.9238799810409546 1.682682991027832 1.4691319465637207
v 0.9083989858627319 1.6762709617614746 1.5517489910125732
v 0.6142770051956177 1.9142769575119019 -1.3841229677200317
v 0.5567309856414795 1.8567310571670532 -1.399999976158142
v 0.6630629897117615 1.9630630016326904 -1.3389090299606323
v 0.6142770051956177 1.9142769575119019 -1.3841229677200317
v 0.6956599950790405 1.9956599473953247 -1.2712420225143433
v 0.6630629897117615 1.9630630016326904 -1.3389090299606323
v 0.7071070075035095 2.0071070194244385 -1.1914219856262207
v 0.6956599950790405 1.9956599473953247 -1.2712420225143433
v 0.9238799810409546 1.682682991027832 1.4691319465637207
v 0.7071070075035095 2.0071070194244385 0.8003699779510498
v 0.7071070075035095 2.0071070194244385 -0.5274919867515564
v 0.7071070075035095 2.0071070194244385 0.1364389955997467
v 0.8154929876327515 1.8448950052261353 0.1364389955997467
v 0.8154929876327515 1.8448950052261353 -0.5274919867515564
v 0.38268300890922546 2.223879098892212 -0.5274919867515564
v 0.38268300890922546 2.223879098892212 0.1364389955997467
v 0.5448949933052063 2.115493059158325 0.1364389955997467
v 0.5448949933052063 2.115493059158325 -0.5274919867515564
v 0 2.299999952316284 -0.5274919867515564
v 0 2.299999952316284 0.1364389955997467
v 0.19134199619293213 2.2619400024414062 0.1364389955997467
v 0.19134199619293213 2.2619400024414062 -0.5274919867515564
v -0.19134199619293213 2.2619400024414062 -0.5274919867515564
v -0.19134199619293213 2.2619400024414062 0.1364389955997467
v 0 2.299999952316284 0.1364389955997467
v 0 2.299999952316284 -0.5274919867515564
v 0.9238799810409546 1.682682991027832 0.1364389955997467
v 0.9238799810409546 1.682682991027832 -0.5274919867515564
v -0.5448949933052063 2.115493059158325 -0.5274919867515564
v -0.5448949933052063 2.115493059158325 0.1364389955997467
v -0.38268300890922546 2.223879098892212 0.1364389955997467
v -0.38268300890922546 2.223879098892212 -0.5274919867515564
v -0.9238799810409546 1.682682991027832 -0.5274919867515564
v -0.9238799810409546 1.682682991027832 0.1364389955997467
v -0.7071070075035095 2.0071070194244385 0.1364389955997467
v -0.7071070075035095 2.0071070194244385 -0.5274919867515564
v -1 1.2999999523162842 -0.5274919867515564
v -1 1.2999999523162842 0.1364389955997467
v -0.9238799810409546 1.682682991027832 0.1364389955997467
v -0.9238799810409546 1.682682991027832 -0.5274919867515564
v -0.9238799810409546 0.9173160195350647 -0.5274919867515564
v -0.9238799810409546 0.9173160195350647 0.1364389955997467
v -1 1.2999999523162842 0.1364389955997467
v -1 1.2999999523162842 -0.5274919867515564
v -0.7071070075035095 0.5928930044174194 -0.5274919867515564
v -0.7071070075035095 0.5928930044174194 0.1364389955997467
v -0.9238799810409546 0.9173160195350647 0.1364389955997467
v -0.9238799810409546 0.9173160195350647 -0.5274919867515564
v -0.38268300890922546 0.376120001077652 -0.5274919867515564
v -0.38268300890922546 0.376120001077652 0.1364389955997467
v -0.7071070075035095 0.5928930044174194 0.1364389955997467
v -0.7071070075035095 0.5928930044174194 -0.5274919867515564
v 0 0.30000001192092896 -0.5274919867515564
v 0 0.30000001192092896 0.1364389955997467
v -0.38268300890922546 0.376120001077652 0.1364389955997467
v -0.38268300890922546 0.376120001077652 -0.5274919867515564
v 0.38268300890922546 0.376120001077652 -0.5274919867515564
v 0.38268300890922546 0.376120001077652 0.1364389955997467
v 0 0.30000001192092896 0.1364389955997467
v 0 0.30000001192092896 -0.5274919867515564
v 0.7071070075035095 0.5928930044174194 -0.5274919867515564
v 0.7071070075035095 0.5928930044174194 0.1364389955997467
v 0.38268300890922546 0.376120001077652 0.1364389955997467
v 0.38268300890922546 0.376120001077652 -0.5274919867515564
v 0.9238799810409546 0.9173160195350647 -0.5274919867515564
v 0.9238799810409546 0.9173160195350647 0.1364389955997467
v 0.7071070075035095 0.5928930044174194 0.1364389955997467
v 0.7071070075035095 0.5928930044174194 -0.5274919867515564
v 1 1.2999999523162842 -0.5274919867515564
v 1 1.2999999523162842 0.1364389955997467
v 0.9238799810409546 0.9173160195350647 0.1364389955997467
v 0.9238799810409546 0.9173160195350647 -0.5274919867515564
v 0.9238799810409546 1.682682991027832 -0.5274919867515564
v 0.9238799810409546 1.682682991027832 0.1364389955997467
v 1 1.2999999523162842 0.1364389955997467
v 1 1.2999999523162842 -0.5274919867515564
v 0.19134199619293213 2.2619400024414062 -1.1914219856262207
v 0.38268300890922546 2.223879098892212 -0.5274919867515564
v 0.38268300890922546 2.2238800525665283 -1.1914219856262207
v 0.9238799810409546 1.682682991027832 -1.1914219856262207
v 1 1.2999999523162842 -1.1914219856262207
v 1 1.2999999523162842 -1.1914219856262207
v 0.9238799810409546 0.9173169732093811 -1.1914219856262207
v 0.9238799810409546 0.9173169732093811 -1.1914219856262207
v 0.7071070075035095 0.5928930044174194 -1.1914230585098267
v 0.7071070075035095 0.5928930044174194 -1.1914230585098267
v 0.38268300890922546 0.37612101435661316 -1.1914230585098267
v 0.38268300890922546 0.37612101435661316 -1.1914230585098267
v 0 0.30000001192092896 -1.1914230585098267
v 0 0.30000001192092896 -1.1914230585098267
v -0.38268300890922546 0.37612101435661316 -1.1914230585098267
v -0.38268300890922546 0.37612101435661316 -1.1914230585098267
v -0.7071070075035095 0.5928930044174194 -1.1914230585098267
v -0.7071070075035095 0.5928930044174194 -1.1914230585098267
v -0.9238799810409546 0.9173169732093811 -1.1914219856262207
v -0.9238799810409546 0.9173169732093811 -1.1914219856262207
v -1 1.2999999523162842 -1.1914219856262207
v -1 1.2999999523162842 -1.1914219856262207
v -0.9238799810409546 1.682682991027832 -1.1914219856262207
v -0.9238799810409546 1.682682991027832 -1.1914219856262207
v -0.7071070075035095 2.0071070194244385 -1.1914219856262207
v -0.5448949933052063 2.115493059158325 -1.1914219856262207
v -0.38268300890922546 2.2238800525665283 -1.1914219856262207
v 0.5448949933052063 2.115493059158325 -1.1914219856262207
v 0.7071070075035095 2.0071070194244385 -0.5274919867515564
v 0.7071070075035095 2.0071070194244385 -1.1914219856262207
v 0.8154929876327515 1.8448950052261353 -1.1914219856262207
v 0.9238799810409546 1.682682991027832 -1.1914219856262207
v -0.19134199619293213 2.2619400024414062 -1.1914219856262207
v 0 2.299999952316284 -1.1914219856262207
v 0 2.299999952316284 -1.1914219856262207
v 0.38268300890922546 2.2238800525665283 -1.1914219856262207
v -0.38268300890922546 2.2238800525665283 -1.1914219856262207
v -0.38268300890922546 2.223879098892212 -0.5274919867515564
v -0.7071070075035095 2.0071070194244385 -1.1914219856262207
v -0.7071070075035095 2.0071070194244385 -0.5274919867515564
v 0.7071070075035095 2.0071070194244385 -1.1914219856262207
v 0.7071070075035095 2.0071070194244385 0.8003699779510498
v 0.7071070075035095 2.0071070194244385 0.1364389955997467
v 0.664929986000061 1.9721109867095947 0.17576099932193756
v 0.6648399829864502 1.9720360040664673 0.8397759795188904
v 0.5448949933052063 2.115493059158325 0.1364389955997467
v 0.5448949933052063 2.115493059158325 0.8003699779510498
v 0.5026280283927917 2.08042311668396 0.8397759795188904
v 0.5027179718017578 2.0804970264434814 0.17576099932193756
v 0.7071070075035095 0.5928930044174194 1.4643009901046753
v 0.7071070075035095 0.5928930044174194 0.8003699779510498
v 0.6335669755935669 0.5318750143051147 0.8689320087432861
v 0.6335669755935669 0.5318750143051147 1.5328619480133057
v 0.7071070075035095 2.0071070194244385 -0.5274919867515564
v 0.5448949933052063 2.115493059158325 -0.5274919867515564
v 0.5026280283927917 2.08042311668396 -0.4880859851837158
v 0.6648399829864502 1.9720360040664673 -0.4880859851837158
v 0.5448949933052063 2.115493059158325 0.8003699779510498
v 0.7071070075035095 2.0071070194244385 0.8003699779510498
v 0.6648399829864502 1.9720360040664673 0.8397759795188904
v 0.5026280283927917 2.08042311668396 0.8397759795188904
v 0.5448949933052063 2.115493059158325 -0.5274919867515564
v 0.5448949933052063 2.115493059158325 0.1364389955997467
v 0.5027179718017578 2.0804970264434814 0.17576099932193756
v 0.5026280283927917 2.08042311668396 -0.4880859851837158
v 0.7071070075035095 2.0071070194244385 -0.5274919867515564
v 0.6648399829864502 1.9720360040664673 -0.4880859851837158
v 0.6648399829864502 1.9720360040664673 0.8397759795188904
v 0.664929986000061 1.9721109867095947 0.17576099932193756
v 0.5972530245780945 1.9703530073165894 0.20500099658966064
v 0.5972530245780945 1.970352053642273 0.8252570033073425
v 0.507669985294342 2.030210018157959 0.8252570033073425
v 0.507669985294342 2.030210018157959 0.20500099658966064
v 0.5027179718017578 2.0804970264434814 0.17576099932193756
v 0.5026280283927917 2.08042311668396 0.8397759795188904
v 0.664929986000061 1.9721109867095947 0.17576099932193756
v 0.6648399829864502 1.9720360040664673 -0.4880859851837158
v 0.5972530245780945 1.9703530073165894 -0.41525599360466003
v 0.5972530245780945 1.9703530073165894 0.20500099658966064
v 0.507669985294342 2.030210018157959 0.20500099658966064
v 0.507669985294342 2.030210018157959 -0.41525599360466003
v 0.5026280283927917 2.08042311668396 -0.4880859851837158
v 0.5027179718017578 2.0804970264434814 0.17576099932193756
v 0.507669985294342 2.030210018157959 -0.41525599360466003
v 0.5972530245780945 1.9703530073165894 -0.41525599360466003
v 0.6648399829864502 1.9720360040664673 -0.4880859851837158
v 0.5026280283927917 2.08042311668396 -0.4880859851837158
v 0.5026280283927917 2.08042311668396 0.8397759795188904
v 0.6648399829864502 1.9720360040664673 0.8397759795188904
v 0.5972530245780945 1.970352053642273 0.8252570033073425
v 0.507669985294342 2.030210018157959 0.8252570033073425
v 0.5972530245780945 1.9703530073165894 0.20500099658966064
v 0.5972530245780945 1.9703530073165894 -0.41525599360466003
v 0.507669985294342 2.030210018157959 -0.41525599360466003
v 0.507669985294342 2.030210018157959 0.20500099658966064
v 0.507669985294342 2.030210018157959 0.8252570033073425
v 0.5972530245780945 1.970352053642273 0.8252570033073425
v 0.38268300890922546 2.223879098892212 -0.5274919867515564
v 0.19134199619293213 2.2619400024414062 -0.5274919867515564
v 0.19134199619293213 2.2619400024414062 -0.5274919867515564
v 0.38268300890922546 2.223879098892212 -0.5274919867515564
v 0.38268300890922546 2.223879098892212 0.8003699779510498
v 0.38268300890922546 2.223879098892212 0.1364389955997467
v 0.38268300890922546 2.223879098892212 0.1364389955997467
v 0.38268300890922546 2.223879098892212 0.8003699779510498
v 0.19134199619293213 2.2619400024414062 0.8003699779510498
v 0.19134199619293213 2.2619400024414062 0.8003699779510498
v 0.19134199619293213 2.2619400024414062 0.1364389955997467
v 0.19134199619293213 2.2619400024414062 0.1364389955997467
v 0.38268300890922546 2.223879098892212 -0.5274919867515564
v 0.19134199619293213 2.2619400024414062 -0.5274919867515564
v 0.17636099457740784 2.195374011993408 -0.5277720093727112
v 0.36770299077033997 2.1573140621185303 -0.5277720093727112
v 0.19134199619293213 2.2619400024414062 -0.5274919867515564
v 0.19134199619293213 2.2619400024414062 0.1364389955997467
v 0.17636099457740784 2.195374011993408 0.1361590027809143
v 0.17636099457740784 2.195374011993408 -0.5277720093727112
v 0.19134199619293213 2.2619400024414062 0.8003699779510498
v 0.38268300890922546 2.223879098892212 0.8003699779510498
v 0.36770299077033997 2.1573140621185303 0.8000890016555786
v 0.17636099457740784 2.195374011993408 0.8000890016555786
v 0.38268300890922546 2.223879098892212 0.8003699779510498
v 0.38268300890922546 2.223879098892212 0.1364389955997467
v 0.36770299077033997 2.157313108444214 0.1361590027809143
v 0.36770299077033997 2.1573140621185303 0.8000890016555786
v 0.19134199619293213 2.2619400024414062 0.8003699779510498
v 0.17636099457740784 2.195374011993408 0.8000890016555786
v 0.38268300890922546 2.223879098892212 -0.5274919867515564
v 0.36770299077033997 2.1573140621185303 -0.5277720093727112
v 0.36770299077033997 2.1573140621185303 0.8000890016555786
v 0.36770299077033997 2.157313108444214 0.1361590027809143
v 0.3082579970359802 2.1186559200286865 0.13595500588417053
v 0.3082579970359802 2.1186559200286865 0.7503640055656433
v 0.21405799686908722 2.137392997741699 0.7503640055656433
v 0.21405799686908722 2.1373939514160156 0.13595500588417053
v 0.17636099457740784 2.195374011993408 0.1361590027809143
v 0.17636099457740784 2.195374011993408 0.8000890016555786
v 0.36770299077033997 2.1573140621185303 -0.5277720093727112
v 0.3082579970359802 2.1186559200286865 -0.47845399379730225
v 0.21405799686908722 2.1373939514160156 -0.47845399379730225
v 0.17636099457740784 2.195374011993408 -0.5277720093727112
v 0.21405799686908722 2.1373939514160156 -0.47845399379730225
v 0.3082579970359802 2.1186559200286865 -0.47845399379730225
v 0.36770299077033997 2.1573140621185303 -0.5277720093727112
v 0.17636099457740784 2.195374011993408 -0.5277720093727112
v 0.17636099457740784 2.195374011993408 0.8000890016555786
v 0.36770299077033997 2.1573140621185303 0.8000890016555786
v 0.3082579970359802 2.1186559200286865 0.7503640055656433
v 0.21405799686908722 2.137392997741699 0.7503640055656433
v 0.3082579970359802 2.1186559200286865 0.13595500588417053
v 0.3082579970359802 2.1186559200286865 -0.47845399379730225
v 0.21405799686908722 2.1373939514160156 -0.47845399379730225
v 0.21405799686908722 2.1373939514160156 0.13595500588417053
v 0.21405799686908722 2.137392997741699 0.7503640055656433
v 0.3082579970359802 2.1186559200286865 0.7503640055656433
v -0.7071070075035095 2.0071070194244385 0.1364389955997467
v -0.7071070075035095 2.0071070194244385 0.8003699779510498
v -0.6529080271720886 1.9397939443588257 0.8141440153121948
v -0.6529110074043274 1.939797043800354 0.15021200478076935
v -0.19134199619293213 2.2619400024414062 0.8003699779510498
v -0.19134199619293213 2.2619400024414062 0.1364389955997467
v -0.181535005569458 2.1995580196380615 0.13567900657653809
v -0.181535005569458 2.1995580196380615 0.7996100187301636
v -0.19134199619293213 2.2619400024414062 -0.5274919867515564
v -0.38268300890922546 2.223879098892212 -0.5274919867515564
v -0.37287700176239014 2.1614980697631836 -0.5282520055770874
v -0.181535005569458 2.1995580196380615 -0.5282520055770874
v -0.38268300890922546 2.223879098892212 0.8003699779510498
v -0.19134199619293213 2.2619400024414062 0.8003699779510498
v -0.181535005569458 2.1995580196380615 0.7996100187301636
v -0.37287700176239014 2.1614980697631836 0.7996100187301636
v -0.19134199619293213 2.2619400024414062 -0.5274919867515564
v -0.181535005569458 2.1995580196380615 -0.5282520055770874
v -0.38268300890922546 2.223879098892212 -0.5274919867515564
v -0.38268300890922546 2.223879098892212 0.1364389955997467
v -0.37287700176239014 2.1614980697631836 0.13567900657653809
v -0.37287700176239014 2.1614980697631836 -0.5282520055770874
v -0.38268300890922546 2.223879098892212 0.8003699779510498
v -0.37287700176239014 2.1614980697631836 0.7996100187301636
v -0.37287700176239014 2.1614980697631836 -0.5282520055770874
v -0.37287700176239014 2.1614980697631836 0.13567900657653809
v -0.3191260099411011 2.123979091644287 0.135110005736351
v -0.3191260099411011 2.123979091644287 -0.4815109968185425
v -0.181535005569458 2.1995580196380615 0.7996100187301636
v -0.181535005569458 2.1995580196380615 0.13567900657653809
v -0.22058700025081635 2.1435799598693848 0.135110005736351
v -0.22058700025081635 2.1435799598693848 0.7517300248146057
v -0.181535005569458 2.1995580196380615 -0.5282520055770874
v -0.22058700025081635 2.1435799598693848 -0.4815109968185425
v -0.3191260099411011 2.123979091644287 -0.4815109968185425
v -0.22058700025081635 2.1435799598693848 -0.4815109968185425
v -0.181535005569458 2.1995580196380615 -0.5282520055770874
v -0.37287700176239014 2.1614980697631836 -0.5282520055770874
v -0.37287700176239014 2.1614980697631836 0.7996100187301636
v -0.3191260099411011 2.123979091644287 0.7517300248146057
v -0.37287700176239014 2.1614980697631836 0.7996100187301636
v -0.181535005569458 2.1995580196380615 0.7996100187301636
v -0.22058700025081635 2.1435799598693848 0.7517300248146057
v -0.3191260099411011 2.123979091644287 0.7517300248146057
v -0.3191260099411011 2.123979091644287 -0.4815109968185425
v -0.3191260099411011 2.123979091644287 0.135110005736351
v -0.3191260099411011 2.123979091644287 0.7517300248146057
v -0.22058700025081635 2.1435799598693848 0.7517300248146057
v -0.22058700025081635 2.1435799598693848 0.135110005736351
v -0.22058700025081635 2.1435799598693848 -0.4815109968185425
v -0.7071070075035095 2.0071070194244385 -0.5274919867515564
v -0.6529080271720886 1.9397939443588257 -0.5137180089950562
v -0.5448949933052063 2.115493059158325 -0.5274919867515564
v -0.7071070075035095 2.0071070194244385 -0.5274919867515564
v -0.6529080271720886 1.9397939443588257 -0.5137180089950562
v -0.4906969964504242 2.048180103302002 -0.5137180089950562
v -0.7071070075035095 2.0071070194244385 0.8003699779510498
v -0.5448949933052063 2.115493059158325 0.8003699779510498
v -0.4906969964504242 2.048180103302002 0.8141440153121948
v -0.6529080271720886 1.9397939443588257 0.8141440153121948
v -0.5448949933052063 2.115493059158325 0.1364389955997467
v -0.5448949933052063 2.115493059158325 -0.5274919867515564
v -0.4906969964504242 2.048180103302002 -0.5137180089950562
v -0.49070000648498535 2.0481839179992676 0.15021200478076935
v -0.5448949933052063 2.115493059158325 0.8003699779510498
v -0.49070000648498535 2.0481839179992676 0.15021200478076935
v -0.4906969964504242 2.048180103302002 0.8141440153121948
v -0.6529080271720886 1.9397939443588257 0.8141440153121948
v -0.4906969964504242 2.048180103302002 0.8141440153121948
v -0.49953600764274597 1.9910680055618286 0.7780849933624268
v -0.5904549956321716 1.930317997932434 0.7780849933624268
v -0.5904549956321716 1.930317997932434 0.1570259928703308
v -0.5904549956321716 1.930317997932434 -0.46403300762176514
v -0.6529080271720886 1.9397939443588257 -0.5137180089950562
v -0.6529110074043274 1.939797043800354 0.15021200478076935
v -0.5904549956321716 1.930317997932434 0.7780849933624268
v -0.6529080271720886 1.9397939443588257 0.8141440153121948
v -0.4906969964504242 2.048180103302002 0.8141440153121948
v -0.49070000648498535 2.0481839179992676 0.15021200478076935
v -0.49953600764274597 1.9910680055618286 0.1570259928703308
v -0.49953600764274597 1.9910680055618286 0.7780849933624268
v -0.49070000648498535 2.0481839179992676 0.15021200478076935
v -0.4906969964504242 2.048180103302002 -0.5137180089950562
v -0.49953600764274597 1.9910680055618286 -0.46403300762176514
v -0.5904549956321716 1.930317997932434 -0.46403300762176514
v -0.49953600764274597 1.9910680055618286 -0.46403300762176514
v -0.4906969964504242 2.048180103302002 -0.5137180089950562
v -0.6529080271720886 1.9397939443588257 -0.5137180089950562
v -0.49953600764274597 1.9910680055618286 0.7780849933624268
v -0.49953600764274597 1.9910680055618286 0.1570259928703308
v -0.49953600764274597 1.9910680055618286 -0.46403300762176514
v -0.5904549956321716 1.930317997932434 -0.46403300762176514
v -0.5904549956321716 1.930317997932434 0.1570259928703308
v -0.5904549956321716 1.930317997932434 0.7780849933624268
vt 0.96875 0.8475569933652878
vt 0.96875 0.9460280016064644
vt 0.9375 0.9460280016064644
vt 0.9375 0.8475569933652878
vt 0.8125 0.8475569933652878
vt 0.8125 0.9460280016064644
vt 0.75 0.9460280016064644
vt 0.75 0.8475569933652878
vt 0.75 0.8475569933652878
vt 0.75 0.9460280016064644
vt 0.6875 0.9460280016064644
vt 0.6875 0.8475569933652878
vt 0.6875 0.8475569933652878
vt 0.6875 0.9460280016064644
vt 0.625 0.9460280016064644
vt 0.625 0.8475569933652878
vt 0.625 0.8475569933652878
vt 0.625 0.9460280016064644
vt 0.5625 0.9460280016064644
vt 0.5625 0.8475569933652878
vt 0.5625 0.8475569933652878
vt 0.5625 0.9460280016064644
vt 0.5 0.9460280016064644
vt 0.5 0.8475569933652878
vt 0.5 0.8475569933652878
vt 0.5 0.9460280016064644
vt 0.4375 0.9460280016064644
vt 0.4375 0.8475569933652878
vt 0.4375 0.8475569933652878
vt 0.4375 0.9460280016064644
vt 0.375 0.9460280016064644
vt 0.375 0.8475569933652878
vt 0.375 0.8475569933652878
vt 0.375 0.9460280016064644
vt 0.3125 0.9460280016064644
vt 0.3125 0.8475569933652878
vt 0.3125 0.8475569933652878
vt 0.3125 0.9460280016064644
vt 0.25 0.9460280016064644
vt 0.25 0.8475569933652878
vt 0.25 0.8475569933652878
vt 0.25 0.9460280016064644
vt 0.1875 0.9460280016064644
vt 0.1875 0.8475569933652878
vt 0.1875 0.8475569933652878
vt 0.1875 0.9460280016064644
vt 0.125 0.9460280016064644
vt 0.125 0.8475569933652878
vt 0.09375 0.8475569933652878
vt 0.09375 0.9460280016064644
vt 0.0625 0.9460280016064644
vt 0.0625 0.8475569933652878
vt 0.96875 0.9460280016064644
vt 1 0.9460280016064644
vt 0.9994760155677795 0.9666819982230663
vt 0.96875 0.9666819982230663
vt 0.90625 0.8475569933652878
vt 0.90625 0.9460280016064644
vt 0.875 0.9460280016064644
vt 0.875 0.8475569933652878
vt 0.84375 0.8475569933652878
vt 0.84375 0.9460280016064644
vt 0.8125 0.9460280016064644
vt 0.8125 0.8475569933652878
vt 0.03125 0.8475569933652878
vt 0.03125 0.9460280016064644
vt 0 0.9460280016064644
vt 0 0.8475569933652878
vt 1 0.9460280016064644
vt 1 0.9460280016064644
vt 0.96875 0.9460280016064644
vt 0.875 0.9460280016064644
vt 0.875 0.9460280016064644
vt 0.84375 0.9460280016064644
vt 0.3125 0.9460280016064644
vt 0.25 0.9460280016064644
vt 0.625 0.9460280016064644
vt 0.5625 0.9460280016064644
vt 0.9375 0.9460280016064644
vt 0.9375 0.9460280016064644
vt 0.90625 0.9460280016064644
vt 0.375 0.9460280016064644
vt 0.3125 0.9460280016064644
vt 0.0625 0.9460280016064644
vt 0.0625 0.9460280016064644
vt 0.03125 0.9460280016064644
vt 0.6875 0.9460280016064644
vt 0.625 0.9460280016064644
vt 0.125 0.9460280016064644
vt 0.125 0.9460280016064644
vt 0.09375 0.9460280016064644
vt 0.4375 0.9460280016064644
vt 0.375 0.9460280016064644
vt 0.75 0.9460280016064644
vt 0.6875 0.9460280016064644
vt 0.1875 0.9460280016064644
vt 0.125 0.9460280016064644
vt 0.5 0.9460280016064644
vt 0.4375 0.9460280016064644
vt 0.8125 0.9460280016064644
vt 0.75 0.9460280016064644
vt 0.25 0.9460280016064644
vt 0.1875 0.9460280016064644
vt 0.5625 0.9460280016064644
vt 0.5 0.9460280016064644
vt 0.96875 0.5521439909934998
vt 0.9375 0.5521439909934998
vt 0.9380059838294983 0.5321899950504303
vt 0.96875 0.5321899950504303
vt 0.96875 0.5321899950504303
vt 0.9380059838294983 0.5321899950504303
vt 0.9394469857215881 0.5
vt 0.96875 0.5
vt 0.7959219813346863 0.480866014957428
vt 0.8389840126037598 0.4722999930381775
vt 0.829787015914917 0.44262200593948364
vt 0.7898929715156555 0.45055699348449707
vt 0.7898929715156555 0.45055699348449707
vt 0.829787015914917 0.44262200593948364
vt 0.8223119974136353 0.424576997756958
vt 0.7861559987068176 0.4317690134048462
vt 0.90625 0.5521439909934998
vt 0.875 0.5521439909934998
vt 0.8755059838294983 0.5321899950504303
vt 0.90625 0.5321899950504303
vt 0.90625 0.5321899950504303
vt 0.8755059838294983 0.5321899950504303
vt 0.8769469857215881 0.5
vt 0.90625 0.5
vt 0.880774974822998 0.445717990398407
vt 0.9172809720039368 0.4213259816169739
vt 0.8974260091781616 0.3974260091781616
vt 0.8636059761047363 0.42002397775650024
vt 0.8636059761047363 0.42002397775650024
vt 0.8974260091781616 0.3974260091781616
vt 0.8836150169372559 0.38361501693725586
vt 0.8529639840126038 0.40409600734710693
vt 0.84375 0.5521439909934998
vt 0.8125 0.5521439909934998
vt 0.8130059838294983 0.5321899950504303
vt 0.84375 0.5321899950504303
vt 0.84375 0.5321899950504303
vt 0.8130059838294983 0.5321899950504303
vt 0.814445972442627 0.5
vt 0.84375 0.5
vt 0.945717990398407 0.38077497482299805
vt 0.9701110124588013 0.3442689776420593
vt 0.9426220059394836 0.329787015914917
vt 0.9200239777565002 0.3636069893836975
vt 0.9200239777565002 0.3636069893836975
vt 0.9426220059394836 0.329787015914917
vt 0.924576997756958 0.32231199741363525
vt 0.9040960073471069 0.35296398401260376
vt 0.8125 0.5521439909934998
vt 0.75 0.5521439909934998
vt 0.7505059838294983 0.5321899950504303
vt 0.8119940161705017 0.5321899950504303
vt 0.8119940161705017 0.5321899950504303
vt 0.7505059838294983 0.5321899950504303
vt 0.7519469857215881 0.5
vt 0.8105530142784119 0.5
vt 0.9722999930381775 0.33898401260375977
vt 0.9894310235977173 0.25286000967025757
vt 0.9584929943084717 0.25
vt 0.9426220059394836 0.329787015914917
vt 0.9426220059394836 0.329787015914917
vt 0.9584929943084717 0.25
vt 0.9389610290527344 0.25
vt 0.924576997756958 0.32231199741363525
vt 0.75 0.5521439909934998
vt 0.6875 0.5521439909934998
vt 0.6880059838294983 0.5321899950504303
vt 0.7494940161705017 0.5321899950504303
vt 0.7494940161705017 0.5321899950504303
vt 0.6880059838294983 0.5321899950504303
vt 0.6894469857215881 0.5
vt 0.7480530142784119 0.5
vt 0.9894310235977173 0.24713999032974243
vt 0.9722999930381775 0.16101598739624023
vt 0.9426220059394836 0.170212984085083
vt 0.9584929943084717 0.25
vt 0.9584929943084717 0.25
vt 0.9426220059394836 0.170212984085083
vt 0.924576997756958 0.17768800258636475
vt 0.9389610290527344 0.25
vt 0.6875 0.5521439909934998
vt 0.625 0.5521439909934998
vt 0.6255059838294983 0.5321899950504303
vt 0.6869940161705017 0.5321899950504303
vt 0.6869940161705017 0.5321899950504303
vt 0.6255059838294983 0.5321899950504303
vt 0.626945972442627 0.5
vt 0.6855530142784119 0.5
vt 0.9701110124588013 0.15573102235794067
vt 0.9213259816169739 0.08271902799606323
vt 0.8974260091781616 0.1025729775428772
vt 0.9426220059394836 0.170212984085083
vt 0.9426220059394836 0.170212984085083
vt 0.8974260091781616 0.1025729775428772
vt 0.8836150169372559 0.11638498306274414
vt 0.924576997756958 0.17768800258636475
vt 0.625 0.5521439909934998
vt 0.5625 0.5521439909934998
vt 0.5630059838294983 0.5321899950504303
vt 0.6244940161705017 0.5321899950504303
vt 0.6244940161705017 0.5321899950504303
vt 0.5630059838294983 0.5321899950504303
vt 0.564445972442627 0.5
vt 0.6230530142784119 0.5
vt 0.9172809720039368 0.07867401838302612
vt 0.8442689776420593 0.02988898754119873
vt 0.8297860026359558 0.05737799406051636
vt 0.8974260091781616 0.1025729775428772
vt 0.8974260091781616 0.1025729775428772
vt 0.8297860026359558 0.05737799406051636
vt 0.8223119974136353 0.07542300224304199
vt 0.8836150169372559 0.11638498306274414
vt 0.5625 0.5521439909934998
vt 0.5 0.5521439909934998
vt 0.5005059838294983 0.5321899950504303
vt 0.5619940161705017 0.5321899950504303
vt 0.5619940161705017 0.5321899950504303
vt 0.5005059838294983 0.5321899950504303
vt 0.5019469857215881 0.5
vt 0.560554027557373 0.5
vt 0.8389840126037598 0.02770000696182251
vt 0.7528600096702576 0.010568976402282715
vt 0.75 0.04150700569152832
vt 0.8297860026359558 0.05737799406051636
vt 0.8297860026359558 0.05737799406051636
vt 0.75 0.04150700569152832
vt 0.75 0.061038970947265625
vt 0.8223119974136353 0.07542300224304199
vt 0.5 0.5521439909934998
vt 0.4375 0.5521439909934998
vt 0.4380060136318207 0.5321899950504303
vt 0.4994939863681793 0.5321899950504303
vt 0.4994939863681793 0.5321899950504303
vt 0.4380060136318207 0.5321899950504303
vt 0.43944698572158813 0.5
vt 0.49805399775505066 0.5
vt 0.7471399903297424 0.010568976402282715
vt 0.6610159873962402 0.02770000696182251
vt 0.670212984085083 0.05737799406051636
vt 0.75 0.04150700569152832
vt 0.75 0.04150700569152832
vt 0.670212984085083 0.05737799406051636
vt 0.6776880025863647 0.07542300224304199
vt 0.75 0.061038970947265625
vt 0.4375 0.5521439909934998
vt 0.375 0.5521439909934998
vt 0.3755060136318207 0.5321899950504303
vt 0.4369939863681793 0.5321899950504303
vt 0.4369939863681793 0.5321899950504303
vt 0.3755060136318207 0.5321899950504303
vt 0.37694600224494934 0.5
vt 0.43555301427841187 0.5
vt 0.6557310223579407 0.02988898754119873
vt 0.5827190279960632 0.07867401838302612
vt 0.6025729775428772 0.1025729775428772
vt 0.670212984085083 0.05737799406051636
vt 0.670212984085083 0.05737799406051636
vt 0.6025729775428772 0.1025729775428772
vt 0.6163849830627441 0.11638498306274414
vt 0.6776880025863647 0.07542300224304199
vt 0.375 0.5521439909934998
vt 0.3125 0.5521439909934998
vt 0.3130060136318207 0.5321899950504303
vt 0.3744939863681793 0.5321899950504303
vt 0.3744939863681793 0.5321899950504303
vt 0.3130060136318207 0.5321899950504303
vt 0.31444600224494934 0.5
vt 0.37305399775505066 0.5
vt 0.5786740183830261 0.08271902799606323
vt 0.5298889875411987 0.15573102235794067
vt 0.5573779940605164 0.170212984085083
vt 0.6025729775428772 0.1025729775428772
vt 0.6025729775428772 0.1025729775428772
vt 0.5573779940605164 0.170212984085083
vt 0.575423002243042 0.17768800258636475
vt 0.6163849830627441 0.11638498306274414
vt 0.3125 0.5521439909934998
vt 0.25 0.5521439909934998
vt 0.2505060136318207 0.5321899950504303
vt 0.3119939863681793 0.5321899950504303
vt 0.3119939863681793 0.5321899950504303
vt 0.2505060136318207 0.5321899950504303
vt 0.25194600224494934 0.5
vt 0.31055301427841187 0.5
vt 0.5277000069618225 0.16101598739624023
vt 0.5105689764022827 0.24713999032974243
vt 0.5415070056915283 0.25
vt 0.5573779940605164 0.170212984085083
vt 0.5573779940605164 0.170212984085083
vt 0.5415070056915283 0.25
vt 0.5610389709472656 0.25
vt 0.575423002243042 0.17768800258636475
vt 0.25 0.5521439909934998
vt 0.1875 0.5521439909934998
vt 0.18800599873065948 0.5321899950504303
vt 0.24949400126934052 0.5321899950504303
vt 0.24949400126934052 0.5321899950504303
vt 0.18800599873065948 0.5321899950504303
vt 0.18944700062274933 0.5
vt 0.24805399775505066 0.5
vt 0.5105689764022827 0.25286000967025757
vt 0.5277000069618225 0.33898401260375977
vt 0.5573779940605164 0.329787015914917
vt 0.5415070056915283 0.25
vt 0.5415070056915283 0.25
vt 0.5573779940605164 0.329787015914917
vt 0.575423002243042 0.32231199741363525
vt 0.5610389709472656 0.25
vt 0.1875 0.5521439909934998
vt 0.125 0.5521439909934998
vt 0.12550599873065948 0.5321899950504303
vt 0.18699400126934052 0.5321899950504303
vt 0.18699400126934052 0.5321899950504303
vt 0.12550599873065948 0.5321899950504303
vt 0.12694600224494934 0.5
vt 0.18555399775505066 0.5
vt 0.5298889875411987 0.3442689776420593
vt 0.5786740183830261 0.41728097200393677
vt 0.6025729775428772 0.3974270224571228
vt 0.5573779940605164 0.329787015914917
vt 0.5573779940605164 0.329787015914917
vt 0.6025729775428772 0.3974270224571228
vt 0.6163849830627441 0.38361501693725586
vt 0.575423002243042 0.32231199741363525
vt 0.09375 0.5521439909934998
vt 0.0625 0.5521439909934998
vt 0.06300599873065948 0.5321899950504303
vt 0.09375 0.5321899950504303
vt 0.09375 0.5321899950504303
vt 0.06300599873065948 0.5321899950504303
vt 0.06444600224494934 0.5
vt 0.09375 0.5
vt 0.619225025177002 0.445717990398407
vt 0.6557310223579407 0.47011101245880127
vt 0.670212984085083 0.44262200593948364
vt 0.6363930106163025 0.42002397775650024
vt 0.6363930106163025 0.42002397775650024
vt 0.670212984085083 0.44262200593948364
vt 0.6776880025863647 0.424576997756958
vt 0.6470360159873962 0.40409600734710693
vt 0.03125 0.5521439909934998
vt 0 0.5521439909934998
vt 0.000506000011228025 0.5321899950504303
vt 0.03125 0.5321899950504303
vt 0.03125 0.5321899950504303
vt 0.000506000011228025 0.5321899950504303
vt 0.0019460000330582261 0.5
vt 0.03125 0.5
vt 0.7040780186653137 0.480866014957428
vt 0.7471399903297424 0.4894310235977173
vt 0.75 0.4584929943084717
vt 0.7101070284843445 0.45055699348449707
vt 0.7101070284843445 0.45055699348449707
vt 0.75 0.4584929943084717
vt 0.75 0.4389610290527344
vt 0.7138440012931824 0.4317690134048462
vt 0.75 0.4389610290527344
vt 0.7861559987068176 0.4317690134048462
vt 0.8223119974136353 0.424576997756958
vt 0.8529639840126038 0.40409600734710693
vt 0.8836150169372559 0.38361501693725586
vt 0.9040960073471069 0.35296398401260376
vt 0.924576997756958 0.32231199741363525
vt 0.9389610290527344 0.25
vt 0.924576997756958 0.17768800258636475
vt 0.8836150169372559 0.11638498306274414
vt 0.8223119974136353 0.07542300224304199
vt 0.75 0.061038970947265625
vt 0.6776880025863647 0.07542300224304199
vt 0.6163849830627441 0.11638498306274414
vt 0.575423002243042 0.17768800258636475
vt 0.5610389709472656 0.25
vt 0.575423002243042 0.32231199741363525
vt 0.6163849830627441 0.38361501693725586
vt 0.6470360159873962 0.40409600734710693
vt 0.6776880025863647 0.424576997756958
vt 0.7138440012931824 0.4317690134048462
vt 0.96875 0.9666819982230663
vt 0.9994760155677795 0.9666819982230663
vt 0.9979850053787231 1
vt 0.96875 1
vt 0.29592201113700867 0.480866014957428
vt 0.25296100974082947 0.48941099643707275
vt 0.25 0.4573879837989807
vt 0.289682000875473 0.44949501752853394
vt 0.289682000875473 0.44949501752853394
vt 0.25 0.4573879837989807
vt 0.25 0.43717098236083984
vt 0.28581398725509644 0.43004798889160156
vt 0.90625 0.9460280016064644
vt 0.9375 0.9460280016064644
vt 0.9369760155677795 0.9666819982230663
vt 0.90625 0.9666819982230663
vt 0.90625 0.9666819982230663
vt 0.9369760155677795 0.9666819982230663
vt 0.9354850053787231 1
vt 0.90625 1
vt 0.38077500462532043 0.445717990398407
vt 0.3443540036678314 0.4700539708137512
vt 0.32936400175094604 0.4416019916534424
vt 0.36300501227378845 0.4191240072250366
vt 0.36300501227378845 0.4191240072250366
vt 0.32936400175094604 0.4416019916534424
vt 0.3216269910335541 0.4229239821434021
vt 0.3519890010356903 0.4026370048522949
vt 0.84375 0.9460280016064644
vt 0.875 0.9460280016064644
vt 0.8744760155677795 0.9666819982230663
vt 0.84375 0.9666819982230663
vt 0.84375 0.9666819982230663
vt 0.8744760155677795 0.9666819982230663
vt 0.8729850053787231 1
vt 0.84375 1
vt 0.445717990398407 0.38077497482299805
vt 0.42138299345970154 0.41719597578048706
vt 0.39664599299430847 0.39664602279663086
vt 0.4191240072250366 0.36300498247146606
vt 0.4191240072250366 0.36300498247146606
vt 0.39664599299430847 0.39664602279663086
vt 0.38234999775886536 0.38235002756118774
vt 0.4026370048522949 0.3519889712333679
vt 0.75 0.9460280016064644
vt 0.8125 0.9460280016064644
vt 0.8119760155677795 0.9666819982230663
vt 0.7505239844322205 0.9666819982230663
vt 0.7505239844322205 0.9666819982230663
vt 0.8119760155677795 0.9666819982230663
vt 0.8104850053787231 1
vt 0.7520149946212769 1
vt 0.48941099643707275 0.2529609799385071
vt 0.47231999039649963 0.3388829827308655
vt 0.4416019916534424 0.32936400175094604
vt 0.4573880136013031 0.25
vt 0.4573880136013031 0.25
vt 0.4416019916534424 0.32936400175094604
vt 0.4229240119457245 0.32162702083587646
vt 0.43717101216316223 0.25
vt 0.6875 0.9460280016064644
vt 0.75 0.9460280016064644
vt 0.7494760155677795 0.9666819982230663
vt 0.6880239844322205 0.9666819982230663
vt 0.6880239844322205 0.9666819982230663
vt 0.7494760155677795 0.9666819982230663
vt 0.7479850053787231 1
vt 0.6895149946212769 1
vt 0.47231999039649963 0.16111701726913452
vt 0.48941099643707275 0.24703902006149292
vt 0.4573880136013031 0.25
vt 0.4416019916534424 0.17063599824905396
vt 0.4416019916534424 0.17063599824905396
vt 0.4573880136013031 0.25
vt 0.43717101216316223 0.25
vt 0.4229240119457245 0.17837297916412354
vt 0.625 0.9460280016064644
vt 0.6875 0.9460280016064644
vt 0.6869760155677795 0.9666819982230663
vt 0.6255239844322205 0.9666819982230663
vt 0.6255239844322205 0.9666819982230663
vt 0.6869760155677795 0.9666819982230663
vt 0.6854850053787231 1
vt 0.6270149946212769 1
vt 0.42138299345970154 0.08280402421951294
vt 0.4700540006160736 0.15564602613449097
vt 0.4416019916534424 0.17063599824905396
vt 0.39664599299430847 0.10335499048233032
vt 0.39664599299430847 0.10335499048233032
vt 0.4416019916534424 0.17063599824905396
vt 0.4229240119457245 0.17837297916412354
vt 0.38234999775886536 0.11764997243881226
vt 0.5625 0.9460280016064644
vt 0.625 0.9460280016064644
vt 0.6244760155677795 0.9666819982230663
vt 0.5630239844322205 0.9666819982230663
vt 0.5630239844322205 0.9666819982230663
vt 0.6244760155677795 0.9666819982230663
vt 0.6229850053787231 1
vt 0.5645149946212769 1
vt 0.3443540036678314 0.02994602918624878
vt 0.41719600558280945 0.07861697673797607
vt 0.39664599299430847 0.10335499048233032
vt 0.32936400175094604 0.05839800834655762
vt 0.32936400175094604 0.05839800834655762
vt 0.39664599299430847 0.10335499048233032
vt 0.38234999775886536 0.11764997243881226
vt 0.3216269910335541 0.0770760178565979
vt 0.5 0.9460280016064644
vt 0.5625 0.9460280016064644
vt 0.5619760155677795 0.9666819982230663
vt 0.5005239844322205 0.9666819982230663
vt 0.5005239844322205 0.9666819982230663
vt 0.5619760155677795 0.9666819982230663
vt 0.5604850053787231 1
vt 0.5020149946212769 1
vt 0.25296100974082947 0.010589003562927246
vt 0.33888301253318787 0.02767997980117798
vt 0.32936400175094604 0.05839800834655762
vt 0.25 0.04261201620101929
vt 0.25 0.04261201620101929
vt 0.32936400175094604 0.05839800834655762
vt 0.3216269910335541 0.0770760178565979
vt 0.25 0.06282901763916016
vt 0.4375 0.9460280016064644
vt 0.5 0.9460280016064644
vt 0.49947598576545715 0.9666819982230663
vt 0.43802401423454285 0.9666819982230663
vt 0.43802401423454285 0.9666819982230663
vt 0.49947598576545715 0.9666819982230663
vt 0.49798500537872314 1
vt 0.43951499462127686 1
vt 0.16111700236797333 0.02767997980117798
vt 0.24703900516033173 0.010589003562927246
vt 0.25 0.04261201620101929
vt 0.17063599824905396 0.05839800834655762
vt 0.17063599824905396 0.05839800834655762
vt 0.25 0.04261201620101929
vt 0.25 0.06282901763916016
vt 0.17837299406528473 0.0770760178565979
vt 0.375 0.9460280016064644
vt 0.4375 0.9460280016064644
vt 0.43697598576545715 0.9666819982230663
vt 0.37552401423454285 0.9666819982230663
vt 0.37552401423454285 0.9666819982230663
vt 0.43697598576545715 0.9666819982230663
vt 0.43548500537872314 1
vt 0.37701499462127686 1
vt 0.08280400186777115 0.07861697673797607
vt 0.15564599633216858 0.02994602918624878
vt 0.17063599824905396 0.05839800834655762
vt 0.10335499793291092 0.10335499048233032
vt 0.10335499793291092 0.10335499048233032
vt 0.17063599824905396 0.05839800834655762
vt 0.17837299406528473 0.0770760178565979
vt 0.11765000224113464 0.11764997243881226
vt 0.3125 0.9460280016064644
vt 0.375 0.9460280016064644
vt 0.37447598576545715 0.9666819982230663
vt 0.31302401423454285 0.9666819982230663
vt 0.31302401423454285 0.9666819982230663
vt 0.37447598576545715 0.9666819982230663
vt 0.37298500537872314 1
vt 0.31451499462127686 1
vt 0.02994599938392639 0.15564602613449097
vt 0.07861699908971786 0.08280402421951294
vt 0.10335499793291092 0.10335499048233032
vt 0.05839800089597702 0.17063599824905396
vt 0.05839800089597702 0.17063599824905396
vt 0.10335499793291092 0.10335499048233032
vt 0.11765000224113464 0.11764997243881226
vt 0.0770760029554367 0.17837297916412354
vt 0.25 0.9460280016064644
vt 0.3125 0.9460280016064644
vt 0.31197598576545715 0.9666819982230663
vt 0.25052401423454285 0.9666819982230663
vt 0.25052401423454285 0.9666819982230663
vt 0.31197598576545715 0.9666819982230663
vt 0.31048500537872314 1
vt 0.25201499462127686 1
vt 0.010588999837636948 0.24703902006149292
vt 0.02768000029027462 0.16111701726913452
vt 0.05839800089597702 0.17063599824905396
vt 0.04261200129985809 0.25
vt 0.04261200129985809 0.25
vt 0.05839800089597702 0.17063599824905396
vt 0.0770760029554367 0.17837297916412354
vt 0.06282900273799896 0.25
vt 0.1875 0.9460280016064644
vt 0.25 0.9460280016064644
vt 0.24947600066661835 0.9666819982230663
vt 0.18802399933338165 0.9666819982230663
vt 0.18802399933338165 0.9666819982230663
vt 0.24947600066661835 0.9666819982230663
vt 0.24798500537872314 1
vt 0.18951499462127686 1
vt 0.02768000029027462 0.3388829827308655
vt 0.010588999837636948 0.2529609799385071
vt 0.04261200129985809 0.25
vt 0.05839800089597702 0.32936400175094604
vt 0.05839800089597702 0.32936400175094604
vt 0.04261200129985809 0.25
vt 0.06282900273799896 0.25
vt 0.0770760029554367 0.32162702083587646
vt 0.125 0.9460280016064644
vt 0.1875 0.9460280016064644
vt 0.18697600066661835 0.9666819982230663
vt 0.12552399933338165 0.9666819982230663
vt 0.12552399933338165 0.9666819982230663
vt 0.18697600066661835 0.9666819982230663
vt 0.18548500537872314 1
vt 0.12701499462127686 1
vt 0.07861699908971786 0.41719597578048706
vt 0.02994599938392639 0.34435397386550903
vt 0.05839800089597702 0.32936400175094604
vt 0.10335499793291092 0.39664602279663086
vt 0.10335499793291092 0.39664602279663086
vt 0.05839800089597702 0.32936400175094604
vt 0.0770760029554367 0.32162702083587646
vt 0.11765000224113464 0.38235002756118774
vt 0.09375 0.9460280016064644
vt 0.125 0.9460280016064644
vt 0.12447600066661835 0.9666819982230663
vt 0.09375 0.9666819982230663
vt 0.09375 0.9666819982230663
vt 0.12447600066661835 0.9666819982230663
vt 0.12298499792814255 1
vt 0.09375 1
vt 0.11922500282526016 0.445717990398407
vt 0.08280400186777115 0.4213830232620239
vt 0.10335499793291092 0.39664602279663086
vt 0.13699500262737274 0.4191240072250366
vt 0.13699500262737274 0.4191240072250366
vt 0.10335499793291092 0.39664602279663086
vt 0.11765000224113464 0.38235002756118774
vt 0.1480109989643097 0.4026370048522949
vt 0.03125 0.9460280016064644
vt 0.0625 0.9460280016064644
vt 0.06197600066661835 0.9666819982230663
vt 0.03125 0.9666819982230663
vt 0.03125 0.9666819982230663
vt 0.06197600066661835 0.9666819982230663
vt 0.060485001653432846 1
vt 0.03125 1
vt 0.20407800376415253 0.4808650016784668
vt 0.16111700236797333 0.472320020198822
vt 0.17063599824905396 0.4416019916534424
vt 0.21031799912452698 0.44949501752853394
vt 0.21031799912452698 0.44949501752853394
vt 0.17063599824905396 0.4416019916534424
vt 0.17837299406528473 0.4229239821434021
vt 0.21418599784374237 0.43004798889160156
vt 0.3216269910335541 0.4229239821434021
vt 0.28581398725509644 0.43004798889160156
vt 0.25 0.43717098236083984
vt 0.21418599784374237 0.43004798889160156
vt 0.17837299406528473 0.4229239821434021
vt 0.1480109989643097 0.4026370048522949
vt 0.11765000224113464 0.38235002756118774
vt 0.0770760029554367 0.32162702083587646
vt 0.06282900273799896 0.25
vt 0.0770760029554367 0.17837297916412354
vt 0.11765000224113464 0.11764997243881226
vt 0.17837299406528473 0.0770760178565979
vt 0.25 0.06282901763916016
vt 0.3216269910335541 0.0770760178565979
vt 0.38234999775886536 0.11764997243881226
vt 0.4229240119457245 0.17837297916412354
vt 0.43717101216316223 0.25
vt 0.4229240119457245 0.32162702083587646
vt 0.4026370048522949 0.3519889712333679
vt 0.38234999775886536 0.38235002756118774
vt 0.3519890010356903 0.4026370048522949
vt 0.32936400175094604 0.4416019916534424
vt 0.3216269910335541 0.4229239821434021
vt 0.33888301253318787 0.472320020198822
vt 0.32936400175094604 0.4416019916534424
vt 0.9380239844322205 0.9666819982230663
vt 0.9395149946212769 1
vt 0.75 0.4584929943084717
vt 0.75 0.4389610290527344
vt 0.7528600096702576 0.4894310235977173
vt 0.75 0.4584929943084717
vt 0.9994940161705017 0.5321899950504303
vt 0.9980530142784119 0.5
vt 1 0.5521439909934998
vt 0.9994940161705017 0.5321899950504303
vt 0.9375 0.9460280016064644
vt 0.9375 0.9460280016064644
vt 0.9380239844322205 0.9666819982230663
vt 1 0.8475569933652878
vt 0.39664599299430847 0.39664602279663086
vt 0.38234999775886536 0.38235002756118774
vt 0.41719600558280945 0.4213830232620239
vt 0.39664599299430847 0.39664602279663086
vt 0.8755239844322205 0.9666819982230663
vt 0.8770149946212769 1
vt 0.875 0.9460280016064644
vt 0.8755239844322205 0.9666819982230663
vt 0.829787015914917 0.44262200593948364
vt 0.8223119974136353 0.424576997756958
vt 0.8442689776420593 0.47011101245880127
vt 0.829787015914917 0.44262200593948364
vt 0.9369940161705017 0.5321899950504303
vt 0.935554027557373 0.5
vt 0.9375 0.5521439909934998
vt 0.9369940161705017 0.5321899950504303
vt 0.875 0.9460280016064644
vt 0.9375 0.8475569933652878
vt 0.25 0.4573879837989807
vt 0.25 0.43717098236083984
vt 0.24703900516033173 0.48941099643707275
vt 0.25 0.4573879837989807
vt 0.0005239999736659229 0.9666819982230663
vt 0.0020149999763816595 1
vt 0 0.9460280016064644
vt 0.0005239999736659229 0.9666819982230663
vt 0.670212984085083 0.44262200593948364
vt 0.6776880025863647 0.424576997756958
vt 0.6610159873962402 0.4722999930381775
vt 0.670212984085083 0.44262200593948364
vt 0.061994001269340515 0.5321899950504303
vt 0.06055400148034096 0.5
vt 0.0625 0.5521439909934998
vt 0.061994001269340515 0.5321899950504303
vt 0 0.9460280016064644
vt 0.0625 0.8475569933652878
vt 0.17063599824905396 0.4416019916534424
vt 0.17837299406528473 0.4229239821434021
vt 0.15564599633216858 0.4700539708137512
vt 0.17063599824905396 0.4416019916534424
vt 0.06302399933338165 0.9666819982230663
vt 0.06451500207185745 1
vt 0.0625 0.9460280016064644
vt 0.06302399933338165 0.9666819982230663
vt 0.6025729775428772 0.3974270224571228
vt 0.6163849830627441 0.38361501693725586
vt 0.5827190279960632 0.4213259816169739
vt 0.6025729775428772 0.3974270224571228
vt 0.12449400126934052 0.5321899950504303
vt 0.12305399775505066 0.5
vt 0.125 0.5521439909934998
vt 0.12449400126934052 0.5321899950504303
vt 0.0625 0.9460280016064644
vt 0.125 0.8475569933652878
vt 0.4416019916534424 0.32936400175094604
vt 0.4229240119457245 0.32162702083587646
vt 0.4700540006160736 0.34435397386550903
vt 0.4416019916534424 0.32936400175094604
vt 0.8130239844322205 0.9666819982230663
vt 0.8145149946212769 1
vt 0.8125 0.9460280016064644
vt 0.8130239844322205 0.9666819982230663
vt 0.8974260091781616 0.3974260091781616
vt 0.8836150169372559 0.38361501693725586
vt 0.9213259816169739 0.41728097200393677
vt 0.8974260091781616 0.3974260091781616
vt 0.8744940161705017 0.5321899950504303
vt 0.8730530142784119 0.5
vt 0.875 0.5521439909934998
vt 0.8744940161705017 0.5321899950504303
vt 0.8125 0.9460280016064644
vt 0.875 0.8475569933652878
vt 0.875 0.650615006685257
vt 0.875 0.7490859925746918
vt 0.84375 0.7490859925746918
vt 0.84375 0.650615006685257
vt 0.9375 0.650615006685257
vt 0.9375 0.7490859925746918
vt 0.90625 0.7490859925746918
vt 0.90625 0.650615006685257
vt 1 0.650615006685257
vt 1 0.7490859925746918
vt 0.96875 0.7490859925746918
vt 0.96875 0.650615006685257
vt 0.03125 0.650615006685257
vt 0.03125 0.7490859925746918
vt 0 0.7490859925746918
vt 0 0.650615006685257
vt 0.8125 0.7490859925746918
vt 0.8125 0.650615006685257
vt 0.09375 0.650615006685257
vt 0.09375 0.7490859925746918
vt 0.0625 0.7490859925746918
vt 0.0625 0.650615006685257
vt 0.1875 0.650615006685257
vt 0.1875 0.7490859925746918
vt 0.125 0.7490859925746918
vt 0.125 0.650615006685257
vt 0.25 0.650615006685257
vt 0.25 0.7490859925746918
vt 0.1875 0.7490859925746918
vt 0.1875 0.650615006685257
vt 0.3125 0.650615006685257
vt 0.3125 0.7490859925746918
vt 0.25 0.7490859925746918
vt 0.25 0.650615006685257
vt 0.375 0.650615006685257
vt 0.375 0.7490859925746918
vt 0.3125 0.7490859925746918
vt 0.3125 0.650615006685257
vt 0.4375 0.650615006685257
vt 0.4375 0.7490859925746918
vt 0.375 0.7490859925746918
vt 0.375 0.650615006685257
vt 0.5 0.650615006685257
vt 0.5 0.7490859925746918
vt 0.4375 0.7490859925746918
vt 0.4375 0.650615006685257
vt 0.5625 0.650615006685257
vt 0.5625 0.7490859925746918
vt 0.5 0.7490859925746918
vt 0.5 0.650615006685257
vt 0.625 0.650615006685257
vt 0.625 0.7490859925746918
vt 0.5625 0.7490859925746918
vt 0.5625 0.650615006685257
vt 0.6875 0.650615006685257
vt 0.6875 0.7490859925746918
vt 0.625 0.7490859925746918
vt 0.625 0.650615006685257
vt 0.75 0.650615006685257
vt 0.75 0.7490859925746918
vt 0.6875 0.7490859925746918
vt 0.6875 0.650615006685257
vt 0.8125 0.650615006685257
vt 0.8125 0.7490859925746918
vt 0.75 0.7490859925746918
vt 0.75 0.650615006685257
vt 0.96875 0.5521439909934998
vt 0.9375 0.650615006685257
vt 0.9375 0.5521439909934998
vt 0.8125 0.5521439909934998
vt 0.75 0.5521439909934998
vt 0.75 0.5521439909934998
vt 0.6875 0.5521439909934998
vt 0.6875 0.5521439909934998
vt 0.625 0.5521439909934998
vt 0.625 0.5521439909934998
vt 0.5625 0.5521439909934998
vt 0.5625 0.5521439909934998
vt 0.5 0.5521439909934998
vt 0.5 0.5521439909934998
vt 0.4375 0.5521439909934998
vt 0.4375 0.5521439909934998
vt 0.375 0.5521439909934998
vt 0.375 0.5521439909934998
vt 0.3125 0.5521439909934998
vt 0.3125 0.5521439909934998
vt 0.25 0.5521439909934998
vt 0.25 0.5521439909934998
vt 0.1875 0.5521439909934998
vt 0.1875 0.5521439909934998
vt 0.125 0.5521439909934998
vt 0.09375 0.5521439909934998
vt 0.0625 0.5521439909934998
vt 0.90625 0.5521439909934998
vt 0.875 0.650615006685257
vt 0.875 0.5521439909934998
vt 0.84375 0.5521439909934998
vt 0.8125 0.5521439909934998
vt 0.03125 0.5521439909934998
vt 0 0.5521439909934998
vt 1 0.5521439909934998
vt 0.9375 0.5521439909934998
vt 0.0625 0.5521439909934998
vt 0.0625 0.650615006685257
vt 0.125 0.5521439909934998
vt 0.125 0.650615006685257
vt 0.875 0.5521439909934998
vt 0.875 0.8475569933652878
vt 0.875 0.7490859925746918
vt 0.875 0.7490859925746918
vt 0.875 0.8475569933652878
vt 0.90625 0.7490859925746918
vt 0.90625 0.8475569933652878
vt 0.90625 0.8475569933652878
vt 0.90625 0.7490859925746918
vt 0.625 0.9460280016064644
vt 0.625 0.8475569933652878
vt 0.625 0.8475569933652878
vt 0.625 0.9460280016064644
vt 0.875 0.650615006685257
vt 0.90625 0.650615006685257
vt 0.90625 0.650615006685257
vt 0.875 0.650615006685257
vt 0.90625 0.8475569933652878
vt 0.875 0.8475569933652878
vt 0.875 0.8475569933652878
vt 0.90625 0.8475569933652878
vt 0.90625 0.650615006685257
vt 0.90625 0.7490859925746918
vt 0.90625 0.7490859925746918
vt 0.90625 0.650615006685257
vt 0.875 0.650615006685257
vt 0.875 0.650615006685257
vt 0.875 0.8475569933652878
vt 0.875 0.7490859925746918
vt 0.8819959759712219 0.7490859925746918
vt 0.8819959759712219 0.8410789966583252
vt 0.8992540240287781 0.8410789966583252
vt 0.8992540240287781 0.7490859925746918
vt 0.90625 0.7490859925746918
vt 0.90625 0.8475569933652878
vt 0.875 0.7490859925746918
vt 0.875 0.650615006685257
vt 0.8819959759712219 0.6570929884910583
vt 0.8819959759712219 0.7490859925746918
vt 0.8992540240287781 0.7490859925746918
vt 0.8992540240287781 0.6570929884910583
vt 0.90625 0.650615006685257
vt 0.90625 0.7490859925746918
vt 0.8992540240287781 0.6570929884910583
vt 0.8819959759712219 0.6570929884910583
vt 0.875 0.650615006685257
vt 0.90625 0.650615006685257
vt 0.90625 0.8475569933652878
vt 0.875 0.8475569933652878
vt 0.8819959759712219 0.8410789966583252
vt 0.8992540240287781 0.8410789966583252
vt 0.8819959759712219 0.7490859925746918
vt 0.8819959759712219 0.6570929884910583
vt 0.8992540240287781 0.6570929884910583
vt 0.8992540240287781 0.7490859925746918
vt 0.8992540240287781 0.8410789966583252
vt 0.8819959759712219 0.8410789966583252
vt 0.9375 0.650615006685257
vt 0.96875 0.650615006685257
vt 0.96875 0.650615006685257
vt 0.9375 0.650615006685257
vt 0.9375 0.8475569933652878
vt 0.9375 0.7490859925746918
vt 0.9375 0.7490859925746918
vt 0.9375 0.8475569933652878
vt 0.96875 0.8475569933652878
vt 0.96875 0.8475569933652878
vt 0.96875 0.7490859925746918
vt 0.96875 0.7490859925746918
vt 0.9375 0.650615006685257
vt 0.96875 0.650615006685257
vt 0.96875 0.650615006685257
vt 0.9375 0.650615006685257
vt 0.96875 0.650615006685257
vt 0.96875 0.7490859925746918
vt 0.96875 0.7490859925746918
vt 0.96875 0.650615006685257
vt 0.96875 0.8475569933652878
vt 0.9375 0.8475569933652878
vt 0.9375 0.8475569933652878
vt 0.96875 0.8475569933652878
vt 0.9375 0.8475569933652878
vt 0.9375 0.7490859925746918
vt 0.9375 0.7490859925746918
vt 0.9375 0.8475569933652878
vt 0.96875 0.8475569933652878
vt 0.96875 0.8475569933652878
vt 0.9375 0.650615006685257
vt 0.9375 0.650615006685257
vt 0.9375 0.8475569933652878
vt 0.9375 0.7490859925746918
vt 0.9454330205917358 0.7490859925746918
vt 0.9454330205917358 0.8402120023965836
vt 0.9608179926872253 0.8402120023965836
vt 0.9608169794082642 0.7490859925746918
vt 0.96875 0.7490859925746918
vt 0.96875 0.8475569933652878
vt 0.9375 0.650615006685257
vt 0.9454330205917358 0.6579599976539612
vt 0.9608169794082642 0.6579599976539612
vt 0.96875 0.650615006685257
vt 0.9608169794082642 0.6579599976539612
vt 0.9454330205917358 0.6579599976539612
vt 0.9375 0.650615006685257
vt 0.96875 0.650615006685257
vt 0.96875 0.8475569933652878
vt 0.9375 0.8475569933652878
vt 0.9454330205917358 0.8402120023965836
vt 0.9608179926872253 0.8402120023965836
vt 0.9454330205917358 0.7490859925746918
vt 0.9454330205917358 0.6579599976539612
vt 0.9608169794082642 0.6579599976539612
vt 0.9608169794082642 0.7490859925746918
vt 0.9608179926872253 0.8402120023965836
vt 0.9454330205917358 0.8402120023965836
vt 0.125 0.7490859925746918
vt 0.125 0.8475569933652878
vt 0.125 0.8475569933652878
vt 0.125 0.7490859925746918
vt 0.03125 0.8475569933652878
vt 0.03125 0.7490859925746918
vt 0.03125 0.7490859925746918
vt 0.03125 0.8475569933652878
vt 0.03125 0.650615006685257
vt 0.0625 0.650615006685257
vt 0.0625 0.650615006685257
vt 0.03125 0.650615006685257
vt 0.0625 0.8475569933652878
vt 0.03125 0.8475569933652878
vt 0.03125 0.8475569933652878
vt 0.0625 0.8475569933652878
vt 0.03125 0.650615006685257
vt 0.03125 0.650615006685257
vt 0.0625 0.650615006685257
vt 0.0625 0.7490859925746918
vt 0.0625 0.7490859925746918
vt 0.0625 0.650615006685257
vt 0.0625 0.8475569933652878
vt 0.0625 0.8475569933652878
vt 0.0625 0.650615006685257
vt 0.0625 0.7490859925746918
vt 0.05492199957370758 0.7490859925746918
vt 0.05492199957370758 0.6576319932937622
vt 0.03125 0.8475569933652878
vt 0.03125 0.7490859925746918
vt 0.03882800042629242 0.7490859925746918
vt 0.03882800042629242 0.8405400067567825
vt 0.03125 0.650615006685257
vt 0.03882800042629242 0.6576319932937622
vt 0.05492199957370758 0.6576319932937622
vt 0.03882800042629242 0.6576319932937622
vt 0.03125 0.650615006685257
vt 0.0625 0.650615006685257
vt 0.0625 0.8475569933652878
vt 0.05492199957370758 0.8405400067567825
vt 0.0625 0.8475569933652878
vt 0.03125 0.8475569933652878
vt 0.03882800042629242 0.8405400067567825
vt 0.05492199957370758 0.8405400067567825
vt 0.05492199957370758 0.6576319932937622
vt 0.05492199957370758 0.7490859925746918
vt 0.05492199957370758 0.8405400067567825
vt 0.03882800042629242 0.8405400067567825
vt 0.03882800042629242 0.7490859925746918
vt 0.03882800042629242 0.6576319932937622
vt 0.125 0.650615006685257
vt 0.125 0.650615006685257
vt 0.09375 0.650615006685257
vt 0.125 0.650615006685257
vt 0.125 0.650615006685257
vt 0.09375 0.650615006685257
vt 0.125 0.8475569933652878
vt 0.09375 0.8475569933652878
vt 0.09375 0.8475569933652878
vt 0.125 0.8475569933652878
vt 0.09375 0.7490859925746918
vt 0.09375 0.650615006685257
vt 0.09375 0.650615006685257
vt 0.09375 0.7490859925746918
vt 0.09375 0.8475569933652878
vt 0.09375 0.7490859925746918
vt 0.09375 0.8475569933652878
vt 0.125 0.8475569933652878
vt 0.09375 0.8475569933652878
vt 0.10061699897050858 0.8411979973316193
vt 0.11813300102949142 0.8411979973316193
vt 0.11813300102949142 0.7490859925746918
vt 0.11813300102949142 0.6569739878177643
vt 0.125 0.650615006685257
vt 0.125 0.7490859925746918
vt 0.11813300102949142 0.8411979973316193
vt 0.125 0.8475569933652878
vt 0.09375 0.8475569933652878
vt 0.09375 0.7490859925746918
vt 0.10061699897050858 0.7490859925746918
vt 0.10061699897050858 0.8411979973316193
vt 0.09375 0.7490859925746918
vt 0.09375 0.650615006685257
vt 0.10061699897050858 0.6569739878177643
vt 0.11813300102949142 0.6569739878177643
vt 0.10061699897050858 0.6569739878177643
vt 0.09375 0.650615006685257
vt 0.125 0.650615006685257
vt 0.10061699897050858 0.8411979973316193
vt 0.10061699897050858 0.7490859925746918
vt 0.10061699897050858 0.6569739878177643
vt 0.11813300102949142 0.6569739878177643
vt 0.11813300102949142 0.7490859925746918
vt 0.11813300102949142 0.8411979973316193
vn 0.19509681844353616 0.9807839881611087 0
vn 0.19509681844353616 0.9807839881611087 0
vn 0.19509681844353616 0.9807839881611087 0
vn 0.19509681844353616 0.9807839881611087 0
vn 0.9807839881611087 0.19509681844353616 0
vn 0.9807839881611087 0.19509681844353616 0
vn 0.9807839881611087 0.19509681844353616 0
vn 0.9807839881611087 0.19509681844353616 0
vn 0.9807839881611087 -0.19509681844353616 0
vn 0.9807839881611087 -0.19509681844353616 0
vn 0.9807839881611087 -0.19509681844353616 0
vn 0.9807839881611087 -0.19509681844353616 0
vn 0.8314652299045551 -0.5555767916856909 0
vn 0.8314652299045551 -0.5555767916856909 0
vn 0.8314652299045551 -0.5555767916856909 0
vn 0.8314652299045551 -0.5555767916856909 0
vn 0.5555767916856909 -0.8314652299045551 0
vn 0.5555767916856909 -0.8314652299045551 0
vn 0.5555767916856909 -0.8314652299045551 0
vn 0.5555767916856909 -0.8314652299045551 0
vn 0.19509681844353616 -0.9807839881611087 0
vn 0.19509681844353616 -0.9807839881611087 0
vn 0.19509681844353616 -0.9807839881611087 0
vn 0.19509681844353616 -0.9807839881611087 0
vn -0.19509681844353616 -0.9807839881611087 0
vn -0.19509681844353616 -0.9807839881611087 0
vn -0.19509681844353616 -0.9807839881611087 0
vn -0.19509681844353616 -0.9807839881611087 0
vn -0.5555767916856909 -0.8314652299045551 0
vn -0.5555767916856909 -0.8314652299045551 0
vn -0.5555767916856909 -0.8314652299045551 0
vn -0.5555767916856909 -0.8314652299045551 0
vn -0.8314652299045551 -0.5555767916856909 0
vn -0.8314652299045551 -0.5555767916856909 0
vn -0.8314652299045551 -0.5555767916856909 0
vn -0.8314652299045551 -0.5555767916856909 0
vn -0.9807839881611087 -0.19509681844353616 0
vn -0.9807839881611087 -0.19509681844353616 0
vn -0.9807839881611087 -0.19509681844353616 0
vn -0.9807839881611087 -0.19509681844353616 0
vn -0.9807839881611087 0.19509681844353616 0
vn -0.9807839881611087 0.19509681844353616 0
vn -0.9807839881611087 0.19509681844353616 0
vn -0.9807839881611087 0.19509681844353616 0
vn -0.8314652299045551 0.5555767916856909 0
vn -0.8314652299045551 0.5555767916856909 0
vn -0.8314652299045551 0.5555767916856909 0
vn -0.8314652299045551 0.5555767916856909 0
vn -0.5555767916856909 0.8314652299045551 0
vn -0.5555767916856909 0.8314652299045551 0
vn -0.5555767916856909 0.8314652299045551 0
vn -0.5555767916856909 0.8314652299045551 0
vn 0.1913084808413506 0.9619426594546858 0.19510864942236927
vn 0.1913084808413506 0.9619426594546858 0.19510864942236927
vn 0.1913084808413506 0.9619426594546858 0.19510864942236927
vn 0.1913084808413506 0.9619426594546858 0.19510864942236927
vn 0.5555767916856909 0.8314652299045551 0
vn 0.5555767916856909 0.8314652299045551 0
vn 0.5555767916856909 0.8314652299045551 0
vn 0.5555767916856909 0.8314652299045551 0
vn 0.8314652299045551 0.5555767916856909 0
vn 0.8314652299045551 0.5555767916856909 0
vn 0.8314652299045551 0.5555767916856909 0
vn 0.8314652299045551 0.5555767916856909 0
vn -0.19509681844353616 0.9807839881611087 0
vn -0.19509681844353616 0.9807839881611087 0
vn -0.19509681844353616 0.9807839881611087 0
vn -0.19509681844353616 0.9807839881611087 0
vn 0.19509681844353616 0.9807839881611087 0
vn 0.19509681844353616 0.9807839881611087 0
vn 0.19509681844353616 0.9807839881611087 0
vn 0.8314652299045551 0.5555767916856909 0
vn 0.8314652299045551 0.5555767916856909 0
vn 0.8314652299045551 0.5555767916856909 0
vn -0.9807839881611087 -0.19509681844353616 0
vn -0.9807839881611087 -0.19509681844353616 0
vn 0.5555767916856909 -0.8314652299045551 0
vn 0.5555767916856909 -0.8314652299045551 0
vn 0.5555767916856909 0.8314652299045551 0
vn 0.5555767916856909 0.8314652299045551 0
vn 0.5555767916856909 0.8314652299045551 0
vn -0.8314652299045551 -0.5555767916856909 0
vn -0.8314652299045551 -0.5555767916856909 0
vn -0.19509681844353616 0.9807839881611087 0
vn -0.19509681844353616 0.9807839881611087 0
vn -0.19509681844353616 0.9807839881611087 0
vn 0.8314652299045551 -0.5555767916856909 0
vn 0.8314652299045551 -0.5555767916856909 0
vn -0.5555767916856909 0.8314652299045551 0
vn -0.5555767916856909 0.8314652299045551 0
vn -0.5555767916856909 0.8314652299045551 0
vn -0.5555767916856909 -0.8314652299045551 0
vn -0.5555767916856909 -0.8314652299045551 0
vn 0.9807839881611087 -0.19509681844353616 0
vn 0.9807839881611087 -0.19509681844353616 0
vn -0.8314652299045551 0.5555767916856909 0
vn -0.8314652299045551 0.5555767916856909 0
vn -0.19509681844353616 -0.9807839881611087 0
vn -0.19509681844353616 -0.9807839881611087 0
vn 0.9807839881611087 0.19509681844353616 0
vn 0.9807839881611087 0.19509681844353616 0
vn -0.9807839881611087 0.19509681844353616 0
vn -0.9807839881611087 0.19509681844353616 0
vn 0.19509681844353616 -0.9807839881611087 0
vn 0.19509681844353616 -0.9807839881611087 0
vn 0.1913084808413506 0.9619426594546858 -0.19510864942236927
vn 0.1913084808413506 0.9619426594546858 -0.19510864942236927
vn 0.1913084808413506 0.9619426594546858 -0.19510864942236927
vn 0.1913084808413506 0.9619426594546858 -0.19510864942236927
vn 0.162196723321161 0.815483499002031 -0.5555887740040139
vn 0.162196723321161 0.815483499002031 -0.5555887740040139
vn 0.162196723321161 0.815483499002031 -0.5555887740040139
vn 0.162196723321161 0.815483499002031 -0.5555887740040139
vn 0.10839681294436421 0.5448839647917911 -0.8314755533726068
vn 0.10839681294436421 0.5448839647917911 -0.8314755533726068
vn 0.10839681294436421 0.5448839647917911 -0.8314755533726068
vn 0.10839681294436421 0.5448839647917911 -0.8314755533726068
vn 0.038099695723186874 0.1912984735469047 -0.980792183494763
vn 0.038099695723186874 0.1912984735469047 -0.980792183494763
vn 0.038099695723186874 0.1912984735469047 -0.980792183494763
vn 0.038099695723186874 0.1912984735469047 -0.980792183494763
vn 0.544894462076027 0.8154917437364496 -0.19509802945330315
vn 0.544894462076027 0.8154917437364496 -0.19509802945330315
vn 0.544894462076027 0.8154917437364496 -0.19509802945330315
vn 0.544894462076027 0.8154917437364496 -0.19509802945330315
vn 0.46191418315737237 0.6913211963391703 -0.5556170361771098
vn 0.46191418315737237 0.6913211963391703 -0.5556170361771098
vn 0.46191418315737237 0.6913211963391703 -0.5556170361771098
vn 0.46191418315737237 0.6913211963391703 -0.5556170361771098
vn 0.3086938890629416 0.4618908811706176 -0.8314835516993868
vn 0.3086938890629416 0.4618908811706176 -0.8314835516993868
vn 0.3086938890629416 0.4618908811706176 -0.8314835516993868
vn 0.3086938890629416 0.4618908811706176 -0.8314835516993868
vn 0.10839848067785314 0.16219772170190236 -0.9807862501388593
vn 0.10839848067785314 0.16219772170190236 -0.9807862501388593
vn 0.10839848067785314 0.16219772170190236 -0.9807862501388593
vn 0.10839848067785314 0.16219772170190236 -0.9807862501388593
vn 0.8154917437364496 0.544894462076027 -0.19509802945330315
vn 0.8154917437364496 0.544894462076027 -0.19509802945330315
vn 0.8154917437364496 0.544894462076027 -0.19509802945330315
vn 0.8154917437364496 0.544894462076027 -0.19509802945330315
vn 0.6913211963391703 0.46191418315737237 -0.5556170361771098
vn 0.6913211963391703 0.46191418315737237 -0.5556170361771098
vn 0.6913211963391703 0.46191418315737237 -0.5556170361771098
vn 0.6913211963391703 0.46191418315737237 -0.5556170361771098
vn 0.4618908811706176 0.3086938890629416 -0.8314835516993868
vn 0.4618908811706176 0.3086938890629416 -0.8314835516993868
vn 0.4618908811706176 0.3086938890629416 -0.8314835516993868
vn 0.4618908811706176 0.3086938890629416 -0.8314835516993868
vn 0.16219772170190236 0.10839848067785314 -0.9807862501388593
vn 0.16219772170190236 0.10839848067785314 -0.9807862501388593
vn 0.16219772170190236 0.10839848067785314 -0.9807862501388593
vn 0.16219772170190236 0.10839848067785314 -0.9807862501388593
vn 0.9619426594546858 0.1913084808413506 -0.19510864942236927
vn 0.9619426594546858 0.1913084808413506 -0.19510864942236927
vn 0.9619426594546858 0.1913084808413506 -0.19510864942236927
vn 0.9619426594546858 0.1913084808413506 -0.19510864942236927
vn 0.815483499002031 0.162196723321161 -0.5555887740040139
vn 0.815483499002031 0.162196723321161 -0.5555887740040139
vn 0.815483499002031 0.162196723321161 -0.5555887740040139
vn 0.815483499002031 0.162196723321161 -0.5555887740040139
vn 0.5448839647917911 0.10839681294436421 -0.8314755533726068
vn 0.5448839647917911 0.10839681294436421 -0.8314755533726068
vn 0.5448839647917911 0.10839681294436421 -0.8314755533726068
vn 0.5448839647917911 0.10839681294436421 -0.8314755533726068
vn 0.1912984735469047 0.038099695723186874 -0.980792183494763
vn 0.1912984735469047 0.038099695723186874 -0.980792183494763
vn 0.1912984735469047 0.038099695723186874 -0.980792183494763
vn 0.1912984735469047 0.038099695723186874 -0.980792183494763
vn 0.9619426594546858 -0.1913084808413506 -0.19510864942236927
vn 0.9619426594546858 -0.1913084808413506 -0.19510864942236927
vn 0.9619426594546858 -0.1913084808413506 -0.19510864942236927
vn 0.9619426594546858 -0.1913084808413506 -0.19510864942236927
vn 0.815483499002031 -0.162196723321161 -0.5555887740040139
vn 0.815483499002031 -0.162196723321161 -0.5555887740040139
vn 0.815483499002031 -0.162196723321161 -0.5555887740040139
vn 0.815483499002031 -0.162196723321161 -0.5555887740040139
vn 0.5448839647917911 -0.10839681294436421 -0.8314755533726068
vn 0.5448839647917911 -0.10839681294436421 -0.8314755533726068
vn 0.5448839647917911 -0.10839681294436421 -0.8314755533726068
vn 0.5448839647917911 -0.10839681294436421 -0.8314755533726068
vn 0.1912984735469047 -0.038099695723186874 -0.980792183494763
vn 0.1912984735469047 -0.038099695723186874 -0.980792183494763
vn 0.1912984735469047 -0.038099695723186874 -0.980792183494763
vn 0.1912984735469047 -0.038099695723186874 -0.980792183494763
vn 0.8154917437364496 -0.544894462076027 -0.19509802945330315
vn 0.8154917437364496 -0.544894462076027 -0.19509802945330315
vn 0.8154917437364496 -0.544894462076027 -0.19509802945330315
vn 0.8154917437364496 -0.544894462076027 -0.19509802945330315
vn 0.6913211963391703 -0.46191418315737237 -0.5556170361771098
vn 0.6913211963391703 -0.46191418315737237 -0.5556170361771098
vn 0.6913211963391703 -0.46191418315737237 -0.5556170361771098
vn 0.6913211963391703 -0.46191418315737237 -0.5556170361771098
vn 0.4618908811706176 -0.3086938890629416 -0.8314835516993868
vn 0.4618908811706176 -0.3086938890629416 -0.8314835516993868
vn 0.4618908811706176 -0.3086938890629416 -0.8314835516993868
vn 0.4618908811706176 -0.3086938890629416 -0.8314835516993868
vn 0.16219772170190236 -0.10839848067785314 -0.9807862501388593
vn 0.16219772170190236 -0.10839848067785314 -0.9807862501388593
vn 0.16219772170190236 -0.10839848067785314 -0.9807862501388593
vn 0.16219772170190236 -0.10839848067785314 -0.9807862501388593
vn 0.544894462076027 -0.8154917437364496 -0.19509802945330315
vn 0.544894462076027 -0.8154917437364496 -0.19509802945330315
vn 0.544894462076027 -0.8154917437364496 -0.19509802945330315
vn 0.544894462076027 -0.8154917437364496 -0.19509802945330315
vn 0.46191418315737237 -0.6913211963391703 -0.5556170361771098
vn 0.46191418315737237 -0.6913211963391703 -0.5556170361771098
vn 0.46191418315737237 -0.6913211963391703 -0.5556170361771098
vn 0.46191418315737237 -0.6913211963391703 -0.5556170361771098
vn 0.3086938890629416 -0.4618908811706176 -0.8314835516993868
vn 0.3086938890629416 -0.4618908811706176 -0.8314835516993868
vn 0.3086938890629416 -0.4618908811706176 -0.8314835516993868
vn 0.3086938890629416 -0.4618908811706176 -0.8314835516993868
vn 0.10839848067785314 -0.16219772170190236 -0.9807862501388593
vn 0.10839848067785314 -0.16219772170190236 -0.9807862501388593
vn 0.10839848067785314 -0.16219772170190236 -0.9807862501388593
vn 0.10839848067785314 -0.16219772170190236 -0.9807862501388593
vn 0.1913084808413506 -0.9619426594546858 -0.19510864942236927
vn 0.1913084808413506 -0.9619426594546858 -0.19510864942236927
vn 0.1913084808413506 -0.9619426594546858 -0.19510864942236927
vn 0.1913084808413506 -0.9619426594546858 -0.19510864942236927
vn 0.162196723321161 -0.815483499002031 -0.5555887740040139
vn 0.162196723321161 -0.815483499002031 -0.5555887740040139
vn 0.162196723321161 -0.815483499002031 -0.5555887740040139
vn 0.162196723321161 -0.815483499002031 -0.5555887740040139
vn 0.10839681294436421 -0.5448839647917911 -0.8314755533726068
vn 0.10839681294436421 -0.5448839647917911 -0.8314755533726068
vn 0.10839681294436421 -0.5448839647917911 -0.8314755533726068
vn 0.10839681294436421 -0.5448839647917911 -0.8314755533726068
vn 0.038099695723186874 -0.1912984735469047 -0.980792183494763
vn 0.038099695723186874 -0.1912984735469047 -0.980792183494763
vn 0.038099695723186874 -0.1912984735469047 -0.980792183494763
vn 0.038099695723186874 -0.1912984735469047 -0.980792183494763
vn -0.1913084808413506 -0.9619426594546858 -0.19510864942236927
vn -0.1913084808413506 -0.9619426594546858 -0.19510864942236927
vn -0.1913084808413506 -0.9619426594546858 -0.19510864942236927
vn -0.1913084808413506 -0.9619426594546858 -0.19510864942236927
vn -0.162196723321161 -0.815483499002031 -0.5555887740040139
vn -0.162196723321161 -0.815483499002031 -0.5555887740040139
vn -0.162196723321161 -0.815483499002031 -0.5555887740040139
vn -0.162196723321161 -0.815483499002031 -0.5555887740040139
vn -0.10839681294436421 -0.5448839647917911 -0.8314755533726068
vn -0.10839681294436421 -0.5448839647917911 -0.8314755533726068
vn -0.10839681294436421 -0.5448839647917911 -0.8314755533726068
vn -0.10839681294436421 -0.5448839647917911 -0.8314755533726068
vn -0.038099695723186874 -0.1912984735469047 -0.980792183494763
vn -0.038099695723186874 -0.1912984735469047 -0.980792183494763
vn -0.038099695723186874 -0.1912984735469047 -0.980792183494763
vn -0.038099695723186874 -0.1912984735469047 -0.980792183494763
vn -0.544894462076027 -0.8154917437364496 -0.19509802945330315
vn -0.544894462076027 -0.8154917437364496 -0.19509802945330315
vn -0.544894462076027 -0.8154917437364496 -0.19509802945330315
vn -0.544894462076027 -0.8154917437364496 -0.19509802945330315
vn -0.46191418315737237 -0.6913211963391703 -0.5556170361771098
vn -0.46191418315737237 -0.6913211963391703 -0.5556170361771098
vn -0.46191418315737237 -0.6913211963391703 -0.5556170361771098
vn -0.46191418315737237 -0.6913211963391703 -0.5556170361771098
vn -0.3086938890629416 -0.4618908811706176 -0.8314835516993868
vn -0.3086938890629416 -0.4618908811706176 -0.8314835516993868
vn -0.3086938890629416 -0.4618908811706176 -0.8314835516993868
vn -0.3086938890629416 -0.4618908811706176 -0.8314835516993868
vn -0.10839848067785314 -0.16219772170190236 -0.9807862501388593
vn -0.10839848067785314 -0.16219772170190236 -0.9807862501388593
vn -0.10839848067785314 -0.16219772170190236 -0.9807862501388593
vn -0.10839848067785314 -0.16219772170190236 -0.9807862501388593
vn -0.8154917437364496 -0.544894462076027 -0.19509802945330315
vn -0.8154917437364496 -0.544894462076027 -0.19509802945330315
vn -0.8154917437364496 -0.544894462076027 -0.19509802945330315
vn -0.8154917437364496 -0.544894462076027 -0.19509802945330315
vn -0.6913211963391703 -0.46191418315737237 -0.5556170361771098
vn -0.6913211963391703 -0.46191418315737237 -0.5556170361771098
vn -0.6913211963391703 -0.46191418315737237 -0.5556170361771098
vn -0.6913211963391703 -0.46191418315737237 -0.5556170361771098
vn -0.4618908811706176 -0.3086938890629416 -0.8314835516993868
vn -0.4618908811706176 -0.3086938890629416 -0.8314835516993868
vn -0.4618908811706176 -0.3086938890629416 -0.8314835516993868
vn -0.4618908811706176 -0.3086938890629416 -0.8314835516993868
vn -0.16219772170190236 -0.10839848067785314 -0.9807862501388593
vn -0.16219772170190236 -0.10839848067785314 -0.9807862501388593
vn -0.16219772170190236 -0.10839848067785314 -0.9807862501388593
vn -0.16219772170190236 -0.10839848067785314 -0.9807862501388593
vn -0.9619426594546858 -0.1913084808413506 -0.19510864942236927
vn -0.9619426594546858 -0.1913084808413506 -0.19510864942236927
vn -0.9619426594546858 -0.1913084808413506 -0.19510864942236927
vn -0.9619426594546858 -0.1913084808413506 -0.19510864942236927
vn -0.815483499002031 -0.162196723321161 -0.5555887740040139
vn -0.815483499002031 -0.162196723321161 -0.5555887740040139
vn -0.815483499002031 -0.162196723321161 -0.5555887740040139
vn -0.815483499002031 -0.162196723321161 -0.5555887740040139
vn -0.5448839647917911 -0.10839681294436421 -0.8314755533726068
vn -0.5448839647917911 -0.10839681294436421 -0.8314755533726068
vn -0.5448839647917911 -0.10839681294436421 -0.8314755533726068
vn -0.5448839647917911 -0.10839681294436421 -0.8314755533726068
vn -0.1912984735469047 -0.038099695723186874 -0.980792183494763
vn -0.1912984735469047 -0.038099695723186874 -0.980792183494763
vn -0.1912984735469047 -0.038099695723186874 -0.980792183494763
vn -0.1912984735469047 -0.038099695723186874 -0.980792183494763
vn -0.9619426594546858 0.1913084808413506 -0.19510864942236927
vn -0.9619426594546858 0.1913084808413506 -0.19510864942236927
vn -0.9619426594546858 0.1913084808413506 -0.19510864942236927
vn -0.9619426594546858 0.1913084808413506 -0.19510864942236927
vn -0.815483499002031 0.162196723321161 -0.5555887740040139
vn -0.815483499002031 0.162196723321161 -0.5555887740040139
vn -0.815483499002031 0.162196723321161 -0.5555887740040139
vn -0.815483499002031 0.162196723321161 -0.5555887740040139
vn -0.5448839647917911 0.10839681294436421 -0.8314755533726068
vn -0.5448839647917911 0.10839681294436421 -0.8314755533726068
vn -0.5448839647917911 0.10839681294436421 -0.8314755533726068
vn -0.5448839647917911 0.10839681294436421 -0.8314755533726068
vn -0.1912984735469047 0.038099695723186874 -0.980792183494763
vn -0.1912984735469047 0.038099695723186874 -0.980792183494763
vn -0.1912984735469047 0.038099695723186874 -0.980792183494763
vn -0.1912984735469047 0.038099695723186874 -0.980792183494763
vn -0.8154917437364496 0.544894462076027 -0.19509802945330315
vn -0.8154917437364496 0.544894462076027 -0.19509802945330315
vn -0.8154917437364496 0.544894462076027 -0.19509802945330315
vn -0.8154917437364496 0.544894462076027 -0.19509802945330315
vn -0.6913211963391703 0.46191418315737237 -0.5556170361771098
vn -0.6913211963391703 0.46191418315737237 -0.5556170361771098
vn -0.6913211963391703 0.46191418315737237 -0.5556170361771098
vn -0.6913211963391703 0.46191418315737237 -0.5556170361771098
vn -0.4618908811706176 0.3086938890629416 -0.8314835516993868
vn -0.4618908811706176 0.3086938890629416 -0.8314835516993868
vn -0.4618908811706176 0.3086938890629416 -0.8314835516993868
vn -0.4618908811706176 0.3086938890629416 -0.8314835516993868
vn -0.16219772170190236 0.10839848067785314 -0.9807862501388593
vn -0.16219772170190236 0.10839848067785314 -0.9807862501388593
vn -0.16219772170190236 0.10839848067785314 -0.9807862501388593
vn -0.16219772170190236 0.10839848067785314 -0.9807862501388593
vn -0.544894462076027 0.8154917437364496 -0.19509802945330315
vn -0.544894462076027 0.8154917437364496 -0.19509802945330315
vn -0.544894462076027 0.8154917437364496 -0.19509802945330315
vn -0.544894462076027 0.8154917437364496 -0.19509802945330315
vn -0.46191418315737237 0.6913211963391703 -0.5556170361771098
vn -0.46191418315737237 0.6913211963391703 -0.5556170361771098
vn -0.46191418315737237 0.6913211963391703 -0.5556170361771098
vn -0.46191418315737237 0.6913211963391703 -0.5556170361771098
vn -0.3086938890629416 0.4618908811706176 -0.8314835516993868
vn -0.3086938890629416 0.4618908811706176 -0.8314835516993868
vn -0.3086938890629416 0.4618908811706176 -0.8314835516993868
vn -0.3086938890629416 0.4618908811706176 -0.8314835516993868
vn -0.10839848067785314 0.16219772170190236 -0.9807862501388593
vn -0.10839848067785314 0.16219772170190236 -0.9807862501388593
vn -0.10839848067785314 0.16219772170190236 -0.9807862501388593
vn -0.10839848067785314 0.16219772170190236 -0.9807862501388593
vn -0.1913084808413506 0.9619426594546858 -0.19510864942236927
vn -0.1913084808413506 0.9619426594546858 -0.19510864942236927
vn -0.1913084808413506 0.9619426594546858 -0.19510864942236927
vn -0.1913084808413506 0.9619426594546858 -0.19510864942236927
vn -0.162196723321161 0.815483499002031 -0.5555887740040139
vn -0.162196723321161 0.815483499002031 -0.5555887740040139
vn -0.162196723321161 0.815483499002031 -0.5555887740040139
vn -0.162196723321161 0.815483499002031 -0.5555887740040139
vn -0.10839681294436421 0.5448839647917911 -0.8314755533726068
vn -0.10839681294436421 0.5448839647917911 -0.8314755533726068
vn -0.10839681294436421 0.5448839647917911 -0.8314755533726068
vn -0.10839681294436421 0.5448839647917911 -0.8314755533726068
vn -0.038099695723186874 0.1912984735469047 -0.980792183494763
vn -0.038099695723186874 0.1912984735469047 -0.980792183494763
vn -0.038099695723186874 0.1912984735469047 -0.980792183494763
vn -0.038099695723186874 0.1912984735469047 -0.980792183494763
vn 0 0 -1
vn 0 0 -1
vn 0 0 -1
vn 0 0 -1
vn 0 0 -1
vn 0 0 -1
vn 0 0 -1
vn 0 0 -1
vn 0 0 -1
vn 0 0 -1
vn 0 0 -1
vn 0 0 -1
vn 0 0 -1
vn 0 0 -1
vn 0 0 -1
vn 0 0 -1
vn 0 0 -1
vn 0 0 -1
vn 0 0 -1
vn 0 0 -1
vn 0 0 -1
vn 0.162196723321161 0.815483499002031 0.5555887740040139
vn 0.162196723321161 0.815483499002031 0.5555887740040139
vn 0.162196723321161 0.815483499002031 0.5555887740040139
vn 0.162196723321161 0.815483499002031 0.5555887740040139
vn 0.10839681294436421 0.5448839647917911 0.8314755533726068
vn 0.10839681294436421 0.5448839647917911 0.8314755533726068
vn 0.10839681294436421 0.5448839647917911 0.8314755533726068
vn 0.10839681294436421 0.5448839647917911 0.8314755533726068
vn 0.038099695723186874 0.1912984735469047 0.980792183494763
vn 0.038099695723186874 0.1912984735469047 0.980792183494763
vn 0.038099695723186874 0.1912984735469047 0.980792183494763
vn 0.038099695723186874 0.1912984735469047 0.980792183494763
vn 0.544894462076027 0.8154917437364496 0.19509802945330315
vn 0.544894462076027 0.8154917437364496 0.19509802945330315
vn 0.544894462076027 0.8154917437364496 0.19509802945330315
vn 0.544894462076027 0.8154917437364496 0.19509802945330315
vn 0.46191418315737237 0.6913211963391703 0.5556170361771098
vn 0.46191418315737237 0.6913211963391703 0.5556170361771098
vn 0.46191418315737237 0.6913211963391703 0.5556170361771098
vn 0.46191418315737237 0.6913211963391703 0.5556170361771098
vn 0.3086938890629416 0.4618908811706176 0.8314835516993868
vn 0.3086938890629416 0.4618908811706176 0.8314835516993868
vn 0.3086938890629416 0.4618908811706176 0.8314835516993868
vn 0.3086938890629416 0.4618908811706176 0.8314835516993868
vn 0.10839848067785314 0.16219772170190236 0.9807862501388593
vn 0.10839848067785314 0.16219772170190236 0.9807862501388593
vn 0.10839848067785314 0.16219772170190236 0.9807862501388593
vn 0.10839848067785314 0.16219772170190236 0.9807862501388593
vn 0.8154917437364496 0.544894462076027 0.19509802945330315
vn 0.8154917437364496 0.544894462076027 0.19509802945330315
vn 0.8154917437364496 0.544894462076027 0.19509802945330315
vn 0.8154917437364496 0.544894462076027 0.19509802945330315
vn 0.6913211963391703 0.46191418315737237 0.5556170361771098
vn 0.6913211963391703 0.46191418315737237 0.5556170361771098
vn 0.6913211963391703 0.46191418315737237 0.5556170361771098
vn 0.6913211963391703 0.46191418315737237 0.5556170361771098
vn 0.4618908811706176 0.3086938890629416 0.8314835516993868
vn 0.4618908811706176 0.3086938890629416 0.8314835516993868
vn 0.4618908811706176 0.3086938890629416 0.8314835516993868
vn 0.4618908811706176 0.3086938890629416 0.8314835516993868
vn 0.16219772170190236 0.10839848067785314 0.9807862501388593
vn 0.16219772170190236 0.10839848067785314 0.9807862501388593
vn 0.16219772170190236 0.10839848067785314 0.9807862501388593
vn 0.16219772170190236 0.10839848067785314 0.9807862501388593
vn 0.9619426594546858 0.1913084808413506 0.19510864942236927
vn 0.9619426594546858 0.1913084808413506 0.19510864942236927
vn 0.9619426594546858 0.1913084808413506 0.19510864942236927
vn 0.9619426594546858 0.1913084808413506 0.19510864942236927
vn 0.815483499002031 0.162196723321161 0.5555887740040139
vn 0.815483499002031 0.162196723321161 0.5555887740040139
vn 0.815483499002031 0.162196723321161 0.5555887740040139
vn 0.815483499002031 0.162196723321161 0.5555887740040139
vn 0.5448839647917911 0.10839681294436421 0.8314755533726068
vn 0.5448839647917911 0.10839681294436421 0.8314755533726068
vn 0.5448839647917911 0.10839681294436421 0.8314755533726068
vn 0.5448839647917911 0.10839681294436421 0.8314755533726068
vn 0.1912984735469047 0.038099695723186874 0.980792183494763
vn 0.1912984735469047 0.038099695723186874 0.980792183494763
vn 0.1912984735469047 0.038099695723186874 0.980792183494763
vn 0.1912984735469047 0.038099695723186874 0.980792183494763
vn 0.9619426594546858 -0.1913084808413506 0.19510864942236927
vn 0.9619426594546858 -0.1913084808413506 0.19510864942236927
vn 0.9619426594546858 -0.1913084808413506 0.19510864942236927
vn 0.9619426594546858 -0.1913084808413506 0.19510864942236927
vn 0.815483499002031 -0.162196723321161 0.5555887740040139
vn 0.815483499002031 -0.162196723321161 0.5555887740040139
vn 0.815483499002031 -0.162196723321161 0.5555887740040139
vn 0.815483499002031 -0.162196723321161 0.5555887740040139
vn 0.5448839647917911 -0.10839681294436421 0.8314755533726068
vn 0.5448839647917911 -0.10839681294436421 0.8314755533726068
vn 0.5448839647917911 -0.10839681294436421 0.8314755533726068
vn 0.5448839647917911 -0.10839681294436421 0.8314755533726068
vn 0.1912984735469047 -0.038099695723186874 0.980792183494763
vn 0.1912984735469047 -0.038099695723186874 0.980792183494763
vn 0.1912984735469047 -0.038099695723186874 0.980792183494763
vn 0.1912984735469047 -0.038099695723186874 0.980792183494763
vn 0.8154917437364496 -0.544894462076027 0.19509802945330315
vn 0.8154917437364496 -0.544894462076027 0.19509802945330315
vn 0.8154917437364496 -0.544894462076027 0.19509802945330315
vn 0.8154917437364496 -0.544894462076027 0.19509802945330315
vn 0.6913211963391703 -0.46191418315737237 0.5556170361771098
vn 0.6913211963391703 -0.46191418315737237 0.5556170361771098
vn 0.6913211963391703 -0.46191418315737237 0.5556170361771098
vn 0.6913211963391703 -0.46191418315737237 0.5556170361771098
vn 0.4618908811706176 -0.3086938890629416 0.8314835516993868
vn 0.4618908811706176 -0.3086938890629416 0.8314835516993868
vn 0.4618908811706176 -0.3086938890629416 0.8314835516993868
vn 0.4618908811706176 -0.3086938890629416 0.8314835516993868
vn 0.16219772170190236 -0.10839848067785314 0.9807862501388593
vn 0.16219772170190236 -0.10839848067785314 0.9807862501388593
vn 0.16219772170190236 -0.10839848067785314 0.9807862501388593
vn 0.16219772170190236 -0.10839848067785314 0.9807862501388593
vn 0.544894462076027 -0.8154917437364496 0.19509802945330315
vn 0.544894462076027 -0.8154917437364496 0.19509802945330315
vn 0.544894462076027 -0.8154917437364496 0.19509802945330315
vn 0.544894462076027 -0.8154917437364496 0.19509802945330315
vn 0.46191418315737237 -0.6913211963391703 0.5556170361771098
vn 0.46191418315737237 -0.6913211963391703 0.5556170361771098
vn 0.46191418315737237 -0.6913211963391703 0.5556170361771098
vn 0.46191418315737237 -0.6913211963391703 0.5556170361771098
vn 0.3086938890629416 -0.4618908811706176 0.8314835516993868
vn 0.3086938890629416 -0.4618908811706176 0.8314835516993868
vn 0.3086938890629416 -0.4618908811706176 0.8314835516993868
vn 0.3086938890629416 -0.4618908811706176 0.8314835516993868
vn 0.10839848067785314 -0.16219772170190236 0.9807862501388593
vn 0.10839848067785314 -0.16219772170190236 0.9807862501388593
vn 0.10839848067785314 -0.16219772170190236 0.9807862501388593
vn 0.10839848067785314 -0.16219772170190236 0.9807862501388593
vn 0.1913084808413506 -0.9619426594546858 0.19510864942236927
vn 0.1913084808413506 -0.9619426594546858 0.19510864942236927
vn 0.1913084808413506 -0.9619426594546858 0.19510864942236927
vn 0.1913084808413506 -0.9619426594546858 0.19510864942236927
vn 0.162196723321161 -0.815483499002031 0.5555887740040139
vn 0.162196723321161 -0.815483499002031 0.5555887740040139
vn 0.162196723321161 -0.815483499002031 0.5555887740040139
vn 0.162196723321161 -0.815483499002031 0.5555887740040139
vn 0.10839681294436421 -0.5448839647917911 0.8314755533726068
vn 0.10839681294436421 -0.5448839647917911 0.8314755533726068
vn 0.10839681294436421 -0.5448839647917911 0.8314755533726068
vn 0.10839681294436421 -0.5448839647917911 0.8314755533726068
vn 0.038099695723186874 -0.1912984735469047 0.980792183494763
vn 0.038099695723186874 -0.1912984735469047 0.980792183494763
vn 0.038099695723186874 -0.1912984735469047 0.980792183494763
vn 0.038099695723186874 -0.1912984735469047 0.980792183494763
vn -0.1913084808413506 -0.9619426594546858 0.19510864942236927
vn -0.1913084808413506 -0.9619426594546858 0.19510864942236927
vn -0.1913084808413506 -0.9619426594546858 0.19510864942236927
vn -0.1913084808413506 -0.9619426594546858 0.19510864942236927
vn -0.162196723321161 -0.815483499002031 0.5555887740040139
vn -0.162196723321161 -0.815483499002031 0.5555887740040139
vn -0.162196723321161 -0.815483499002031 0.5555887740040139
vn -0.162196723321161 -0.815483499002031 0.5555887740040139
vn -0.10839681294436421 -0.5448839647917911 0.8314755533726068
vn -0.10839681294436421 -0.5448839647917911 0.8314755533726068
vn -0.10839681294436421 -0.5448839647917911 0.8314755533726068
vn -0.10839681294436421 -0.5448839647917911 0.8314755533726068
vn -0.038099695723186874 -0.1912984735469047 0.980792183494763
vn -0.038099695723186874 -0.1912984735469047 0.980792183494763
vn -0.038099695723186874 -0.1912984735469047 0.980792183494763
vn -0.038099695723186874 -0.1912984735469047 0.980792183494763
vn -0.544894462076027 -0.8154917437364496 0.19509802945330315
vn -0.544894462076027 -0.8154917437364496 0.19509802945330315
vn -0.544894462076027 -0.8154917437364496 0.19509802945330315
vn -0.544894462076027 -0.8154917437364496 0.19509802945330315
vn -0.46191418315737237 -0.6913211963391703 0.5556170361771098
vn -0.46191418315737237 -0.6913211963391703 0.5556170361771098
vn -0.46191418315737237 -0.6913211963391703 0.5556170361771098
vn -0.46191418315737237 -0.6913211963391703 0.5556170361771098
vn -0.3086938890629416 -0.4618908811706176 0.8314835516993868
vn -0.3086938890629416 -0.4618908811706176 0.8314835516993868
vn -0.3086938890629416 -0.4618908811706176 0.8314835516993868
vn -0.3086938890629416 -0.4618908811706176 0.8314835516993868
vn -0.10839848067785314 -0.16219772170190236 0.9807862501388593
vn -0.10839848067785314 -0.16219772170190236 0.9807862501388593
vn -0.10839848067785314 -0.16219772170190236 0.9807862501388593
vn -0.10839848067785314 -0.16219772170190236 0.9807862501388593
vn -0.8154917437364496 -0.544894462076027 0.19509802945330315
vn -0.8154917437364496 -0.544894462076027 0.19509802945330315
vn -0.8154917437364496 -0.544894462076027 0.19509802945330315
vn -0.8154917437364496 -0.544894462076027 0.19509802945330315
vn -0.6913211963391703 -0.46191418315737237 0.5556170361771098
vn -0.6913211963391703 -0.46191418315737237 0.5556170361771098
vn -0.6913211963391703 -0.46191418315737237 0.5556170361771098
vn -0.6913211963391703 -0.46191418315737237 0.5556170361771098
vn -0.4618908811706176 -0.3086938890629416 0.8314835516993868
vn -0.4618908811706176 -0.3086938890629416 0.8314835516993868
vn -0.4618908811706176 -0.3086938890629416 0.8314835516993868
vn -0.4618908811706176 -0.3086938890629416 0.8314835516993868
vn -0.16219772170190236 -0.10839848067785314 0.9807862501388593
vn -0.16219772170190236 -0.10839848067785314 0.9807862501388593
vn -0.16219772170190236 -0.10839848067785314 0.9807862501388593
vn -0.16219772170190236 -0.10839848067785314 0.9807862501388593
vn -0.9619426594546858 -0.1913084808413506 0.19510864942236927
vn -0.9619426594546858 -0.1913084808413506 0.19510864942236927
vn -0.9619426594546858 -0.1913084808413506 0.19510864942236927
vn -0.9619426594546858 -0.1913084808413506 0.19510864942236927
vn -0.815483499002031 -0.162196723321161 0.5555887740040139
vn -0.815483499002031 -0.162196723321161 0.5555887740040139
vn -0.815483499002031 -0.162196723321161 0.5555887740040139
vn -0.815483499002031 -0.162196723321161 0.5555887740040139
vn -0.5448839647917911 -0.10839681294436421 0.8314755533726068
vn -0.5448839647917911 -0.10839681294436421 0.8314755533726068
vn -0.5448839647917911 -0.10839681294436421 0.8314755533726068
vn -0.5448839647917911 -0.10839681294436421 0.8314755533726068
vn -0.1912984735469047 -0.038099695723186874 0.980792183494763
vn -0.1912984735469047 -0.038099695723186874 0.980792183494763
vn -0.1912984735469047 -0.038099695723186874 0.980792183494763
vn -0.1912984735469047 -0.038099695723186874 0.980792183494763
vn -0.9619426594546858 0.1913084808413506 0.19510864942236927
vn -0.9619426594546858 0.1913084808413506 0.19510864942236927
vn -0.9619426594546858 0.1913084808413506 0.19510864942236927
vn -0.9619426594546858 0.1913084808413506 0.19510864942236927
vn -0.815483499002031 0.162196723321161 0.5555887740040139
vn -0.815483499002031 0.162196723321161 0.5555887740040139
vn -0.815483499002031 0.162196723321161 0.5555887740040139
vn -0.815483499002031 0.162196723321161 0.5555887740040139
vn -0.5448839647917911 0.10839681294436421 0.8314755533726068
vn -0.5448839647917911 0.10839681294436421 0.8314755533726068
vn -0.5448839647917911 0.10839681294436421 0.8314755533726068
vn -0.5448839647917911 0.10839681294436421 0.8314755533726068
vn -0.1912984735469047 0.038099695723186874 0.980792183494763
vn -0.1912984735469047 0.038099695723186874 0.980792183494763
vn -0.1912984735469047 0.038099695723186874 0.980792183494763
vn -0.1912984735469047 0.038099695723186874 0.980792183494763
vn -0.8154917437364496 0.544894462076027 0.19509802945330315
vn -0.8154917437364496 0.544894462076027 0.19509802945330315
vn -0.8154917437364496 0.544894462076027 0.19509802945330315
vn -0.8154917437364496 0.544894462076027 0.19509802945330315
vn -0.6913211963391703 0.46191418315737237 0.5556170361771098
vn -0.6913211963391703 0.46191418315737237 0.5556170361771098
vn -0.6913211963391703 0.46191418315737237 0.5556170361771098
vn -0.6913211963391703 0.46191418315737237 0.5556170361771098
vn -0.4618908811706176 0.3086938890629416 0.8314835516993868
vn -0.4618908811706176 0.3086938890629416 0.8314835516993868
vn -0.4618908811706176 0.3086938890629416 0.8314835516993868
vn -0.4618908811706176 0.3086938890629416 0.8314835516993868
vn -0.16219772170190236 0.10839848067785314 0.9807862501388593
vn -0.16219772170190236 0.10839848067785314 0.9807862501388593
vn -0.16219772170190236 0.10839848067785314 0.9807862501388593
vn -0.16219772170190236 0.10839848067785314 0.9807862501388593
vn -0.544894462076027 0.8154917437364496 0.19509802945330315
vn -0.544894462076027 0.8154917437364496 0.19509802945330315
vn -0.544894462076027 0.8154917437364496 0.19509802945330315
vn -0.544894462076027 0.8154917437364496 0.19509802945330315
vn -0.46191418315737237 0.6913211963391703 0.5556170361771098
vn -0.46191418315737237 0.6913211963391703 0.5556170361771098
vn -0.46191418315737237 0.6913211963391703 0.5556170361771098
vn -0.46191418315737237 0.6913211963391703 0.5556170361771098
vn -0.3086938890629416 0.4618908811706176 0.8314835516993868
vn -0.3086938890629416 0.4618908811706176 0.8314835516993868
vn -0.3086938890629416 0.4618908811706176 0.8314835516993868
vn -0.3086938890629416 0.4618908811706176 0.8314835516993868
vn -0.10839848067785314 0.16219772170190236 0.9807862501388593
vn -0.10839848067785314 0.16219772170190236 0.9807862501388593
vn -0.10839848067785314 0.16219772170190236 0.9807862501388593
vn -0.10839848067785314 0.16219772170190236 0.9807862501388593
vn -0.1913084808413506 0.9619426594546858 0.19510864942236927
vn -0.1913084808413506 0.9619426594546858 0.19510864942236927
vn -0.1913084808413506 0.9619426594546858 0.19510864942236927
vn -0.1913084808413506 0.9619426594546858 0.19510864942236927
vn -0.162196723321161 0.815483499002031 0.5555887740040139
vn -0.162196723321161 0.815483499002031 0.5555887740040139
vn -0.162196723321161 0.815483499002031 0.5555887740040139
vn -0.162196723321161 0.815483499002031 0.5555887740040139
vn -0.10839681294436421 0.5448839647917911 0.8314755533726068
vn -0.10839681294436421 0.5448839647917911 0.8314755533726068
vn -0.10839681294436421 0.5448839647917911 0.8314755533726068
vn -0.10839681294436421 0.5448839647917911 0.8314755533726068
vn -0.038099695723186874 0.1912984735469047 0.980792183494763
vn -0.038099695723186874 0.1912984735469047 0.980792183494763
vn -0.038099695723186874 0.1912984735469047 0.980792183494763
vn -0.038099695723186874 0.1912984735469047 0.980792183494763
vn 0 0 1
vn 0 0 1
vn 0 0 1
vn 0 0 1
vn 0 0 1
vn 0 0 1
vn 0 0 1
vn 0 0 1
vn 0 0 1
vn 0 0 1
vn 0 0 1
vn 0 0 1
vn 0 0 1
vn 0 0 1
vn 0 0 1
vn 0 0 1
vn 0 0 1
vn 0 0 1
vn 0 0 1
vn 0 0 1
vn 0 0 1
vn 0.038099695723186874 0.1912984735469047 0.980792183494763
vn 0.038099695723186874 0.1912984735469047 0.980792183494763
vn 0.10839681294436421 0.5448839647917911 0.8314755533726068
vn 0.10839681294436421 0.5448839647917911 0.8314755533726068
vn 0.162196723321161 0.815483499002031 0.5555887740040139
vn 0.162196723321161 0.815483499002031 0.5555887740040139
vn 0.038099695723186874 0.1912984735469047 -0.980792183494763
vn 0.038099695723186874 0.1912984735469047 -0.980792183494763
vn 0.10839681294436421 0.5448839647917911 -0.8314755533726068
vn 0.10839681294436421 0.5448839647917911 -0.8314755533726068
vn 0.162196723321161 0.815483499002031 -0.5555887740040139
vn 0.162196723321161 0.815483499002031 -0.5555887740040139
vn 0.1913084808413506 0.9619426594546858 -0.19510864942236927
vn 0.1913084808413506 0.9619426594546858 -0.19510864942236927
vn 0.19509681844353616 0.9807839881611087 0
vn 0.1913084808413506 0.9619426594546858 0.19510864942236927
vn 0.1913084808413506 0.9619426594546858 0.19510864942236927
vn 0.19509681844353616 0.9807839881611087 0
vn 0.10839848067785314 0.16219772170190236 0.9807862501388593
vn 0.10839848067785314 0.16219772170190236 0.9807862501388593
vn 0.3086938890629416 0.4618908811706176 0.8314835516993868
vn 0.3086938890629416 0.4618908811706176 0.8314835516993868
vn 0.46191418315737237 0.6913211963391703 0.5556170361771098
vn 0.46191418315737237 0.6913211963391703 0.5556170361771098
vn 0.544894462076027 0.8154917437364496 0.19509802945330315
vn 0.544894462076027 0.8154917437364496 0.19509802945330315
vn 0.10839848067785314 0.16219772170190236 -0.9807862501388593
vn 0.10839848067785314 0.16219772170190236 -0.9807862501388593
vn 0.3086938890629416 0.4618908811706176 -0.8314835516993868
vn 0.3086938890629416 0.4618908811706176 -0.8314835516993868
vn 0.46191418315737237 0.6913211963391703 -0.5556170361771098
vn 0.46191418315737237 0.6913211963391703 -0.5556170361771098
vn 0.544894462076027 0.8154917437364496 -0.19509802945330315
vn 0.544894462076027 0.8154917437364496 -0.19509802945330315
vn 0.5555767916856909 0.8314652299045551 0
vn 0.5555767916856909 0.8314652299045551 0
vn -0.038099695723186874 0.1912984735469047 0.980792183494763
vn -0.038099695723186874 0.1912984735469047 0.980792183494763
vn -0.10839681294436421 0.5448839647917911 0.8314755533726068
vn -0.10839681294436421 0.5448839647917911 0.8314755533726068
vn -0.162196723321161 0.815483499002031 0.5555887740040139
vn -0.162196723321161 0.815483499002031 0.5555887740040139
vn -0.1913084808413506 0.9619426594546858 0.19510864942236927
vn -0.1913084808413506 0.9619426594546858 0.19510864942236927
vn -0.038099695723186874 0.1912984735469047 -0.980792183494763
vn -0.038099695723186874 0.1912984735469047 -0.980792183494763
vn -0.10839681294436421 0.5448839647917911 -0.8314755533726068
vn -0.10839681294436421 0.5448839647917911 -0.8314755533726068
vn -0.162196723321161 0.815483499002031 -0.5555887740040139
vn -0.162196723321161 0.815483499002031 -0.5555887740040139
vn -0.1913084808413506 0.9619426594546858 -0.19510864942236927
vn -0.1913084808413506 0.9619426594546858 -0.19510864942236927
vn -0.19509681844353616 0.9807839881611087 0
vn -0.19509681844353616 0.9807839881611087 0
vn -0.10839848067785314 0.16219772170190236 0.9807862501388593
vn -0.10839848067785314 0.16219772170190236 0.9807862501388593
vn -0.3086938890629416 0.4618908811706176 0.8314835516993868
vn -0.3086938890629416 0.4618908811706176 0.8314835516993868
vn -0.46191418315737237 0.6913211963391703 0.5556170361771098
vn -0.46191418315737237 0.6913211963391703 0.5556170361771098
vn -0.544894462076027 0.8154917437364496 0.19509802945330315
vn -0.544894462076027 0.8154917437364496 0.19509802945330315
vn -0.10839848067785314 0.16219772170190236 -0.9807862501388593
vn -0.10839848067785314 0.16219772170190236 -0.9807862501388593
vn -0.3086938890629416 0.4618908811706176 -0.8314835516993868
vn -0.3086938890629416 0.4618908811706176 -0.8314835516993868
vn -0.46191418315737237 0.6913211963391703 -0.5556170361771098
vn -0.46191418315737237 0.6913211963391703 -0.5556170361771098
vn -0.544894462076027 0.8154917437364496 -0.19509802945330315
vn -0.544894462076027 0.8154917437364496 -0.19509802945330315
vn -0.5555767916856909 0.8314652299045551 0
vn -0.5555767916856909 0.8314652299045551 0
vn 0.16219772170190236 0.10839848067785314 0.9807862501388593
vn 0.16219772170190236 0.10839848067785314 0.9807862501388593
vn 0.4618908811706176 0.3086938890629416 0.8314835516993868
vn 0.4618908811706176 0.3086938890629416 0.8314835516993868
vn 0.6913211963391703 0.46191418315737237 0.5556170361771098
vn 0.6913211963391703 0.46191418315737237 0.5556170361771098
vn 0.8154917437364496 0.544894462076027 0.19509802945330315
vn 0.8154917437364496 0.544894462076027 0.19509802945330315
vn 0.16219772170190236 0.10839848067785314 -0.9807862501388593
vn 0.16219772170190236 0.10839848067785314 -0.9807862501388593
vn 0.4618908811706176 0.3086938890629416 -0.8314835516993868
vn 0.4618908811706176 0.3086938890629416 -0.8314835516993868
vn 0.6913211963391703 0.46191418315737237 -0.5556170361771098
vn 0.6913211963391703 0.46191418315737237 -0.5556170361771098
vn 0.8154917437364496 0.544894462076027 -0.19509802945330315
vn 0.8154917437364496 0.544894462076027 -0.19509802945330315
vn 0.8314652299045551 0.5555767916856909 0
vn 0.8314652299045551 0.5555767916856909 0
vn 0.8314652299045551 0.5555767916856909 0
vn 0.8314652299045551 0.5555767916856909 0
vn 0.8314652299045551 0.5555767916856909 0
vn 0.8314652299045551 0.5555767916856909 0
vn 0.5555767916856909 0.8314652299045551 0
vn 0.5555767916856909 0.8314652299045551 0
vn 0.5555767916856909 0.8314652299045551 0
vn 0.5555767916856909 0.8314652299045551 0
vn 0.19509681844353616 0.9807839881611087 0
vn 0.19509681844353616 0.9807839881611087 0
vn 0.19509681844353616 0.9807839881611087 0
vn 0.19509681844353616 0.9807839881611087 0
vn -0.19509681844353616 0.9807839881611087 0
vn -0.19509681844353616 0.9807839881611087 0
vn -0.19509681844353616 0.9807839881611087 0
vn -0.19509681844353616 0.9807839881611087 0
vn 0.8314652299045551 0.5555767916856909 0
vn 0.8314652299045551 0.5555767916856909 0
vn -0.5555767916856909 0.8314652299045551 0
vn -0.5555767916856909 0.8314652299045551 0
vn -0.5555767916856909 0.8314652299045551 0
vn -0.5555767916856909 0.8314652299045551 0
vn -0.8314652299045551 0.5555767916856909 0
vn -0.8314652299045551 0.5555767916856909 0
vn -0.8314652299045551 0.5555767916856909 0
vn -0.8314652299045551 0.5555767916856909 0
vn -0.9807839881611087 0.19509681844353616 0
vn -0.9807839881611087 0.19509681844353616 0
vn -0.9807839881611087 0.19509681844353616 0
vn -0.9807839881611087 0.19509681844353616 0
vn -0.9807839881611087 -0.19509681844353616 0
vn -0.9807839881611087 -0.19509681844353616 0
vn -0.9807839881611087 -0.19509681844353616 0
vn -0.9807839881611087 -0.19509681844353616 0
vn -0.8314652299045551 -0.5555767916856909 0
vn -0.8314652299045551 -0.5555767916856909 0
vn -0.8314652299045551 -0.5555767916856909 0
vn -0.8314652299045551 -0.5555767916856909 0
vn -0.5555767916856909 -0.8314652299045551 0
vn -0.5555767916856909 -0.8314652299045551 0
vn -0.5555767916856909 -0.8314652299045551 0
vn -0.5555767916856909 -0.8314652299045551 0
vn -0.19509681844353616 -0.9807839881611087 0
vn -0.19509681844353616 -0.9807839881611087 0
vn -0.19509681844353616 -0.9807839881611087 0
vn -0.19509681844353616 -0.9807839881611087 0
vn 0.19509681844353616 -0.9807839881611087 0
vn 0.19509681844353616 -0.9807839881611087 0
vn 0.19509681844353616 -0.9807839881611087 0
vn 0.19509681844353616 -0.9807839881611087 0
vn 0.5555767916856909 -0.8314652299045551 0
vn 0.5555767916856909 -0.8314652299045551 0
vn 0.5555767916856909 -0.8314652299045551 0
vn 0.5555767916856909 -0.8314652299045551 0
vn 0.8314652299045551 -0.5555767916856909 0
vn 0.8314652299045551 -0.5555767916856909 0
vn 0.8314652299045551 -0.5555767916856909 0
vn 0.8314652299045551 -0.5555767916856909 0
vn 0.9807839881611087 -0.19509681844353616 0
vn 0.9807839881611087 -0.19509681844353616 0
vn 0.9807839881611087 -0.19509681844353616 0
vn 0.9807839881611087 -0.19509681844353616 0
vn 0.9807839881611087 0.19509681844353616 0
vn 0.9807839881611087 0.19509681844353616 0
vn 0.9807839881611087 0.19509681844353616 0
vn 0.9807839881611087 0.19509681844353616 0
vn 0.19509681844353616 0.9807839881611087 0
vn 0.19509681844353616 0.9807839881611087 0
vn 0.19509681844353616 0.9807839881611087 0
vn 0.9807839881611087 0.19509681844353616 0
vn 0.9807839881611087 0.19509681844353616 0
vn 0.9807839881611087 -0.19509681844353616 0
vn 0.9807839881611087 -0.19509681844353616 0
vn 0.8314652299045551 -0.5555767916856909 0
vn 0.8314652299045551 -0.5555767916856909 0
vn 0.5555767916856909 -0.8314652299045551 0
vn 0.5555767916856909 -0.8314652299045551 0
vn 0.19509681844353616 -0.9807839881611087 0
vn 0.19509681844353616 -0.9807839881611087 0
vn -0.19509681844353616 -0.9807839881611087 0
vn -0.19509681844353616 -0.9807839881611087 0
vn -0.5555767916856909 -0.8314652299045551 0
vn -0.5555767916856909 -0.8314652299045551 0
vn -0.8314652299045551 -0.5555767916856909 0
vn -0.8314652299045551 -0.5555767916856909 0
vn -0.9807839881611087 -0.19509681844353616 0
vn -0.9807839881611087 -0.19509681844353616 0
vn -0.9807839881611087 0.19509681844353616 0
vn -0.9807839881611087 0.19509681844353616 0
vn -0.8314652299045551 0.5555767916856909 0
vn -0.8314652299045551 0.5555767916856909 0
vn -0.5555767916856909 0.8314652299045551 0
vn -0.5555767916856909 0.8314652299045551 0
vn 0.5555767916856909 0.8314652299045551 0
vn 0.5555767916856909 0.8314652299045551 0
vn 0.5555767916856909 0.8314652299045551 0
vn 0.8314652299045551 0.5555767916856909 0
vn 0.8314652299045551 0.5555767916856909 0
vn -0.19509681844353616 0.9807839881611087 0
vn -0.19509681844353616 0.9807839881611087 0
vn 0.19509681844353616 0.9807839881611087 0
vn 0.5555767916856909 0.8314652299045551 0
vn -0.19509681844353616 0.9807839881611087 0
vn -0.19509681844353616 0.9807839881611087 0
vn -0.5555767916856909 0.8314652299045551 0
vn -0.5555767916856909 0.8314652299045551 0
vn 0.8314652299045551 0.5555767916856909 0
vn -0.6385699460642761 0.7695637881186117 0
vn -0.6385699460642761 0.7695637881186117 0
vn -0.6385699460642761 0.7695637881186117 0
vn -0.6385699460642761 0.7695637881186117 0
vn 0.6385107206757074 -0.7696129284141405 0
vn 0.6385107206757074 -0.7696129284141405 0
vn 0.6385107206757074 -0.7696129284141405 0
vn 0.6385107206757074 -0.7696129284141405 0
vn -0.6385107206757074 0.7696129284141405 0
vn -0.6385107206757074 0.7696129284141405 0
vn -0.6385107206757074 0.7696129284141405 0
vn -0.6385107206757074 0.7696129284141405 0
vn 0.33288574227527123 0.4982786477925891 0.8005657198155756
vn 0.33288574227527123 0.4982786477925891 0.8005657198155756
vn 0.33288574227527123 0.4982786477925891 0.8005657198155756
vn 0.33288574227527123 0.4982786477925891 0.8005657198155756
vn -0.33288574227527123 -0.4982786477925891 -0.8005657198155756
vn -0.33288574227527123 -0.4982786477925891 -0.8005657198155756
vn -0.33288574227527123 -0.4982786477925891 -0.8005657198155756
vn -0.33288574227527123 -0.4982786477925891 -0.8005657198155756
vn 0.6385699460642761 -0.7695637881186117 0
vn 0.6385699460642761 -0.7695637881186117 0
vn 0.6385699460642761 -0.7695637881186117 0
vn 0.6385699460642761 -0.7695637881186117 0
vn -0.6385699460642761 0.7695637881186117 0
vn -0.6385699460642761 0.7695637881186117 0
vn -0.025399426442149722 0.9996773775258008 0.00009999773639829069
vn -0.025399426442149722 0.9996773775258008 0.00009999773639829069
vn -0.025399426442149722 0.9996773775258008 0.00009999773639829069
vn -0.025399426442149722 0.9996773775258008 0.00009999773639829069
vn 0.9950875515429954 0.09899876142870401 0.00009999874475809298
vn 0.9950875515429954 0.09899876142870401 0.00009999874475809298
vn 0.9950875515429954 0.09899876142870401 0.00009999874475809298
vn 0.9950875515429954 0.09899876142870401 0.00009999874475809298
vn -0.025499358182398228 0.9996748334997688 -0.00009999747767545988
vn -0.025499358182398228 0.9996748334997688 -0.00009999747767545988
vn -0.025499358182398228 0.9996748334997688 -0.00009999747767545988
vn -0.025499358182398228 0.9996748334997688 -0.00009999747767545988
vn 0.995097397530364 0.09889974432904143 -0.00009999973541595188
vn 0.995097397530364 0.09889974432904143 -0.00009999973541595188
vn 0.995097397530364 0.09889974432904143 -0.00009999973541595188
vn 0.995097397530364 0.09889974432904143 -0.00009999973541595188
vn 0.48990226152603217 0.7332033568955834 0.47160217513146274
vn 0.48990226152603217 0.7332033568955834 0.47160217513146274
vn 0.48990226152603217 0.7332033568955834 0.47160217513146274
vn 0.48990226152603217 0.7332033568955834 0.47160217513146274
vn 0.1941023351956795 0.2904034900853662 -0.9370112573591752
vn 0.1941023351956795 0.2904034900853662 -0.9370112573591752
vn 0.1941023351956795 0.2904034900853662 -0.9370112573591752
vn 0.1941023351956795 0.2904034900853662 -0.9370112573591752
vn 0.5555767916856909 0.8314652299045551 0
vn 0.5555767916856909 0.8314652299045551 0
vn 0.5555767916856909 0.8314652299045551 0
vn 0.5555767916856909 0.8314652299045551 0
vn 0.5555767916856909 0.8314652299045551 0
vn 0.5555767916856909 0.8314652299045551 0
vn 0 0 1
vn 0 0 1
vn 0 0 1
vn 0 0 1
vn 0 0 1
vn 0 0 1
vn 0 0 1
vn 0 0 1
vn 0 0 1
vn 0 0 1
vn 0 0 1
vn 0 0 1
vn -0.0007999933639200932 -0.003999966761392804 0.9999916801036522
vn -0.0007999933639200932 -0.003999966761392804 0.9999916801036522
vn -0.0007999933639200932 -0.003999966761392804 0.9999916801036522
vn -0.0007999933639200932 -0.003999966761392804 0.9999916801036522
vn 0.9755904768108936 -0.2195978632771575 0
vn 0.9755904768108936 -0.2195978632771575 0
vn 0.9755904768108936 -0.2195978632771575 0
vn 0.9755904768108936 -0.2195978632771575 0
vn 0.0007999933639200932 0.003999966761392804 -0.9999916801036522
vn 0.0007999933639200932 0.003999966761392804 -0.9999916801036522
vn 0.0007999933639200932 0.003999966761392804 -0.9999916801036522
vn 0.0007999933639200932 0.003999966761392804 -0.9999916801036522
vn -0.9755904768108936 0.2195978632771575 0
vn -0.9755904768108936 0.2195978632771575 0
vn -0.9755904768108936 0.2195978632771575 0
vn -0.9755904768108936 0.2195978632771575 0
vn 0.9755904768108936 -0.2195978632771575 0
vn 0.9755904768108936 -0.2195978632771575 0
vn -0.9755904768108936 0.2195978632771575 0
vn -0.9755904768108936 0.2195978632771575 0
vn -0.5452027356089877 0.8383042270467662 0
vn -0.5452027356089877 0.8383042270467662 0
vn -0.5452027356089877 0.8383042270467662 0
vn -0.5452027356089877 0.8383042270467662 0
vn 0.8383796443692303 0.5450867563125368 0
vn 0.8383796443692303 0.5450867563125368 0
vn 0.8383796443692303 0.5450867563125368 0
vn 0.8383796443692303 0.5450867563125368 0
vn -0.5452027356089877 0.8383042270467662 0
vn -0.5452027356089877 0.8383042270467662 0
vn 0.8383796443692303 0.5450867563125368 0
vn 0.8383796443692303 0.5450867563125368 0
vn 0.13769488348239095 0.6921742715119873 0.7084736388318343
vn 0.13769488348239095 0.6921742715119873 0.7084736388318343
vn 0.13769488348239095 0.6921742715119873 0.7084736388318343
vn 0.13769488348239095 0.6921742715119873 0.7084736388318343
vn 0.13820029475010356 0.6950015264675665 -0.7056015566442133
vn 0.13820029475010356 0.6950015264675665 -0.7056015566442133
vn 0.13820029475010356 0.6950015264675665 -0.7056015566442133
vn 0.13820029475010356 0.6950015264675665 -0.7056015566442133
vn 0.19509681844353616 0.9807839881611087 0
vn 0.19509681844353616 0.9807839881611087 0
vn 0.19509681844353616 0.9807839881611087 0
vn 0.19509681844353616 0.9807839881611087 0
vn 0.19509681844353616 0.9807839881611087 0
vn 0.19509681844353616 0.9807839881611087 0
vn 0.7789235083481059 0.6271189425800165 0
vn 0.7789235083481059 0.6271189425800165 0
vn 0.7789235083481059 0.6271189425800165 0
vn 0.7789235083481059 0.6271189425800165 0
vn -0.9878681425977858 -0.15529498652693463 0
vn -0.9878681425977858 -0.15529498652693463 0
vn -0.9878681425977858 -0.15529498652693463 0
vn -0.9878681425977858 -0.15529498652693463 0
vn 0.002400065939384241 -0.011800324221375069 0.999927493387274
vn 0.002400065939384241 -0.011800324221375069 0.999927493387274
vn 0.002400065939384241 -0.011800324221375069 0.999927493387274
vn 0.002400065939384241 -0.011800324221375069 0.999927493387274
vn -0.0023000639128998466 0.011800327678256851 -0.9999277283747474
vn -0.0023000639128998466 0.011800327678256851 -0.9999277283747474
vn -0.0023000639128998466 0.011800327678256851 -0.9999277283747474
vn -0.0023000639128998466 0.011800327678256851 -0.9999277283747474
vn -0.9878681425977858 -0.15529498652693463 0
vn -0.9878681425977858 -0.15529498652693463 0
vn 0.9878681425977858 0.15529498652693463 0
vn 0.9878681425977858 0.15529498652693463 0
vn 0.9878681425977858 0.15529498652693463 0
vn 0.9878681425977858 0.15529498652693463 0
vn 0.9878681425977858 0.15529498652693463 0
vn 0.9878681425977858 0.15529498652693463 0
vn 0.5723880480758294 0.8199828793456251 0
vn 0.5723880480758294 0.8199828793456251 0
vn 0.5723880480758294 0.8199828793456251 0
vn 0.5723880480758294 0.8199828793456251 0
vn -0.8201094940296918 0.572206621599543 0
vn -0.8201094940296918 0.572206621599543 0
vn -0.8201094940296918 0.572206621599543 0
vn -0.8201094940296918 0.572206621599543 0
vn -0.8201094940296918 0.572206621599543 0
vn -0.8201094940296918 0.572206621599543 0
vn -0.1371972859167245 0.6894863845231781 0.7111859322949525
vn -0.1371972859167245 0.6894863845231781 0.7111859322949525
vn -0.1371972859167245 0.6894863845231781 0.7111859322949525
vn -0.1371972859167245 0.6894863845231781 0.7111859322949525
vn 0.5723880480758294 0.8199828793456251 0
vn 0.5723880480758294 0.8199828793456251 0
vn -0.13879187725462006 0.6978591245556705 -0.7026588482916384
vn -0.13879187725462006 0.6978591245556705 -0.7026588482916384
vn -0.13879187725462006 0.6978591245556705 -0.7026588482916384
vn -0.13879187725462006 0.6978591245556705 -0.7026588482916384
vn -0.19509681844353616 0.9807839881611087 0
vn -0.19509681844353616 0.9807839881611087 0
vn -0.19509681844353616 0.9807839881611087 0
vn -0.19509681844353616 0.9807839881611087 0
vn -0.19509681844353616 0.9807839881611087 0
vn -0.19509681844353616 0.9807839881611087 0
vn 0.7789235083481059 0.6271189425800165 0
vn 0.7789235083481059 0.6271189425800165 0
vn -0.08780291889439609 0.1314043732560034 0.9874328018264438
vn -0.08780291889439609 0.1314043732560034 0.9874328018264438
vn -0.08780291889439609 0.1314043732560034 0.9874328018264438
vn -0.08780291889439609 0.1314043732560034 0.9874328018264438
vn 0.08780291889439609 -0.1314043732560034 -0.9874328018264438
vn 0.08780291889439609 -0.1314043732560034 -0.9874328018264438
vn 0.08780291889439609 -0.1314043732560034 -0.9874328018264438
vn 0.08780291889439609 -0.1314043732560034 -0.9874328018264438
vn -0.7789235083481059 -0.6271189425800165 0
vn -0.7789235083481059 -0.6271189425800165 0
vn -0.7789235083481059 -0.6271189425800165 0
vn -0.7789235083481059 -0.6271189425800165 0
vn -0.7789235083481059 -0.6271189425800165 0
vn -0.7789235083481059 -0.6271189425800165 0
vn -0.7789235083481059 -0.6271189425800165 0
vn -0.3590868715624266 0.5373803383366096 -0.7630720743420901
vn -0.3590868715624266 0.5373803383366096 -0.7630720743420901
vn -0.3590868715624266 0.5373803383366096 -0.7630720743420901
vn -0.3590868715624266 0.5373803383366096 -0.7630720743420901
vn 0.1499979181809955 0.9886863125083543 0
vn 0.1499979181809955 0.9886863125083543 0
vn 0.1499979181809955 0.9886863125083543 0
vn 0.1499979181809955 0.9886863125083543 0
vn 0.1499979181809955 0.9886863125083543 0
vn 0.1499979181809955 0.9886863125083543 0
vn -0.9882406918924985 0.15290629446767717 0
vn -0.9882406918924985 0.15290629446767717 0
vn -0.9882406918924985 0.15290629446767717 0
vn -0.9882406918924985 0.15290629446767717 0
vn -0.9882406918924985 0.15290629446767717 0
vn -0.9882406918924985 0.15290629446767717 0
vn -0.9882406918924985 0.15290629446767717 0
vn -0.42188397843344977 0.6313759803306148 0.6506752494161122
vn -0.42188397843344977 0.6313759803306148 0.6506752494161122
vn -0.42188397843344977 0.6313759803306148 0.6506752494161122
vn -0.42188397843344977 0.6313759803306148 0.6506752494161122
vn -0.5555767916856909 0.8314652299045551 0
vn -0.5555767916856909 0.8314652299045551 0
vn -0.5555767916856909 0.8314652299045551 0
vn -0.5555767916856909 0.8314652299045551 0
vn -0.5555767916856909 0.8314652299045551 0
vn -0.5555767916856909 0.8314652299045551 0
f 366/366/366 368/368/368 365/365/365
f 368/368/368 366/366/366 367/367/367
f 371/371/371 372/372/372 369/369/369
f 369/369/369 370/370/370 371/371/371
f 375/375/375 376/376/376 373/373/373
f 373/373/373 374/374/374 375/375/375
f 379/379/379 380/380/380 377/377/377
f 377/377/377 378/378/378 379/379/379
f 383/383/383 384/384/384 381/381/381
f 381/381/381 382/382/382 383/383/383
f 387/387/387 388/388/388 385/385/385
f 385/385/385 386/386/386 387/387/387
f 391/391/391 392/392/392 389/389/389
f 389/389/389 390/390/390 391/391/391
f 395/395/395 396/396/396 393/393/393
f 393/393/393 394/394/394 395/395/395
f 398/398/398 400/400/400 397/397/397
f 400/400/400 398/398/398 399/399/399
f 402/402/402 404/404/404 401/401/401
f 404/404/404 402/402/402 403/403/403
f 406/406/406 408/408/408 405/405/405
f 408/408/408 406/406/406 407/407/407
f 410/410/410 412/412/412 409/409/409
f 412/412/412 410/410/410 411/411/411
f 414/414/414 416/416/416 413/413/413
f 416/416/416 414/414/414 415/415/415
f 418/418/418 420/420/420 417/417/417
f 420/420/420 418/418/418 419/419/419
f 422/422/422 424/424/424 421/421/421
f 424/424/424 422/422/422 423/423/423
f 427/427/427 428/428/428 425/425/425
f 425/425/425 426/426/426 427/427/427
f 430/430/430 432/432/432 429/429/429
f 432/432/432 430/430/430 431/431/431
f 433/433/433 435/435/435 366/366/366
f 435/435/435 433/433/433 434/434/434
f 437/437/437 438/438/438 426/426/426
f 426/426/426 436/436/436 437/437/437
f 402/402/402 440/440/440 403/403/403
f 440/440/440 402/402/402 439/439/439
f 441/441/441 442/442/442 383/383/383
f 383/383/383 382/382/382 441/441/441
f 443/443/443 445/445/445 422/422/422
f 445/445/445 443/443/443 444/444/444
f 398/398/398 447/447/447 399/399/399
f 447/447/447 398/398/398 446/446/446
f 448/448/448 450/450/450 430/430/430
f 450/450/450 448/448/448 449/449/449
f 451/451/451 452/452/452 379/379/379
f 379/379/379 378/378/378 451/451/451
f 453/453/453 455/455/455 414/414/414
f 455/455/455 453/453/453 454/454/454
f 456/456/456 457/457/457 395/395/395
f 395/395/395 394/394/394 456/456/456
f 458/458/458 459/459/459 375/375/375
f 375/375/375 374/374/374 458/458/458
f 410/410/410 461/461/461 411/411/411
f 461/461/461 410/410/410 460/460/460
f 462/462/462 463/463/463 391/391/391
f 391/391/391 390/390/390 462/462/462
f 464/464/464 465/465/465 371/371/371
f 371/371/371 370/370/370 464/464/464
f 406/406/406 467/467/467 407/407/407
f 467/467/467 406/406/406 466/466/466
f 468/468/468 469/469/469 387/387/387
f 387/387/387 386/386/386 468/468/468
f 471/471/471 473/473/473 470/470/470
f 473/473/473 471/471/471 472/472/472
f 475/475/475 477/477/477 474/474/474
f 477/477/477 475/475/475 476/476/476
f 479/479/479 481/481/481 478/478/478
f 481/481/481 479/479/479 480/480/480
f 483/483/483 485/485/485 482/482/482
f 485/485/485 483/483/483 484/484/484
f 487/487/487 489/489/489 486/486/486
f 489/489/489 487/487/487 488/488/488
f 491/491/491 493/493/493 490/490/490
f 493/493/493 491/491/491 492/492/492
f 495/495/495 497/497/497 494/494/494
f 497/497/497 495/495/495 496/496/496
f 499/499/499 501/501/501 498/498/498
f 501/501/501 499/499/499 500/500/500
f 504/504/504 505/505/505 502/502/502
f 502/502/502 503/503/503 504/504/504
f 508/508/508 509/509/509 506/506/506
f 506/506/506 507/507/507 508/508/508
f 511/511/511 513/513/513 510/510/510
f 513/513/513 511/511/511 512/512/512
f 515/515/515 517/517/517 514/514/514
f 517/517/517 515/515/515 516/516/516
f 520/520/520 521/521/521 518/518/518
f 518/518/518 519/519/519 520/520/520
f 524/524/524 525/525/525 522/522/522
f 522/522/522 523/523/523 524/524/524
f 527/527/527 529/529/529 526/526/526
f 529/529/529 527/527/527 528/528/528
f 531/531/531 533/533/533 530/530/530
f 533/533/533 531/531/531 532/532/532
f 536/536/536 537/537/537 534/534/534
f 534/534/534 535/535/535 536/536/536
f 540/540/540 541/541/541 538/538/538
f 538/538/538 539/539/539 540/540/540
f 543/543/543 545/545/545 542/542/542
f 545/545/545 543/543/543 544/544/544
f 547/547/547 549/549/549 546/546/546
f 549/549/549 547/547/547 548/548/548
f 552/552/552 553/553/553 550/550/550
f 550/550/550 551/551/551 552/552/552
f 556/556/556 557/557/557 554/554/554
f 554/554/554 555/555/555 556/556/556
f 559/559/559 561/561/561 558/558/558
f 561/561/561 559/559/559 560/560/560
f 563/563/563 565/565/565 562/562/562
f 565/565/565 563/563/563 564/564/564
f 568/568/568 569/569/569 566/566/566
f 566/566/566 567/567/567 568/568/568
f 572/572/572 573/573/573 570/570/570
f 570/570/570 571/571/571 572/572/572
f 575/575/575 577/577/577 574/574/574
f 577/577/577 575/575/575 576/576/576
f 579/579/579 581/581/581 578/578/578
f 581/581/581 579/579/579 580/580/580
f 584/584/584 585/585/585 582/582/582
f 582/582/582 583/583/583 584/584/584
f 588/588/588 589/589/589 586/586/586
f 586/586/586 587/587/587 588/588/588
f 591/591/591 593/593/593 590/590/590
f 593/593/593 591/591/591 592/592/592
f 595/595/595 597/597/597 594/594/594
f 597/597/597 595/595/595 596/596/596
f 600/600/600 601/601/601 598/598/598
f 598/598/598 599/599/599 600/600/600
f 604/604/604 605/605/605 602/602/602
f 602/602/602 603/603/603 604/604/604
f 607/607/607 609/609/609 606/606/606
f 609/609/609 607/607/607 608/608/608
f 611/611/611 613/613/613 610/610/610
f 613/613/613 611/611/611 612/612/612
f 616/616/616 617/617/617 614/614/614
f 614/614/614 615/615/615 616/616/616
f 620/620/620 621/621/621 618/618/618
f 618/618/618 619/619/619 620/620/620
f 623/623/623 625/625/625 622/622/622
f 625/625/625 623/623/623 624/624/624
f 627/627/627 629/629/629 626/626/626
f 629/629/629 627/627/627 628/628/628
f 631/631/631 633/633/633 630/630/630
f 633/633/633 631/631/631 632/632/632
f 635/635/635 637/637/637 634/634/634
f 637/637/637 635/635/635 636/636/636
f 639/639/639 641/641/641 638/638/638
f 641/641/641 639/639/639 640/640/640
f 643/643/643 645/645/645 642/642/642
f 645/645/645 643/643/643 644/644/644
f 647/647/647 649/649/649 646/646/646
f 649/649/649 647/647/647 648/648/648
f 651/651/651 653/653/653 650/650/650
f 653/653/653 651/651/651 652/652/652
f 655/655/655 657/657/657 654/654/654
f 657/657/657 655/655/655 656/656/656
f 659/659/659 661/661/661 658/658/658
f 661/661/661 659/659/659 660/660/660
f 663/663/663 665/665/665 662/662/662
f 665/665/665 663/663/663 664/664/664
f 667/667/667 669/669/669 666/666/666
f 669/669/669 667/667/667 668/668/668
f 671/671/671 673/673/673 670/670/670
f 673/673/673 671/671/671 672/672/672
f 675/675/675 677/677/677 674/674/674
f 677/677/677 675/675/675 676/676/676
f 679/679/679 681/681/681 678/678/678
f 681/681/681 679/679/679 680/680/680
f 683/683/683 685/685/685 682/682/682
f 685/685/685 683/683/683 684/684/684
f 687/687/687 689/689/689 686/686/686
f 689/689/689 687/687/687 688/688/688
f 691/691/691 693/693/693 690/690/690
f 693/693/693 691/691/691 692/692/692
f 695/695/695 697/697/697 694/694/694
f 697/697/697 695/695/695 696/696/696
f 699/699/699 701/701/701 698/698/698
f 701/701/701 699/699/699 700/700/700
f 703/703/703 705/705/705 702/702/702
f 705/705/705 703/703/703 704/704/704
f 707/707/707 709/709/709 706/706/706
f 709/709/709 707/707/707 708/708/708
f 711/711/711 713/713/713 710/710/710
f 713/713/713 711/711/711 712/712/712
f 715/715/715 717/717/717 714/714/714
f 717/717/717 715/715/715 716/716/716
f 719/719/719 721/721/721 718/718/718
f 721/721/721 719/719/719 720/720/720
f 723/723/723 725/725/725 722/722/722
f 725/725/725 723/723/723 724/724/724
f 727/727/727 746/746/746 726/726/726
f 746/746/746 744/744/744 745/745/745
f 744/744/744 742/742/742 743/743/743
f 742/742/742 740/740/740 741/741/741
f 740/740/740 738/738/738 739/739/739
f 738/738/738 736/736/736 737/737/737
f 736/736/736 734/734/734 735/735/735
f 734/734/734 732/732/732 733/733/733
f 731/731/731 729/729/729 730/730/730
f 729/729/729 727/727/727 728/728/728
f 727/727/727 744/744/744 746/746/746
f 744/744/744 740/740/740 742/742/742
f 740/740/740 736/736/736 738/738/738
f 736/736/736 732/732/732 734/734/734
f 732/732/732 729/729/729 731/731/731
f 729/729/729 744/744/744 727/727/727
f 744/744/744 736/736/736 740/740/740
f 736/736/736 729/729/729 732/732/732
f 729/729/729 736/736/736 744/744/744
f 748/748/748 750/750/750 747/747/747
f 750/750/750 748/748/748 749/749/749
f 753/753/753 754/754/754 751/751/751
f 751/751/751 752/752/752 753/753/753
f 757/757/757 758/758/758 755/755/755
f 755/755/755 756/756/756 757/757/757
f 760/760/760 762/762/762 759/759/759
f 762/762/762 760/760/760 761/761/761
f 764/764/764 766/766/766 763/763/763
f 766/766/766 764/764/764 765/765/765
f 769/769/769 770/770/770 767/767/767
f 767/767/767 768/768/768 769/769/769
f 773/773/773 774/774/774 771/771/771
f 771/771/771 772/772/772 773/773/773
f 777/777/777 778/778/778 775/775/775
f 775/775/775 776/776/776 777/777/777
f 781/781/781 782/782/782 779/779/779
f 779/779/779 780/780/780 781/781/781
f 785/785/785 786/786/786 783/783/783
f 783/783/783 784/784/784 785/785/785
f 789/789/789 790/790/790 787/787/787
f 787/787/787 788/788/788 789/789/789
f 793/793/793 794/794/794 791/791/791
f 791/791/791 792/792/792 793/793/793
f 797/797/797 798/798/798 795/795/795
f 795/795/795 796/796/796 797/797/797
f 801/801/801 802/802/802 799/799/799
f 799/799/799 800/800/800 801/801/801
f 805/805/805 806/806/806 803/803/803
f 803/803/803 804/804/804 805/805/805
f 809/809/809 810/810/810 807/807/807
f 807/807/807 808/808/808 809/809/809
f 813/813/813 814/814/814 811/811/811
f 811/811/811 812/812/812 813/813/813
f 817/817/817 818/818/818 815/815/815
f 815/815/815 816/816/816 817/817/817
f 821/821/821 822/822/822 819/819/819
f 819/819/819 820/820/820 821/821/821
f 825/825/825 826/826/826 823/823/823
f 823/823/823 824/824/824 825/825/825
f 829/829/829 830/830/830 827/827/827
f 827/827/827 828/828/828 829/829/829
f 833/833/833 834/834/834 831/831/831
f 831/831/831 832/832/832 833/833/833
f 837/837/837 838/838/838 835/835/835
f 835/835/835 836/836/836 837/837/837
f 841/841/841 842/842/842 839/839/839
f 839/839/839 840/840/840 841/841/841
f 845/845/845 846/846/846 843/843/843
f 843/843/843 844/844/844 845/845/845
f 849/849/849 850/850/850 847/847/847
f 847/847/847 848/848/848 849/849/849
f 853/853/853 854/854/854 851/851/851
f 851/851/851 852/852/852 853/853/853
f 857/857/857 858/858/858 855/855/855
f 855/855/855 856/856/856 857/857/857
f 861/861/861 862/862/862 859/859/859
f 859/859/859 860/860/860 861/861/861
f 865/865/865 866/866/866 863/863/863
f 863/863/863 864/864/864 865/865/865
f 869/869/869 870/870/870 867/867/867
f 867/867/867 868/868/868 869/869/869
f 873/873/873 874/874/874 871/871/871
f 871/871/871 872/872/872 873/873/873
f 877/877/877 878/878/878 875/875/875
f 875/875/875 876/876/876 877/877/877
f 881/881/881 882/882/882 879/879/879
f 879/879/879 880/880/880 881/881/881
f 885/885/885 886/886/886 883/883/883
f 883/883/883 884/884/884 885/885/885
f 889/889/889 890/890/890 887/887/887
f 887/887/887 888/888/888 889/889/889
f 893/893/893 894/894/894 891/891/891
f 891/891/891 892/892/892 893/893/893
f 897/897/897 898/898/898 895/895/895
f 895/895/895 896/896/896 897/897/897
f 901/901/901 902/902/902 899/899/899
f 899/899/899 900/900/900 901/901/901
f 904/904/904 906/906/906 903/903/903
f 906/906/906 904/904/904 905/905/905
f 908/908/908 910/910/910 907/907/907
f 910/910/910 908/908/908 909/909/909
f 913/913/913 914/914/914 911/911/911
f 911/911/911 912/912/912 913/913/913
f 917/917/917 918/918/918 915/915/915
f 915/915/915 916/916/916 917/917/917
f 920/920/920 922/922/922 919/919/919
f 922/922/922 920/920/920 921/921/921
f 924/924/924 926/926/926 923/923/923
f 926/926/926 924/924/924 925/925/925
f 929/929/929 930/930/930 927/927/927
f 927/927/927 928/928/928 929/929/929
f 933/933/933 934/934/934 931/931/931
f 931/931/931 932/932/932 933/933/933
f 936/936/936 938/938/938 935/935/935
f 938/938/938 936/936/936 937/937/937
f 940/940/940 942/942/942 939/939/939
f 942/942/942 940/940/940 941/941/941
f 945/945/945 946/946/946 943/943/943
f 943/943/943 944/944/944 945/945/945
f 949/949/949 950/950/950 947/947/947
f 947/947/947 948/948/948 949/949/949
f 952/952/952 954/954/954 951/951/951
f 954/954/954 952/952/952 953/953/953
f 956/956/956 958/958/958 955/955/955
f 958/958/958 956/956/956 957/957/957
f 961/961/961 962/962/962 959/959/959
f 959/959/959 960/960/960 961/961/961
f 965/965/965 966/966/966 963/963/963
f 963/963/963 964/964/964 965/965/965
f 968/968/968 970/970/970 967/967/967
f 970/970/970 968/968/968 969/969/969
f 972/972/972 974/974/974 971/971/971
f 974/974/974 972/972/972 973/973/973
f 977/977/977 978/978/978 975/975/975
f 975/975/975 976/976/976 977/977/977
f 981/981/981 982/982/982 979/979/979
f 979/979/979 980/980/980 981/981/981
f 984/984/984 986/986/986 983/983/983
f 986/986/986 984/984/984 985/985/985
f 988/988/988 990/990/990 987/987/987
f 990/990/990 988/988/988 989/989/989
f 993/993/993 994/994/994 991/991/991
f 991/991/991 992/992/992 993/993/993
f 997/997/997 998/998/998 995/995/995
f 995/995/995 996/996/996 997/997/997
f 1019/1019/1019 999/999/999 1000/1000/1000
f 1000/1000/1000 1001/1001/1001 1002/1002/1002
f 1002/1002/1002 1003/1003/1003 1004/1004/1004
f 1004/1004/1004 1005/1005/1005 1006/1006/1006
f 1006/1006/1006 1007/1007/1007 1008/1008/1008
f 1008/1008/1008 1009/1009/1009 1010/1010/1010
f 1010/1010/1010 1011/1011/1011 1012/1012/1012
f 1012/1012/1012 1013/1013/1013 1014/1014/1014
f 1014/1014/1014 1015/1015/1015 1016/1016/1016
f 1016/1016/1016 1017/1017/1017 1018/1018/1018
f 1018/1018/1018 1019/1019/1019 1000/1000/1000
f 1000/1000/1000 1002/1002/1002 1004/1004/1004
f 1004/1004/1004 1006/1006/1006 1008/1008/1008
f 1008/1008/1008 1010/1010/1010 1012/1012/1012
f 1012/1012/1012 1014/1014/1014 1016/1016/1016
f 1016/1016/1016 1018/1018/1018 1000/1000/1000
f 1000/1000/1000 1004/1004/1004 1008/1008/1008
f 1008/1008/1008 1012/1012/1012 1016/1016/1016
f 1016/1016/1016 1000/1000/1000 1008/1008/1008
f 758/758/758 1021/1021/1021 1020/1020/1020
f 1020/1020/1020 755/755/755 758/758/758
f 754/754/754 1023/1023/1023 1022/1022/1022
f 1022/1022/1022 751/751/751 754/754/754
f 747/747/747 1025/1025/1025 1024/1024/1024
f 1025/1025/1025 747/747/747 750/750/750
f 482/482/482 1027/1027/1027 1026/1026/1026
f 1027/1027/1027 482/482/482 485/485/485
f 478/478/478 1029/1029/1029 1028/1028/1028
f 1029/1029/1029 478/478/478 481/481/481
f 474/474/474 1031/1031/1031 1030/1030/1030
f 1031/1031/1031 474/474/474 477/477/477
f 470/470/470 1033/1033/1033 1032/1032/1032
f 1033/1033/1033 470/470/470 473/473/473
f 366/366/366 1034/1034/1034 367/367/367
f 1034/1034/1034 366/366/366 435/435/435
f 417/417/417 1036/1036/1036 1035/1035/1035
f 1036/1036/1036 417/417/417 420/420/420
f 433/433/433 365/365/365 1037/1037/1037
f 365/365/365 433/433/433 366/366/366
f 774/774/774 1039/1039/1039 1038/1038/1038
f 1038/1038/1038 771/771/771 774/774/774
f 770/770/770 1041/1041/1041 1040/1040/1040
f 1040/1040/1040 767/767/767 770/770/770
f 763/763/763 1043/1043/1043 1042/1042/1042
f 1043/1043/1043 763/763/763 766/766/766
f 759/759/759 1045/1045/1045 1044/1044/1044
f 1045/1045/1045 759/759/759 762/762/762
f 498/498/498 1047/1047/1047 1046/1046/1046
f 1047/1047/1047 498/498/498 501/501/501
f 494/494/494 1049/1049/1049 1048/1048/1048
f 1049/1049/1049 494/494/494 497/497/497
f 490/490/490 1051/1051/1051 1050/1050/1050
f 1051/1051/1051 490/490/490 493/493/493
f 486/486/486 1053/1053/1053 1052/1052/1052
f 1053/1053/1053 486/486/486 489/489/489
f 422/422/422 1054/1054/1054 423/423/423
f 1054/1054/1054 422/422/422 445/445/445
f 443/443/443 421/421/421 1055/1055/1055
f 421/421/421 443/443/443 422/422/422
f 998/998/998 1057/1057/1057 1056/1056/1056
f 1056/1056/1056 995/995/995 998/998/998
f 994/994/994 1059/1059/1059 1058/1058/1058
f 1058/1058/1058 991/991/991 994/994/994
f 987/987/987 1061/1061/1061 1060/1060/1060
f 1061/1061/1061 987/987/987 990/990/990
f 983/983/983 1063/1063/1063 1062/1062/1062
f 1063/1063/1063 983/983/983 986/986/986
f 722/722/722 1065/1065/1065 1064/1064/1064
f 1065/1065/1065 722/722/722 725/725/725
f 718/718/718 1067/1067/1067 1066/1066/1066
f 1067/1067/1067 718/718/718 721/721/721
f 714/714/714 1069/1069/1069 1068/1068/1068
f 1069/1069/1069 714/714/714 717/717/717
f 710/710/710 1071/1071/1071 1070/1070/1070
f 1071/1071/1071 710/710/710 713/713/713
f 430/430/430 1072/1072/1072 431/431/431
f 1072/1072/1072 430/430/430 450/450/450
f 448/448/448 429/429/429 1073/1073/1073
f 429/429/429 448/448/448 430/430/430
f 982/982/982 1075/1075/1075 1074/1074/1074
f 1074/1074/1074 979/979/979 982/982/982
f 978/978/978 1077/1077/1077 1076/1076/1076
f 1076/1076/1076 975/975/975 978/978/978
f 971/971/971 1079/1079/1079 1078/1078/1078
f 1079/1079/1079 971/971/971 974/974/974
f 967/967/967 1081/1081/1081 1080/1080/1080
f 1081/1081/1081 967/967/967 970/970/970
f 706/706/706 1083/1083/1083 1082/1082/1082
f 1083/1083/1083 706/706/706 709/709/709
f 702/702/702 1085/1085/1085 1084/1084/1084
f 1085/1085/1085 702/702/702 705/705/705
f 698/698/698 1087/1087/1087 1086/1086/1086
f 1087/1087/1087 698/698/698 701/701/701
f 694/694/694 1089/1089/1089 1088/1088/1088
f 1089/1089/1089 694/694/694 697/697/697
f 414/414/414 1090/1090/1090 415/415/415
f 1090/1090/1090 414/414/414 455/455/455
f 453/453/453 413/413/413 1091/1091/1091
f 413/413/413 453/453/453 414/414/414
f 790/790/790 1093/1093/1093 1092/1092/1092
f 1092/1092/1092 787/787/787 790/790/790
f 786/786/786 1095/1095/1095 1094/1094/1094
f 1094/1094/1094 783/783/783 786/786/786
f 782/782/782 1097/1097/1097 1096/1096/1096
f 1096/1096/1096 779/779/779 782/782/782
f 778/778/778 1099/1099/1099 1098/1098/1098
f 1098/1098/1098 775/775/775 778/778/778
f 514/514/514 1101/1101/1101 1100/1100/1100
f 1101/1101/1101 514/514/514 517/517/517
f 510/510/510 1103/1103/1103 1102/1102/1102
f 1103/1103/1103 510/510/510 513/513/513
f 509/509/509 1105/1105/1105 1104/1104/1104
f 1104/1104/1104 506/506/506 509/509/509
f 505/505/505 1107/1107/1107 1106/1106/1106
f 1106/1106/1106 502/502/502 505/505/505
f 438/438/438 1108/1108/1108 427/427/427
f 427/427/427 426/426/426 438/438/438
f 426/426/426 425/425/425 1109/1109/1109
f 1109/1109/1109 436/436/436 426/426/426
f 1112/1112/1112 1113/1113/1113 1110/1110/1110
f 1110/1110/1110 1111/1111/1111 1112/1112/1112
f 1115/1115/1115 1117/1117/1117 1114/1114/1114
f 1117/1117/1117 1115/1115/1115 1116/1116/1116
f 1119/1119/1119 1121/1121/1121 1118/1118/1118
f 1121/1121/1121 1119/1119/1119 1120/1120/1120
f 1123/1123/1123 1125/1125/1125 1122/1122/1122
f 1125/1125/1125 1123/1123/1123 1124/1124/1124
f 1126/1126/1126 1127/1127/1127 1113/1113/1113
f 1113/1113/1113 1112/1112/1112 1126/1126/1126
f 1129/1129/1129 1131/1131/1131 1128/1128/1128
f 1131/1131/1131 1129/1129/1129 1130/1130/1130
f 1133/1133/1133 1135/1135/1135 1132/1132/1132
f 1135/1135/1135 1133/1133/1133 1134/1134/1134
f 1137/1137/1137 1139/1139/1139 1136/1136/1136
f 1139/1139/1139 1137/1137/1137 1138/1138/1138
f 1141/1141/1141 1143/1143/1143 1140/1140/1140
f 1143/1143/1143 1141/1141/1141 1142/1142/1142
f 1145/1145/1145 1147/1147/1147 1144/1144/1144
f 1147/1147/1147 1145/1145/1145 1146/1146/1146
f 1150/1150/1150 1151/1151/1151 1148/1148/1148
f 1148/1148/1148 1149/1149/1149 1150/1150/1150
f 1154/1154/1154 1155/1155/1155 1152/1152/1152
f 1152/1152/1152 1153/1153/1153 1154/1154/1154
f 1158/1158/1158 1159/1159/1159 1156/1156/1156
f 1156/1156/1156 1157/1157/1157 1158/1158/1158
f 1162/1162/1162 1163/1163/1163 1160/1160/1160
f 1160/1160/1160 1161/1161/1161 1162/1162/1162
f 1166/1166/1166 1167/1167/1167 1164/1164/1164
f 1164/1164/1164 1165/1165/1165 1166/1166/1166
f 1170/1170/1170 1171/1171/1171 1168/1168/1168
f 1168/1168/1168 1169/1169/1169 1170/1170/1170
f 1174/1174/1174 1175/1175/1175 1172/1172/1172
f 1172/1172/1172 1173/1173/1173 1174/1174/1174
f 1121/1121/1121 1178/1178/1178 1176/1176/1176
f 1178/1178/1178 1121/1121/1121 1177/1177/1177
f 1175/1175/1175 1180/1180/1180 1179/1179/1179
f 1179/1179/1179 1172/1172/1172 1175/1175/1175
f 1171/1171/1171 1182/1182/1182 1181/1181/1181
f 1181/1181/1181 1168/1168/1168 1171/1171/1171
f 1167/1167/1167 1184/1184/1184 1183/1183/1183
f 1183/1183/1183 1164/1164/1164 1167/1167/1167
f 1163/1163/1163 1186/1186/1186 1185/1185/1185
f 1185/1185/1185 1160/1160/1160 1163/1163/1163
f 1159/1159/1159 1188/1188/1188 1187/1187/1187
f 1187/1187/1187 1156/1156/1156 1159/1159/1159
f 1155/1155/1155 1190/1190/1190 1189/1189/1189
f 1189/1189/1189 1152/1152/1152 1155/1155/1155
f 1151/1151/1151 1192/1192/1192 1191/1191/1191
f 1191/1191/1191 1148/1148/1148 1151/1151/1151
f 1144/1144/1144 1194/1194/1194 1193/1193/1193
f 1194/1194/1194 1144/1144/1144 1147/1147/1147
f 1140/1140/1140 1196/1196/1196 1195/1195/1195
f 1196/1196/1196 1140/1140/1140 1143/1143/1143
f 1136/1136/1136 1198/1198/1198 1197/1197/1197
f 1198/1198/1198 1136/1136/1136 1139/1139/1139
f 1132/1132/1132 1200/1200/1200 1199/1199/1199
f 1200/1200/1200 1132/1132/1132 1135/1135/1135
f 1128/1128/1128 1202/1202/1202 1201/1201/1201
f 1202/1202/1202 1128/1128/1128 1131/1131/1131
f 1117/1117/1117 1205/1205/1205 1203/1203/1203
f 1205/1205/1205 1117/1117/1117 1204/1204/1204
f 1127/1127/1127 1207/1207/1207 1206/1206/1206
f 1206/1206/1206 1113/1113/1113 1127/1127/1127
f 1122/1122/1122 1209/1209/1209 1208/1208/1208
f 1209/1209/1209 1122/1122/1122 1125/1125/1125
f 1118/1118/1118 1176/1176/1176 1210/1210/1210
f 1176/1176/1176 1118/1118/1118 1121/1121/1121
f 1114/1114/1114 1203/1203/1203 1211/1211/1211
f 1203/1203/1203 1114/1114/1114 1117/1117/1117
f 1213/1213/1213 1208/1208/1208 1212/1212/1212
f 1208/1208/1208 1213/1213/1213 1122/1122/1122
f 1215/1215/1215 1201/1201/1201 1214/1214/1214
f 1201/1201/1201 1215/1215/1215 1128/1128/1128
f 1113/1113/1113 1206/1206/1206 1216/1216/1216
f 1216/1216/1216 1110/1110/1110 1113/1113/1113
f 425/425/425 1112/1112/1112 1111/1111/1111
f 1111/1111/1111 1109/1109/1109 425/425/425
f 1055/1055/1055 1116/1116/1116 1115/1115/1115
f 1116/1116/1116 1055/1055/1055 421/421/421
f 1037/1037/1037 1120/1120/1120 1119/1119/1119
f 1120/1120/1120 1037/1037/1037 365/365/365
f 429/429/429 1124/1124/1124 1123/1123/1123
f 1124/1124/1124 429/429/429 432/432/432
f 428/428/428 1126/1126/1126 1112/1112/1112
f 1112/1112/1112 425/425/425 428/428/428
f 413/413/413 1130/1130/1130 1129/1129/1129
f 1130/1130/1130 413/413/413 416/416/416
f 409/409/409 1134/1134/1134 1133/1133/1133
f 1134/1134/1134 409/409/409 412/412/412
f 405/405/405 1138/1138/1138 1137/1137/1137
f 1138/1138/1138 405/405/405 408/408/408
f 401/401/401 1142/1142/1142 1141/1141/1141
f 1142/1142/1142 401/401/401 404/404/404
f 397/397/397 1146/1146/1146 1145/1145/1145
f 1146/1146/1146 397/397/397 400/400/400
f 396/396/396 1150/1150/1150 1149/1149/1149
f 1149/1149/1149 393/393/393 396/396/396
f 392/392/392 1154/1154/1154 1153/1153/1153
f 1153/1153/1153 389/389/389 392/392/392
f 388/388/388 1158/1158/1158 1157/1157/1157
f 1157/1157/1157 385/385/385 388/388/388
f 384/384/384 1162/1162/1162 1161/1161/1161
f 1161/1161/1161 381/381/381 384/384/384
f 380/380/380 1166/1166/1166 1165/1165/1165
f 1165/1165/1165 377/377/377 380/380/380
f 376/376/376 1170/1170/1170 1169/1169/1169
f 1169/1169/1169 373/373/373 376/376/376
f 372/372/372 1174/1174/1174 1173/1173/1173
f 1173/1173/1173 369/369/369 372/372/372
f 1218/1218/1218 1220/1220/1220 1217/1217/1217
f 1220/1220/1220 1218/1218/1218 1219/1219/1219
f 1223/1223/1223 1224/1224/1224 1221/1221/1221
f 1221/1221/1221 1222/1222/1222 1223/1223/1223
f 1226/1226/1226 1228/1228/1228 1225/1225/1225
f 1228/1228/1228 1226/1226/1226 1227/1227/1227
f 1231/1231/1231 1232/1232/1232 1229/1229/1229
f 1229/1229/1229 1230/1230/1230 1231/1231/1231
f 1234/1234/1234 1236/1236/1236 1233/1233/1233
f 1236/1236/1236 1234/1234/1234 1235/1235/1235
f 1239/1239/1239 1240/1240/1240 1237/1237/1237
f 1237/1237/1237 1238/1238/1238 1239/1239/1239
f 1241/1241/1241 1219/1219/1219 1218/1218/1218
f 1219/1219/1219 1241/1241/1241 1242/1242/1242
f 1244/1244/1244 1246/1246/1246 1243/1243/1243
f 1246/1246/1246 1244/1244/1244 1245/1245/1245
f 1249/1249/1249 1250/1250/1250 1247/1247/1247
f 1247/1247/1247 1248/1248/1248 1249/1249/1249
f 1252/1252/1252 1254/1254/1254 1251/1251/1251
f 1254/1254/1254 1252/1252/1252 1253/1253/1253
f 1257/1257/1257 1258/1258/1258 1255/1255/1255
f 1255/1255/1255 1256/1256/1256 1257/1257/1257
f 1260/1260/1260 1262/1262/1262 1259/1259/1259
f 1262/1262/1262 1260/1260/1260 1261/1261/1261
f 1264/1264/1264 1266/1266/1266 1263/1263/1263
f 1266/1266/1266 1264/1264/1264 1265/1265/1265
f 1267/1267/1267 1271/1271/1271 1272/1272/1272
f 1270/1270/1270 1268/1268/1268 1269/1269/1269
f 1268/1268/1268 1271/1271/1271 1267/1267/1267
f 1271/1271/1271 1268/1268/1268 1270/1270/1270
f 1287/1287/1287 1288/1288/1288 1285/1285/1285
f 1285/1285/1285 1286/1286/1286 1287/1287/1287
f 1291/1291/1291 1292/1292/1292 1289/1289/1289
f 1289/1289/1289 1290/1290/1290 1291/1291/1291
f 1294/1294/1294 1296/1296/1296 1293/1293/1293
f 1296/1296/1296 1294/1294/1294 1295/1295/1295
f 1298/1298/1298 1300/1300/1300 1297/1297/1297
f 1300/1300/1300 1298/1298/1298 1299/1299/1299
f 1302/1302/1302 1291/1291/1291 1290/1290/1290
f 1290/1290/1290 1301/1301/1301 1302/1302/1302
f 1303/1303/1303 1299/1299/1299 1298/1298/1298
f 1299/1299/1299 1303/1303/1303 1304/1304/1304
f 1306/1306/1306 1308/1308/1308 1305/1305/1305
f 1308/1308/1308 1306/1306/1306 1307/1307/1307
f 1311/1311/1311 1312/1312/1312 1309/1309/1309
f 1309/1309/1309 1310/1310/1310 1311/1311/1311
f 1313/1313/1313 1307/1307/1307 1306/1306/1306
f 1307/1307/1307 1313/1313/1313 1314/1314/1314
f 1316/1316/1316 1311/1311/1311 1310/1310/1310
f 1310/1310/1310 1315/1315/1315 1316/1316/1316
f 1319/1319/1319 1320/1320/1320 1317/1317/1317
f 1317/1317/1317 1318/1318/1318 1319/1319/1319
f 1322/1322/1322 1324/1324/1324 1321/1321/1321
f 1324/1324/1324 1322/1322/1322 1323/1323/1323
f 1325/1325/1325 1329/1329/1329 1330/1330/1330
f 1329/1329/1329 1327/1327/1327 1328/1328/1328
f 1327/1327/1327 1325/1325/1325 1326/1326/1326
f 1325/1325/1325 1327/1327/1327 1329/1329/1329
f 1333/1333/1333 1334/1334/1334 1331/1331/1331
f 1331/1331/1331 1332/1332/1332 1333/1333/1333
f 1336/1336/1336 1338/1338/1338 1335/1335/1335
f 1338/1338/1338 1336/1336/1336 1337/1337/1337
f 1341/1341/1341 1342/1342/1342 1339/1339/1339
f 1339/1339/1339 1340/1340/1340 1341/1341/1341
f 1344/1344/1344 1346/1346/1346 1343/1343/1343
f 1346/1346/1346 1344/1344/1344 1345/1345/1345
f 1347/1347/1347 1337/1337/1337 1336/1336/1336
f 1337/1337/1337 1347/1347/1347 1348/1348/1348
f 1351/1351/1351 1352/1352/1352 1349/1349/1349
f 1349/1349/1349 1350/1350/1350 1351/1351/1351
f 1354/1354/1354 1351/1351/1351 1350/1350/1350
f 1350/1350/1350 1353/1353/1353 1354/1354/1354
f 1356/1356/1356 1358/1358/1358 1355/1355/1355
f 1358/1358/1358 1356/1356/1356 1357/1357/1357
f 1360/1360/1360 1362/1362/1362 1359/1359/1359
f 1362/1362/1362 1360/1360/1360 1361/1361/1361
f 1363/1363/1363 1361/1361/1361 1360/1360/1360
f 1361/1361/1361 1363/1363/1363 1364/1364/1364
f 1367/1367/1367 1368/1368/1368 1365/1365/1365
f 1365/1365/1365 1366/1366/1366 1367/1367/1367
f 1369/1369/1369 1357/1357/1357 1356/1356/1356
f 1357/1357/1357 1369/1369/1369 1370/1370/1370
f 1372/1372/1372 1374/1374/1374 1371/1371/1371
f 1374/1374/1374 1372/1372/1372 1373/1373/1373
f 1376/1376/1376 1380/1380/1380 1375/1375/1375
f 1379/1379/1379 1377/1377/1377 1378/1378/1378
f 1377/1377/1377 1380/1380/1380 1376/1376/1376
f 1380/1380/1380 1377/1377/1377 1379/1379/1379
f 1334/1334/1334 1382/1382/1382 1381/1381/1381
f 1381/1381/1381 1331/1331/1331 1334/1334/1334
f 1385/1385/1385 1386/1386/1386 1383/1383/1383
f 1383/1383/1383 1384/1384/1384 1385/1385/1385
f 1388/1388/1388 1390/1390/1390 1387/1387/1387
f 1390/1390/1390 1388/1388/1388 1389/1389/1389
f 1392/1392/1392 1394/1394/1394 1391/1391/1391
f 1394/1394/1394 1392/1392/1392 1393/1393/1393
f 1391/1391/1391 1397/1397/1397 1395/1395/1395
f 1397/1397/1397 1391/1391/1391 1396/1396/1396
f 1399/1399/1399 1401/1401/1401 1398/1398/1398
f 1401/1401/1401 1399/1399/1399 1400/1400/1400
f 1403/1403/1403 1405/1405/1405 1402/1402/1402
f 1405/1405/1405 1403/1403/1403 1404/1404/1404
f 1402/1402/1402 1407/1407/1407 1406/1406/1406
f 1407/1407/1407 1402/1402/1402 1405/1405/1405
f 1409/1409/1409 1411/1411/1411 1408/1408/1408
f 1411/1411/1411 1409/1409/1409 1410/1410/1410
f 1413/1413/1413 1410/1410/1410 1412/1412/1412
f 1410/1410/1410 1413/1413/1413 1414/1414/1414
f 1416/1416/1416 1418/1418/1418 1415/1415/1415
f 1418/1418/1418 1416/1416/1416 1417/1417/1417
f 1420/1420/1420 1424/1424/1424 1419/1419/1419
f 1423/1423/1423 1421/1421/1421 1422/1422/1422
f 1421/1421/1421 1424/1424/1424 1420/1420/1420
f 1424/1424/1424 1421/1421/1421 1423/1423/1423
o Pipe2
usemtl Material
v 0.427388995885849 1.1910239458084106 -1.3736629486083984
v 0.3850640058517456 1.3764599561691284 -1.3736629486083984
v 0.2664729952812195 1.525169014930725 -1.3736629486083984
v 0.09510300308465958 1.6076960563659668 -1.3736629486083984
v -0.09510300308465958 1.6076960563659668 -1.3736629486083984
v -0.2664720118045807 1.525169014930725 -1.373661994934082
v -0.3850629925727844 1.3764599561691284 -1.373661994934082
v -0.4273880124092102 1.1910229921340942 -1.373661994934082
v -0.3850629925727844 1.0055869817733765 -1.373661994934082
v -0.2664720118045807 0.8568779826164246 -1.373661994934082
v -0.09510199725627899 0.7743510007858276 -1.373661994934082
v 0.09510300308465958 0.7743510007858276 -1.373661994934082
v 0.2664729952812195 0.8568779826164246 -1.373661994934082
v 0.3850640058517456 1.0055869817733765 -1.3736629486083984
v -0.3117449879646301 0 -2.112518072128296
v 0.11126100271940231 0 -2.01596999168396
v -0.11125999689102173 0 -2.01596999168396
v 0.3117449879646301 0 -2.112518072128296
v -0.4504840075969696 0 -2.2864909172058105
v 0.4504849910736084 0 -2.286492109298706
v -0.5 0 -2.5034329891204834
v 0.5 0 -2.5034339427948
v -0.4504849910736084 0 -2.7203750610351562
v 0.4504840075969696 0 -2.7203760147094727
v -0.3117449879646301 0 -2.8943490982055664
v 0.3117449879646301 0 -2.8943490982055664
v -0.11126100271940231 0 -2.9908969402313232
v 0.11125999689102173 0 -2.9908969402313232
v 0.3117449879646301 1.500527024269104 -2.373534917831421
v 0.2664729952812195 1.525169014930725 -1.3736629486083984
v 0.3850640058517456 1.3764599561691284 -1.3736629486083984
v 0.4504849910736084 1.3649619817733765 -2.242105007171631
v 0.4504840075969696 0 -2.7203760147094727
v 0.4504840075969696 0.9285539984703064 -2.676490068435669
v 0.5 0.7587640285491943 -2.5034339427948
v 0.5 0 -2.5034339427948
v 0.11125999689102173 1.5747580528259277 -2.4448978900909424
v 0.09510300308465958 1.6076960563659668 -1.3736629486083984
v 0.2664729952812195 1.525169014930725 -1.3736629486083984
v 0.3117449879646301 1.500527024269104 -2.373534917831421
v -0.11126100271940231 1.5747580528259277 -2.4448978900909424
v -0.09510300308465958 1.6076960563659668 -1.3736629486083984
v 0.09510300308465958 1.6076960563659668 -1.3736629486083984
v 0.11125999689102173 1.5747580528259277 -2.4448978900909424
v -0.3117449879646301 1.500525951385498 -2.373534917831421
v -0.2664720118045807 1.525169014930725 -1.373661994934082
v -0.09510300308465958 1.6076960563659668 -1.3736629486083984
v -0.11126100271940231 1.5747580528259277 -2.4448978900909424
v -0.4504840075969696 1.36496102809906 -2.2421040534973145
v -0.3850629925727844 1.3764599561691284 -1.373661994934082
v -0.2664720118045807 1.525169014930725 -1.373661994934082
v -0.3117449879646301 1.500525951385498 -2.373534917831421
v -0.5 1.1910239458084106 -2.071787118911743
v -0.4273880124092102 1.1910229921340942 -1.373661994934082
v -0.3850629925727844 1.3764599561691284 -1.373661994934082
v -0.4504840075969696 1.36496102809906 -2.2421040534973145
v -0.4504840075969696 1.0083810091018677 -1.9007079601287842
v -0.3850629925727844 1.0055869817733765 -1.373661994934082
v -0.4273880124092102 1.1910229921340942 -1.373661994934082
v -0.5 1.1910239458084106 -2.071787118911743
v -0.3117449879646301 0.854112982749939 -1.776168942451477
v -0.2664720118045807 0.8568779826164246 -1.373661994934082
v -0.3850629925727844 1.0055869817733765 -1.373661994934082
v -0.4504840075969696 1.0083810091018677 -1.9007079601287842
v -0.11125999689102173 0.765546977519989 -1.714514970779419
v -0.09510199725627899 0.7743510007858276 -1.373661994934082
v -0.2664720118045807 0.8568779826164246 -1.373661994934082
v -0.3117449879646301 0.854112982749939 -1.776168942451477
v 0.11126100271940231 0.765546977519989 -1.714514970779419
v 0.09510300308465958 0.7743510007858276 -1.373661994934082
v -0.09510199725627899 0.7743510007858276 -1.373661994934082
v -0.11125999689102173 0.765546977519989 -1.714514970779419
v 0.3117449879646301 0.854112982749939 -1.776168942451477
v 0.2664729952812195 0.8568779826164246 -1.373661994934082
v 0.09510300308465958 0.7743510007858276 -1.373661994934082
v 0.11126100271940231 0.765546977519989 -1.714514970779419
v 0.4504849910736084 1.0083810091018677 -1.9007090330123901
v 0.3850640058517456 1.0055869817733765 -1.3736629486083984
v 0.2664729952812195 0.8568779826164246 -1.373661994934082
v 0.3117449879646301 0.854112982749939 -1.776168942451477
v 0.5 1.1910239458084106 -2.0717880725860596
v 0.427388995885849 1.1910239458084106 -1.3736629486083984
v 0.3850640058517456 1.0055869817733765 -1.3736629486083984
v 0.4504849910736084 1.0083810091018677 -1.9007090330123901
v 0.11125999689102173 0 -2.9908969402313232
v 0.11125999689102173 1.1313250064849854 -2.8857181072235107
v 0.3117449879646301 1.0599340200424194 -2.811647891998291
v 0.3117449879646301 0 -2.8943490982055664
v 0.4504849910736084 1.3649619817733765 -2.242105007171631
v 0.3850640058517456 1.3764599561691284 -1.3736629486083984
v 0.427388995885849 1.1910239458084106 -1.3736629486083984
v 0.5 1.1910239458084106 -2.0717880725860596
v -0.11126100271940231 0 -2.9908969402313232
v -0.11126100271940231 1.1313250064849854 -2.8857181072235107
v 0.11125999689102173 1.1313250064849854 -2.8857181072235107
v 0.11125999689102173 0 -2.9908969402313232
v -0.3117449879646301 0 -2.8943490982055664
v -0.3117449879646301 1.0599340200424194 -2.811647891998291
v -0.11126100271940231 1.1313250064849854 -2.8857181072235107
v -0.11126100271940231 0 -2.9908969402313232
v -0.4504849910736084 0 -2.7203750610351562
v -0.4504849910736084 0.9285539984703064 -2.6764891147613525
v -0.3117449879646301 1.0599340200424194 -2.811647891998291
v -0.3117449879646301 0 -2.8943490982055664
v -0.5 0 -2.5034329891204834
v -0.5 0.7587630152702332 -2.5034329891204834
v -0.4504849910736084 0.9285539984703064 -2.6764891147613525
v -0.4504849910736084 0 -2.7203750610351562
v -0.4504840075969696 0 -2.2864909172058105
v -0.4504840075969696 0.5889319777488708 -2.3225560188293457
v -0.5 0.7587630152702332 -2.5034329891204834
v -0.5 0 -2.5034329891204834
v -0.3117449879646301 0 -2.112518072128296
v -0.3117449879646301 0.46483299136161804 -2.1707088947296143
v -0.4504840075969696 0.5889319777488708 -2.3225560188293457
v -0.4504840075969696 0 -2.2864909172058105
v -0.11125999689102173 0 -2.01596999168396
v -0.11125999689102173 0.4027419984340668 -2.0839109420776367
v -0.3117449879646301 0.46483299136161804 -2.1707088947296143
v -0.3117449879646301 0 -2.112518072128296
v 0.11126100271940231 0 -2.01596999168396
v 0.11126100271940231 0.4027419984340668 -2.0839109420776367
v -0.11125999689102173 0.4027419984340668 -2.0839109420776367
v -0.11125999689102173 0 -2.01596999168396
v 0.3117449879646301 0 -2.112518072128296
v 0.3117449879646301 0.46483299136161804 -2.1707088947296143
v 0.11126100271940231 0.4027419984340668 -2.0839109420776367
v 0.11126100271940231 0 -2.01596999168396
v 0.4504849910736084 0 -2.286492109298706
v 0.4504849910736084 0.5889319777488708 -2.3225560188293457
v 0.3117449879646301 0.46483299136161804 -2.1707088947296143
v 0.3117449879646301 0 -2.112518072128296
v 0.5 0 -2.5034339427948
v 0.5 0.7587640285491943 -2.5034339427948
v 0.4504849910736084 0.5889319777488708 -2.3225560188293457
v 0.4504849910736084 0 -2.286492109298706
v 0.4504849910736084 1.3649619817733765 -2.242105007171631
v 0.5 1.1910239458084106 -2.0717880725860596
v 0.5 1.158120036125183 -2.2369720935821533
v 0.4504849910736084 1.3254460096359253 -2.402311086654663
v 0.4504849910736084 1.3254460096359253 -2.402311086654663
v 0.5 1.158120036125183 -2.2369720935821533
v 0.5 1.0644179582595825 -2.377007007598877
v 0.4504849910736084 1.228633999824524 -2.5411200523376465
v 0.4504849910736084 1.228633999824524 -2.5411200523376465
v 0.5 1.0644179582595825 -2.377007007598877
v 0.5 0.9241819977760315 -2.4705770015716553
v 0.4504840075969696 1.0892640352249146 -2.6373989582061768
v 0.4504840075969696 1.0892640352249146 -2.6373989582061768
v 0.5 0.9241819977760315 -2.4705770015716553
v 0.5 0.7587640285491943 -2.5034339427948
v 0.4504840075969696 0.9285539984703064 -2.676490068435669
v 0.4504840075969696 0.9285539984703064 -2.676490068435669
v 0.3117449879646301 1.0599340200424194 -2.811647891998291
v 0.3117449879646301 1.218400001525879 -2.76855206489563
v 0.4504840075969696 1.0892640352249146 -2.6373989582061768
v 0.4504840075969696 1.0892640352249146 -2.6373989582061768
v 0.3117449879646301 1.218400001525879 -2.76855206489563
v 0.3117449879646301 1.3577760457992554 -2.6701579093933105
v 0.4504849910736084 1.228633999824524 -2.5411200523376465
v 0.4504849910736084 1.228633999824524 -2.5411200523376465
v 0.3117449879646301 1.3577760457992554 -2.6701579093933105
v 0.3117449879646301 1.456845998764038 -2.5314459800720215
v 0.4504849910736084 1.3254460096359253 -2.402311086654663
v 0.4504849910736084 1.3254460096359253 -2.402311086654663
v 0.3117449879646301 1.456845998764038 -2.5314459800720215
v 0.3117449879646301 1.500527024269104 -2.373534917831421
v 0.4504849910736084 1.3649619817733765 -2.242105007171631
v 0.3117449879646301 1.0599340200424194 -2.811647891998291
v 0.11125999689102173 1.1313250064849854 -2.8857181072235107
v 0.11125999689102173 1.2890499830245972 -2.840636968612671
v 0.3117449879646301 1.218400001525879 -2.76855206489563
v 0.3117449879646301 1.218400001525879 -2.76855206489563
v 0.11125999689102173 1.2890499830245972 -2.840636968612671
v 0.11125999689102173 1.4287060499191284 -2.7410318851470947
v 0.3117449879646301 1.3577760457992554 -2.6701579093933105
v 0.3117449879646301 1.3577760457992554 -2.6701579093933105
v 0.11125999689102173 1.4287060499191284 -2.7410318851470947
v 0.11125999689102173 1.5290340185165405 -2.602066993713379
v 0.3117449879646301 1.456845998764038 -2.5314459800720215
v 0.3117449879646301 1.456845998764038 -2.5314459800720215
v 0.11125999689102173 1.5290340185165405 -2.602066993713379
v 0.11125999689102173 1.5747580528259277 -2.4448978900909424
v 0.3117449879646301 1.500527024269104 -2.373534917831421
v 0.11125999689102173 1.1313250064849854 -2.8857181072235107
v -0.11126100271940231 1.1313250064849854 -2.8857181072235107
v -0.11126100271940231 1.2890499830245972 -2.840636968612671
v 0.11125999689102173 1.2890499830245972 -2.840636968612671
v 0.11125999689102173 1.2890499830245972 -2.840636968612671
v -0.11126100271940231 1.2890499830245972 -2.840636968612671
v -0.11126100271940231 1.4287060499191284 -2.7410318851470947
v 0.11125999689102173 1.4287060499191284 -2.7410318851470947
v 0.11125999689102173 1.4287060499191284 -2.7410318851470947
v -0.11126100271940231 1.4287060499191284 -2.7410318851470947
v -0.11126100271940231 1.5290340185165405 -2.602066993713379
v 0.11125999689102173 1.5290340185165405 -2.602066993713379
v 0.11125999689102173 1.5290340185165405 -2.602066993713379
v -0.11126100271940231 1.5290340185165405 -2.602066993713379
v -0.11126100271940231 1.5747580528259277 -2.4448978900909424
v 0.11125999689102173 1.5747580528259277 -2.4448978900909424
v -0.11126100271940231 1.1313250064849854 -2.8857181072235107
v -0.3117449879646301 1.0599340200424194 -2.811647891998291
v -0.3117449879646301 1.2183990478515625 -2.7685511112213135
v -0.11126100271940231 1.2890499830245972 -2.840636968612671
v -0.11126100271940231 1.2890499830245972 -2.840636968612671
v -0.3117449879646301 1.2183990478515625 -2.7685511112213135
v -0.3117449879646301 1.3577760457992554 -2.670156955718994
v -0.11126100271940231 1.4287060499191284 -2.7410318851470947
v -0.11126100271940231 1.4287060499191284 -2.7410318851470947
v -0.3117449879646301 1.3577760457992554 -2.670156955718994
v -0.3117449879646301 1.456845998764038 -2.5314459800720215
v -0.11126100271940231 1.5290340185165405 -2.602066993713379
v -0.11126100271940231 1.5290340185165405 -2.602066993713379
v -0.3117449879646301 1.456845998764038 -2.5314459800720215
v -0.3117449879646301 1.500525951385498 -2.373534917831421
v -0.11126100271940231 1.5747580528259277 -2.4448978900909424
v -0.3117449879646301 1.0599340200424194 -2.811647891998291
v -0.4504849910736084 0.9285539984703064 -2.6764891147613525
v -0.4504849910736084 1.0892640352249146 -2.6373980045318604
v -0.3117449879646301 1.2183990478515625 -2.7685511112213135
v -0.3117449879646301 1.2183990478515625 -2.7685511112213135
v -0.4504849910736084 1.0892640352249146 -2.6373980045318604
v -0.4504849910736084 1.228633999824524 -2.54111909866333
v -0.3117449879646301 1.3577760457992554 -2.670156955718994
v -0.3117449879646301 1.3577760457992554 -2.670156955718994
v -0.4504849910736084 1.228633999824524 -2.54111909866333
v -0.4504849910736084 1.3254460096359253 -2.4023098945617676
v -0.3117449879646301 1.456845998764038 -2.5314459800720215
v -0.3117449879646301 1.456845998764038 -2.5314459800720215
v -0.4504849910736084 1.3254460096359253 -2.4023098945617676
v -0.4504840075969696 1.36496102809906 -2.2421040534973145
v -0.3117449879646301 1.500525951385498 -2.373534917831421
v -0.4504849910736084 0.9285539984703064 -2.6764891147613525
v -0.5 0.7587630152702332 -2.5034329891204834
v -0.5 0.9241819977760315 -2.470576047897339
v -0.4504849910736084 1.0892640352249146 -2.6373980045318604
v -0.4504849910736084 1.0892640352249146 -2.6373980045318604
v -0.5 0.9241819977760315 -2.470576047897339
v -0.5 1.0644179582595825 -2.377007007598877
v -0.4504849910736084 1.228633999824524 -2.54111909866333
v -0.4504849910736084 1.228633999824524 -2.54111909866333
v -0.5 1.0644179582595825 -2.377007007598877
v -0.5 1.158120036125183 -2.236970901489258
v -0.4504849910736084 1.3254460096359253 -2.4023098945617676
v -0.4504849910736084 1.3254460096359253 -2.4023098945617676
v -0.5 1.158120036125183 -2.236970901489258
v -0.5 1.1910239458084106 -2.071787118911743
v -0.4504840075969696 1.36496102809906 -2.2421040534973145
v -0.5 0.7587630152702332 -2.5034329891204834
v -0.4504840075969696 0.5889319777488708 -2.3225560188293457
v -0.4504840075969696 0.7584130167961121 -2.29886794090271
v -0.5 0.9241819977760315 -2.470576047897339
v -0.5 0.9241819977760315 -2.470576047897339
v -0.4504840075969696 0.7584130167961121 -2.29886794090271
v -0.4504840075969696 0.8976399898529053 -2.210381031036377
v -0.5 1.0644179582595825 -2.377007007598877
v -0.5 1.0644179582595825 -2.377007007598877
v -0.4504840075969696 0.8976399898529053 -2.210381031036377
v -0.4504840075969696 0.9854170083999634 -2.0705649852752686
v -0.5 1.158120036125183 -2.236970901489258
v -0.5 1.158120036125183 -2.236970901489258
v -0.4504840075969696 0.9854170083999634 -2.0705649852752686
v -0.4504840075969696 1.0083810091018677 -1.9007079601287842
v -0.5 1.1910239458084106 -2.071787118911743
v -0.4504840075969696 0.5889319777488708 -2.3225560188293457
v -0.3117449879646301 0.46483299136161804 -2.1707088947296143
v -0.3117449879646301 0.6323490142822266 -2.1579370498657227
v -0.4504840075969696 0.7584130167961121 -2.29886794090271
v -0.4504840075969696 0.7584130167961121 -2.29886794090271
v -0.3117449879646301 0.6323490142822266 -2.1579370498657227
v -0.3117449879646301 0.7651519775390625 -2.0784730911254883
v -0.4504840075969696 0.8976399898529053 -2.210381031036377
v -0.4504840075969696 0.8976399898529053 -2.210381031036377
v -0.3117449879646301 0.7651519775390625 -2.0784730911254883
v -0.3117449879646301 0.8430259823799133 -1.9444140195846558
v -0.4504840075969696 0.9854170083999634 -2.0705649852752686
v -0.4504840075969696 0.9854170083999634 -2.0705649852752686
v -0.3117449879646301 0.8430259823799133 -1.9444140195846558
v -0.3117449879646301 0.854112982749939 -1.776168942451477
v -0.4504840075969696 1.0083810091018677 -1.9007079601287842
v -0.3117449879646301 0.46483299136161804 -2.1707088947296143
v -0.11125999689102173 0.4027419984340668 -2.0839109420776367
v -0.11125999689102173 0.5663480162620544 -2.0787339210510254
v -0.3117449879646301 0.6323490142822266 -2.1579370498657227
v -0.3117449879646301 0.6323490142822266 -2.1579370498657227
v -0.11125999689102173 0.5663480162620544 -2.0787339210510254
v -0.11125999689102173 0.6927469968795776 -2.0067150592803955
v -0.3117449879646301 0.7651519775390625 -2.0784730911254883
v -0.3117449879646301 0.7651519775390625 -2.0784730911254883
v -0.11125999689102173 0.6927469968795776 -2.0067150592803955
v -0.11125999689102173 0.7626969814300537 -1.8788180351257324
v -0.3117449879646301 0.8430259823799133 -1.9444140195846558
v -0.3117449879646301 0.8430259823799133 -1.9444140195846558
v -0.11125999689102173 0.7626969814300537 -1.8788180351257324
v -0.11125999689102173 0.765546977519989 -1.714514970779419
v -0.3117449879646301 0.854112982749939 -1.776168942451477
v -0.11125999689102173 0.4027419984340668 -2.0839109420776367
v 0.11126100271940231 0.4027419984340668 -2.0839109420776367
v 0.11126100271940231 0.5663480162620544 -2.0787339210510254
v -0.11125999689102173 0.5663480162620544 -2.0787339210510254
v -0.11125999689102173 0.5663480162620544 -2.0787339210510254
v 0.11126100271940231 0.5663480162620544 -2.0787339210510254
v 0.11126100271940231 0.6927469968795776 -2.0067150592803955
v -0.11125999689102173 0.6927469968795776 -2.0067150592803955
v -0.11125999689102173 0.6927469968795776 -2.0067150592803955
v 0.11126100271940231 0.6927469968795776 -2.0067150592803955
v 0.11126100271940231 0.7626969814300537 -1.8788180351257324
v -0.11125999689102173 0.7626969814300537 -1.8788180351257324
v -0.11125999689102173 0.7626969814300537 -1.8788180351257324
v 0.11126100271940231 0.7626969814300537 -1.8788180351257324
v 0.11126100271940231 0.765546977519989 -1.714514970779419
v -0.11125999689102173 0.765546977519989 -1.714514970779419
v 0.11126100271940231 0.4027419984340668 -2.0839109420776367
v 0.3117449879646301 0.46483299136161804 -2.1707088947296143
v 0.3117449879646301 0.6323490142822266 -2.157938003540039
v 0.11126100271940231 0.5663480162620544 -2.0787339210510254
v 0.11126100271940231 0.5663480162620544 -2.0787339210510254
v 0.3117449879646301 0.6323490142822266 -2.157938003540039
v 0.3117449879646301 0.7651519775390625 -2.0784740447998047
v 0.11126100271940231 0.6927469968795776 -2.0067150592803955
v 0.11126100271940231 0.6927469968795776 -2.0067150592803955
v 0.3117449879646301 0.7651519775390625 -2.0784740447998047
v 0.3117449879646301 0.8430259823799133 -1.9444140195846558
v 0.11126100271940231 0.7626969814300537 -1.8788180351257324
v 0.11126100271940231 0.7626969814300537 -1.8788180351257324
v 0.3117449879646301 0.8430259823799133 -1.9444140195846558
v 0.3117449879646301 0.854112982749939 -1.776168942451477
v 0.11126100271940231 0.765546977519989 -1.714514970779419
v 0.3117449879646301 0.46483299136161804 -2.1707088947296143
v 0.4504849910736084 0.5889319777488708 -2.3225560188293457
v 0.4504849910736084 0.7584130167961121 -2.29886794090271
v 0.3117449879646301 0.6323490142822266 -2.157938003540039
v 0.3117449879646301 0.6323490142822266 -2.157938003540039
v 0.4504849910736084 0.7584130167961121 -2.29886794090271
v 0.4504849910736084 0.8976399898529053 -2.210381031036377
v 0.3117449879646301 0.7651519775390625 -2.0784740447998047
v 0.3117449879646301 0.7651519775390625 -2.0784740447998047
v 0.4504849910736084 0.8976399898529053 -2.210381031036377
v 0.4504849910736084 0.9854170083999634 -2.070565938949585
v 0.3117449879646301 0.8430259823799133 -1.9444140195846558
v 0.3117449879646301 0.8430259823799133 -1.9444140195846558
v 0.4504849910736084 0.9854170083999634 -2.070565938949585
v 0.4504849910736084 1.0083810091018677 -1.9007090330123901
v 0.3117449879646301 0.854112982749939 -1.776168942451477
v 0.4504849910736084 0.5889319777488708 -2.3225560188293457
v 0.5 0.7587640285491943 -2.5034339427948
v 0.5 0.9241819977760315 -2.4705770015716553
v 0.4504849910736084 0.7584130167961121 -2.29886794090271
v 0.4504849910736084 0.7584130167961121 -2.29886794090271
v 0.5 0.9241819977760315 -2.4705770015716553
v 0.5 1.0644179582595825 -2.377007007598877
v 0.4504849910736084 0.8976399898529053 -2.210381031036377
v 0.4504849910736084 0.8976399898529053 -2.210381031036377
v 0.5 1.0644179582595825 -2.377007007598877
v 0.5 1.158120036125183 -2.2369720935821533
v 0.4504849910736084 0.9854170083999634 -2.070565938949585
v 0.4504849910736084 0.9854170083999634 -2.070565938949585
v 0.5 1.158120036125183 -2.2369720935821533
v 0.5 1.1910239458084106 -2.0717880725860596
v 0.4504849910736084 1.0083810091018677 -1.9007090330123901
v 0.3117449879646301 0 -2.8943490982055664
v 0.3117449879646301 1.0599340200424194 -2.811647891998291
v 0.4504840075969696 0.9285539984703064 -2.676490068435669
v 0.4504840075969696 0 -2.7203760147094727
vt 1 0.9285710006952286
vt 1 0
vt 1 0.07142901420593262
vt 1 0.14285701513290405
vt 1 0.21428602933883667
vt 1 0.28571397066116333
vt 1 0.35714298486709595
vt 1 0.4285709857940674
vt 1 0.5
vt 1 0.5714290142059326
vt 1 0.6428569853305817
vt 1 0.7142859995365143
vt 1 0.7857140004634857
vt 1 0.8571429997682571
vt 0.6153849959373474 0
vt 0.7692310214042664 0
vt 0.6923080086708069 0
vt 0.846153974533081 0
vt 0.5384619832038879 0
vt 0.9230769872665405 0
vt 0.4615379869937897 0
vt 1 0
vt 0.3846150040626526 0
vt 0 0
vt 0.3076919913291931 0
vt 0.07692299783229828 0
vt 0.23076899349689484 0
vt 0.15384599566459656 0
vt 0.644474983215332 0.07142901420593262
vt 1 0.07142901420593262
vt 1 0
vt 0.6616039872169495 0
vt 0 1
vt 0.3453350067138672 1
vt 0.3185339868068695 0.9285710006952286
vt 0 0.9285710006952286
vt 0.6367359757423401 0.14285701513290405
vt 1 0.14285701513290405
vt 1 0.07142901420593262
vt 0.644474983215332 0.07142901420593262
vt 0.6367359757423401 0.21428602933883667
vt 1 0.21428602933883667
vt 1 0.14285701513290405
vt 0.6367359757423401 0.14285701513290405
vt 0.644474983215332 0.28571397066116333
vt 1 0.28571397066116333
vt 1 0.21428602933883667
vt 0.6367359757423401 0.21428602933883667
vt 0.6616039872169495 0.35714298486709595
vt 1 0.35714298486709595
vt 1 0.28571397066116333
vt 0.644474983215332 0.28571397066116333
vt 0.6910330057144165 0.4285709857940674
vt 1 0.4285709857940674
vt 1 0.35714298486709595
vt 0.6616039872169495 0.35714298486709595
vt 0.7300990223884583 0.5
vt 1 0.5
vt 1 0.4285709857940674
vt 0.6910330057144165 0.4285709857940674
vt 0.7641609907150269 0.5714290142059326
vt 1 0.5714290142059326
vt 1 0.5
vt 0.7300990223884583 0.5
vt 0.7829189896583557 0.6428569853305817
vt 1 0.6428569853305817
vt 1 0.5714290142059326
vt 0.7641609907150269 0.5714290142059326
vt 0.7829189896583557 0.7142859995365143
vt 1 0.7142859995365143
vt 1 0.6428569853305817
vt 0.7829189896583557 0.6428569853305817
vt 0.7641609907150269 0.7857140004634857
vt 1 0.7857140004634857
vt 1 0.7142859995365143
vt 0.7829189896583557 0.7142859995365143
vt 0.7300990223884583 0.8571429997682571
vt 1 0.8571429997682571
vt 1 0.7857140004634857
vt 0.7641609907150269 0.7857140004634857
vt 0.6910330057144165 0.9285710006952286
vt 1 0.9285710006952286
vt 1 0.8571429997682571
vt 0.7300990223884583 0.8571429997682571
vt 0 0.14285701513290405
vt 0.36833900213241577 0.14285701513290405
vt 0.36114999651908875 0.07142901420593262
vt 0 0.07142901420593262
vt 0.6616039872169495 1
vt 1 1
vt 1 0.9285710006952286
vt 0.6910319924354553 0.9285710006952286
vt 0 0.21428602933883667
vt 0.36833900213241577 0.21428602933883667
vt 0.36833900213241577 0.14285701513290405
vt 0 0.14285701513290405
vt 0 0.28571397066116333
vt 0.36114999651908875 0.28571397066116333
vt 0.36833900213241577 0.21428602933883667
vt 0 0.21428602933883667
vt 0 0.35714298486709595
vt 0.3453350067138672 0.35714298486709595
vt 0.36114999651908875 0.28571397066116333
vt 0 0.28571397066116333
vt 0 0.4285709857940674
vt 0.3185339868068695 0.4285709857940674
vt 0.3453350067138672 0.35714298486709595
vt 0 0.35714298486709595
vt 0 0.5
vt 0.2837890088558197 0.5
vt 0.3185339868068695 0.4285709857940674
vt 0 0.4285709857940674
vt 0 0.5714290142059326
vt 0.2541170120239258 0.5714290142059326
vt 0.2837890088558197 0.5
vt 0 0.5
vt 0 0.6428569853305817
vt 0.2379329949617386 0.6428569853305817
vt 0.2541170120239258 0.5714290142059326
vt 0 0.5714290142059326
vt 0 0.7142859995365143
vt 0.2379329949617386 0.7142859995365143
vt 0.2379329949617386 0.6428569853305817
vt 0 0.6428569853305817
vt 0 0.7857140004634857
vt 0.2541170120239258 0.7857140004634857
vt 0.2379329949617386 0.7142859995365143
vt 0 0.7142859995365143
vt 0 0.8571429997682571
vt 0.2837890088558197 0.8571429997682571
vt 0.2541170120239258 0.7857140004634857
vt 0 0.7857140004634857
vt 0 0.9285710006952286
vt 0.3185339868068695 0.9285710006952286
vt 0.2837890088558197 0.8571429997682571
vt 0 0.8571429997682571
vt 0.6616039872169495 1
vt 0.6910319924354553 0.9285710006952286
vt 0.6084989905357361 0.9156230017542839
vt 0.5899379849433899 0.9875159999355674
vt 0.5899379849433899 0.9875159999355674
vt 0.6084989905357361 0.9156230017542839
vt 0.5 0.9005749970674515
vt 0.5 0.9487700015306473
vt 0.5 0.9487700015306473
vt 0.5 0.9005749970674515
vt 0.39706701040267944 0.9155919998884201
vt 0.4139840006828308 0.9875079998746514
vt 0.4139840006828308 0.9875079998746514
vt 0.39706701040267944 0.9155919998884201
vt 0.3185339868068695 0.9285710006952286
vt 0.3453350067138672 1
vt 0.3453350067138672 0
vt 0.36114999651908875 0.07142901420593262
vt 0.41832199692726135 0.0652959942817688
vt 0.40940600633621216 -0.00840902328491211
vt 0.40940600633621216 -0.00840902328491211
vt 0.41832199692726135 0.0652959942817688
vt 0.5 0.05196499824523926
vt 0.5 0
vt 0.5 0
vt 0.5 0.05196499824523926
vt 0.5849999785423279 0.06528598070144653
vt 0.5947099924087524 -0.008414030075073242
vt 0.5947099924087524 -0.008414030075073242
vt 0.5849999785423279 0.06528598070144653
vt 0.644474983215332 0.07142901420593262
vt 0.6616039872169495 0
vt 0.36114999651908875 0.07142901420593262
vt 0.36833900213241577 0.14285701513290405
vt 0.4210300147533417 0.14089101552963257
vt 0.41832199692726135 0.0652959942817688
vt 0.41832199692726135 0.0652959942817688
vt 0.4210300147533417 0.14089101552963257
vt 0.5 0.13231498003005981
vt 0.5 0.05196499824523926
vt 0.5 0.05196499824523926
vt 0.5 0.13231498003005981
vt 0.5820090174674988 0.14088600873947144
vt 0.5849999785423279 0.06528598070144653
vt 0.5849999785423279 0.06528598070144653
vt 0.5820090174674988 0.14088600873947144
vt 0.6367359757423401 0.14285701513290405
vt 0.644474983215332 0.07142901420593262
vt 0.36833900213241577 0.14285701513290405
vt 0.36833900213241577 0.21428602933883667
vt 0.4210300147533417 0.21625101566314697
vt 0.4210300147533417 0.14089101552963257
vt 0.4210300147533417 0.14089101552963257
vt 0.4210300147533417 0.21625101566314697
vt 0.5 0.22482800483703613
vt 0.5 0.13231498003005981
vt 0.5 0.13231498003005981
vt 0.5 0.22482800483703613
vt 0.5820090174674988 0.2162569761276245
vt 0.5820090174674988 0.14088600873947144
vt 0.5820090174674988 0.14088600873947144
vt 0.5820090174674988 0.2162569761276245
vt 0.6367359757423401 0.21428602933883667
vt 0.6367359757423401 0.14285701513290405
vt 0.36833900213241577 0.21428602933883667
vt 0.36114999651908875 0.28571397066116333
vt 0.41832199692726135 0.29184699058532715
vt 0.4210300147533417 0.21625101566314697
vt 0.4210300147533417 0.21625101566314697
vt 0.41832199692726135 0.29184699058532715
vt 0.5 0.3051779866218567
vt 0.5 0.22482800483703613
vt 0.5 0.22482800483703613
vt 0.5 0.3051779866218567
vt 0.5849999785423279 0.2918570041656494
vt 0.5820090174674988 0.2162569761276245
vt 0.5820090174674988 0.2162569761276245
vt 0.5849999785423279 0.2918570041656494
vt 0.644474983215332 0.28571397066116333
vt 0.6367359757423401 0.21428602933883667
vt 0.36114999651908875 0.28571397066116333
vt 0.3453350067138672 0.35714298486709595
vt 0.4116950035095215 0.367592990398407
vt 0.41832199692726135 0.29184699058532715
vt 0.41832199692726135 0.29184699058532715
vt 0.4116950035095215 0.367592990398407
vt 0.5 0.3827580213546753
vt 0.5 0.3051779866218567
vt 0.5 0.3051779866218567
vt 0.5 0.3827580213546753
vt 0.5923240184783936 0.3675919771194458
vt 0.5849999785423279 0.2918570041656494
vt 0.5849999785423279 0.2918570041656494
vt 0.5923240184783936 0.3675919771194458
vt 0.6616039872169495 0.35714298486709595
vt 0.644474983215332 0.28571397066116333
vt 0.3453350067138672 0.35714298486709595
vt 0.3185339868068695 0.4285709857940674
vt 0.39706701040267944 0.44155001640319824
vt 0.4116950035095215 0.367592990398407
vt 0.4116950035095215 0.367592990398407
vt 0.39706701040267944 0.44155001640319824
vt 0.5 0.45656800270080566
vt 0.5 0.3827580213546753
vt 0.5 0.3827580213546753
vt 0.5 0.45656800270080566
vt 0.6085000038146973 0.44151997566223145
vt 0.5923240184783936 0.3675919771194458
vt 0.5923240184783936 0.3675919771194458
vt 0.6085000038146973 0.44151997566223145
vt 0.6910330057144165 0.4285709857940674
vt 0.6616039872169495 0.35714298486709595
vt 0.3185339868068695 0.4285709857940674
vt 0.2837890088558197 0.5
vt 0.3723979890346527 0.511216014623642
vt 0.39706701040267944 0.44155001640319824
vt 0.39706701040267944 0.44155001640319824
vt 0.3723979890346527 0.511216014623642
vt 0.5 0.5248120129108429
vt 0.5 0.45656800270080566
vt 0.5 0.45656800270080566
vt 0.5 0.5248120129108429
vt 0.6360089778900146 0.5111460089683533
vt 0.6085000038146973 0.44151997566223145
vt 0.6085000038146973 0.44151997566223145
vt 0.6360089778900146 0.5111460089683533
vt 0.7300990223884583 0.5
vt 0.6910330057144165 0.4285709857940674
vt 0.2837890088558197 0.5
vt 0.2541170120239258 0.5714290142059326
vt 0.3473159968852997 0.5778819918632507
vt 0.3723979890346527 0.511216014623642
vt 0.3723979890346527 0.511216014623642
vt 0.3473159968852997 0.5778819918632507
vt 0.5 0.5861020088195801
vt 0.5 0.5248120129108429
vt 0.5 0.5248120129108429
vt 0.5 0.5861020088195801
vt 0.6641240119934082 0.5778250098228455
vt 0.6360089778900146 0.5111460089683533
vt 0.6360089778900146 0.5111460089683533
vt 0.6641240119934082 0.5778250098228455
vt 0.7641609907150269 0.5714290142059326
vt 0.7300990223884583 0.5
vt 0.2541170120239258 0.5714290142059326
vt 0.2379329949617386 0.6428569853305817
vt 0.33243200182914734 0.64479199051857
vt 0.3473159968852997 0.5778819918632507
vt 0.3473159968852997 0.5778819918632507
vt 0.33243200182914734 0.64479199051857
vt 0.5 0.6428569853305817
vt 0.5 0.5861020088195801
vt 0.5 0.5861020088195801
vt 0.5 0.6428569853305817
vt 0.6808549761772156 0.644773006439209
vt 0.6641240119934082 0.5778250098228455
vt 0.6641240119934082 0.5778250098228455
vt 0.6808549761772156 0.644773006439209
vt 0.7829189896583557 0.6428569853305817
vt 0.7641609907150269 0.5714290142059326
vt 0.2379329949617386 0.6428569853305817
vt 0.2379329949617386 0.7142859995365143
vt 0.33243200182914734 0.712350994348526
vt 0.33243200182914734 0.64479199051857
vt 0.33243200182914734 0.64479199051857
vt 0.33243200182914734 0.712350994348526
vt 0.5 0.7142859995365143
vt 0.5 0.6428569853305817
vt 0.5 0.6428569853305817
vt 0.5 0.7142859995365143
vt 0.6808549761772156 0.7123700082302094
vt 0.6808549761772156 0.644773006439209
vt 0.6808549761772156 0.644773006439209
vt 0.6808549761772156 0.7123700082302094
vt 0.7829189896583557 0.7142859995365143
vt 0.7829189896583557 0.6428569853305817
vt 0.2379329949617386 0.7142859995365143
vt 0.2541170120239258 0.7857140004634857
vt 0.3473159968852997 0.7792609930038452
vt 0.33243200182914734 0.712350994348526
vt 0.33243200182914734 0.712350994348526
vt 0.3473159968852997 0.7792609930038452
vt 0.5 0.7710410058498383
vt 0.5 0.7142859995365143
vt 0.5 0.7142859995365143
vt 0.5 0.7710410058498383
vt 0.6641240119934082 0.7793170064687729
vt 0.6808549761772156 0.7123700082302094
vt 0.6808549761772156 0.7123700082302094
vt 0.6641240119934082 0.7793170064687729
vt 0.7641609907150269 0.7857140004634857
vt 0.7829189896583557 0.7142859995365143
vt 0.2541170120239258 0.7857140004634857
vt 0.2837890088558197 0.8571429997682571
vt 0.3723979890346527 0.8459270000457764
vt 0.3473159968852997 0.7792609930038452
vt 0.3473159968852997 0.7792609930038452
vt 0.3723979890346527 0.8459270000457764
vt 0.5 0.8323310017585754
vt 0.5 0.7710410058498383
vt 0.5 0.7710410058498383
vt 0.5 0.8323310017585754
vt 0.6360089778900146 0.8459970057010651
vt 0.6641240119934082 0.7793170064687729
vt 0.6641240119934082 0.7793170064687729
vt 0.6360089778900146 0.8459970057010651
vt 0.7300990223884583 0.8571429997682571
vt 0.7641609907150269 0.7857140004634857
vt 0.2837890088558197 0.8571429997682571
vt 0.3185339868068695 0.9285710006952286
vt 0.39706701040267944 0.9155919998884201
vt 0.3723979890346527 0.8459270000457764
vt 0.3723979890346527 0.8459270000457764
vt 0.39706701040267944 0.9155919998884201
vt 0.5 0.9005749970674515
vt 0.5 0.8323310017585754
vt 0.5 0.8323310017585754
vt 0.5 0.9005749970674515
vt 0.6084989905357361 0.9156230017542839
vt 0.6360089778900146 0.8459970057010651
vt 0.6360089778900146 0.8459970057010651
vt 0.6084989905357361 0.9156230017542839
vt 0.6910330057144165 0.9285710006952286
vt 0.7300990223884583 0.8571429997682571
vt 0 0.07142901420593262
vt 0.36114999651908875 0.07142901420593262
vt 0.3453350067138672 0
vt 0 0
vn 0 0 1
vn 0 0 1
vn 0 0 1
vn 0 0 1
vn 0 0 1
vn 0 0 1
vn 0 0 1
vn 0 0 1
vn 0 0 1
vn 0 0 1
vn 0 0 1
vn 0 0 1
vn 0 0 1
vn 0 0 1
vn 0 -1 0
vn 0 -1 0
vn 0 -1 0
vn 0 -1 0
vn 0 -1 0
vn 0 -1 0
vn 0 -1 0
vn 0 -1 0
vn 0 -1 0
vn 0 -1 0
vn 0 -1 0
vn 0 -1 0
vn 0 -1 0
vn 0 -1 0
vn 0.7339844148573065 0.6784856357276696 0.030399356206960604
vn 0.7339844148573065 0.6784856357276696 0.030399356206960604
vn 0.7339844148573065 0.6784856357276696 0.030399356206960604
vn 0.7339844148573065 0.6784856357276696 0.030399356206960604
vn 0.9698815976581548 0.0062998803558303165 -0.24349537579093214
vn 0.9698815976581548 0.0062998803558303165 -0.24349537579093214
vn 0.9698815976581548 0.0062998803558303165 -0.24349537579093214
vn 0.9698815976581548 0.0062998803558303165 -0.24349537579093214
vn 0.39070419227575265 0.9204098163025938 -0.014000149712679209
vn 0.39070419227575265 0.9204098163025938 -0.014000149712679209
vn 0.39070419227575265 0.9204098163025938 -0.014000149712679209
vn 0.39070419227575265 0.9204098163025938 -0.014000149712679209
vn 0 0.9995286169359018 -0.030700878264367445
vn 0 0.9995286169359018 -0.030700878264367445
vn 0 0.9995286169359018 -0.030700878264367445
vn 0 0.9995286169359018 -0.030700878264367445
vn -0.39070419227575265 0.9204098163025938 -0.014000149712679209
vn -0.39070419227575265 0.9204098163025938 -0.014000149712679209
vn -0.39070419227575265 0.9204098163025938 -0.014000149712679209
vn -0.39070419227575265 0.9204098163025938 -0.014000149712679209
vn -0.7339844148573065 0.6784856357276696 0.030399356206960604
vn -0.7339844148573065 0.6784856357276696 0.030399356206960604
vn -0.7339844148573065 0.6784856357276696 0.030399356206960604
vn -0.7339844148573065 0.6784856357276696 0.030399356206960604
vn -0.955572588390297 0.2830918679704231 0.08209764068525163
vn -0.955572588390297 0.2830918679704231 0.08209764068525163
vn -0.955572588390297 0.2830918679704231 0.08209764068525163
vn -0.955572588390297 0.2830918679704231 0.08209764068525163
vn -0.9751806690251377 -0.1924961772783189 0.10939782672850118
vn -0.9751806690251377 -0.1924961772783189 0.10939782672850118
vn -0.9751806690251377 -0.1924961772783189 0.10939782672850118
vn -0.9751806690251377 -0.1924961772783189 0.10939782672850118
vn -0.7773773187666133 -0.622181841875747 0.09259729967625453
vn -0.7773773187666133 -0.622181841875747 0.09259729967625453
vn -0.7773773187666133 -0.622181841875747 0.09259729967625453
vn -0.7773773187666133 -0.622181841875747 0.09259729967625453
vn -0.42421396868283123 -0.9042298048855476 0.04910161637875263
vn -0.42421396868283123 -0.9042298048855476 0.04910161637875263
vn -0.42421396868283123 -0.9042298048855476 0.04910161637875263
vn -0.42421396868283123 -0.9042298048855476 0.04910161637875263
vn 0 -0.9996671465090439 0.025799150964049587
vn 0 -0.9996671465090439 0.025799150964049587
vn 0 -0.9996671465090439 0.025799150964049587
vn 0 -0.9996671465090439 0.025799150964049587
vn 0.42421396868283123 -0.9042298048855476 0.04910161637875263
vn 0.42421396868283123 -0.9042298048855476 0.04910161637875263
vn 0.42421396868283123 -0.9042298048855476 0.04910161637875263
vn 0.42421396868283123 -0.9042298048855476 0.04910161637875263
vn 0.7773773187666133 -0.622181841875747 0.09259729967625453
vn 0.7773773187666133 -0.622181841875747 0.09259729967625453
vn 0.7773773187666133 -0.622181841875747 0.09259729967625453
vn 0.7773773187666133 -0.622181841875747 0.09259729967625453
vn 0.9751806690251377 -0.1924961772783189 0.10939782672850118
vn 0.9751806690251377 -0.1924961772783189 0.10939782672850118
vn 0.9751806690251377 -0.1924961772783189 0.10939782672850118
vn 0.9751806690251377 -0.1924961772783189 0.10939782672850118
vn 0.40211838109637466 0.07820358054586793 -0.9122417484275956
vn 0.40211838109637466 0.07820358054586793 -0.9122417484275956
vn 0.40211838109637466 0.07820358054586793 -0.9122417484275956
vn 0.40211838109637466 0.07820358054586793 -0.9122417484275956
vn 0.955572588390297 0.2830918679704231 0.08209764068525163
vn 0.955572588390297 0.2830918679704231 0.08209764068525163
vn 0.955572588390297 0.2830918679704231 0.08209764068525163
vn 0.955572588390297 0.2830918679704231 0.08209764068525163
vn 0 0.09260031771069518 -0.9957033600223906
vn 0 0.09260031771069518 -0.9957033600223906
vn 0 0.09260031771069518 -0.9957033600223906
vn 0 0.09260031771069518 -0.9957033600223906
vn -0.40211838109637466 0.07820358054586793 -0.9122417484275956
vn -0.40211838109637466 0.07820358054586793 -0.9122417484275956
vn -0.40211838109637466 0.07820358054586793 -0.9122417484275956
vn -0.40211838109637466 0.07820358054586793 -0.9122417484275956
vn -0.7522935375298927 0.04189964069255174 -0.6574943752615644
vn -0.7522935375298927 0.04189964069255174 -0.6574943752615644
vn -0.7522935375298927 0.04189964069255174 -0.6574943752615644
vn -0.7522935375298927 0.04189964069255174 -0.6574943752615644
vn -0.9698815976581548 0.0062998803558303165 -0.24349537579093214
vn -0.9698815976581548 0.0062998803558303165 -0.24349537579093214
vn -0.9698815976581548 0.0062998803558303165 -0.24349537579093214
vn -0.9698815976581548 0.0062998803558303165 -0.24349537579093214
vn -0.9697029173610129 0.0065000198119035246 0.2442007407932777
vn -0.9697029173610129 0.0065000198119035246 0.2442007407932777
vn -0.9697029173610129 0.0065000198119035246 0.2442007407932777
vn -0.9697029173610129 0.0065000198119035246 0.2442007407932777
vn -0.7487781774092042 0.05909827826880555 0.6601807589906062
vn -0.7487781774092042 0.05909827826880555 0.6601807589906062
vn -0.7487781774092042 0.05909827826880555 0.6601807589906062
vn -0.7487781774092042 0.05909827826880555 0.6601807589906062
vn -0.3952116981103853 0.13220390727148496 0.9090268646078938
vn -0.3952116981103853 0.13220390727148496 0.9090268646078938
vn -0.3952116981103853 0.13220390727148496 0.9090268646078938
vn -0.3952116981103853 0.13220390727148496 0.9090268646078938
vn 0 0.16629593290191713 0.9860758909436338
vn 0 0.16629593290191713 0.9860758909436338
vn 0 0.16629593290191713 0.9860758909436338
vn 0 0.16629593290191713 0.9860758909436338
vn 0.3952116981103853 0.13220390727148496 0.9090268646078938
vn 0.3952116981103853 0.13220390727148496 0.9090268646078938
vn 0.3952116981103853 0.13220390727148496 0.9090268646078938
vn 0.3952116981103853 0.13220390727148496 0.9090268646078938
vn 0.7487781774092042 0.05909827826880555 0.6601807589906062
vn 0.7487781774092042 0.05909827826880555 0.6601807589906062
vn 0.7487781774092042 0.05909827826880555 0.6601807589906062
vn 0.7487781774092042 0.05909827826880555 0.6601807589906062
vn 0.9697029173610129 0.0065000198119035246 0.2442007407932777
vn 0.9697029173610129 0.0065000198119035246 0.2442007407932777
vn 0.9697029173610129 0.0065000198119035246 0.2442007407932777
vn 0.9697029173610129 0.0065000198119035246 0.2442007407932777
vn 0.971517395053096 0.23130414151798434 -0.051500924514761015
vn 0.971517395053096 0.23130414151798434 -0.051500924514761015
vn 0.971517395053096 0.23130414151798434 -0.051500924514761015
vn 0.971517395053096 0.23130414151798434 -0.051500924514761015
vn 0.9775724296374381 0.1738950887792007 -0.11879664520191618
vn 0.9775724296374381 0.1738950887792007 -0.11879664520191618
vn 0.9775724296374381 0.1738950887792007 -0.11879664520191618
vn 0.9775724296374381 0.1738950887792007 -0.11879664520191618
vn 0.9774835512973512 0.1184980026358647 -0.17459705127644465
vn 0.9774835512973512 0.1184980026358647 -0.17459705127644465
vn 0.9774835512973512 0.1184980026358647 -0.17459705127644465
vn 0.9774835512973512 0.1184980026358647 -0.17459705127644465
vn 0.9712457903094711 0.05129713695161841 -0.23248702877084942
vn 0.9712457903094711 0.05129713695161841 -0.23248702877084942
vn 0.9712457903094711 0.05129713695161841 -0.23248702877084942
vn 0.9712457903094711 0.05129713695161841 -0.23248702877084942
vn 0.7584037158574637 0.16250079814213278 -0.6312030532061463
vn 0.7584037158574637 0.16250079814213278 -0.6312030532061463
vn 0.7584037158574637 0.16250079814213278 -0.6312030532061463
vn 0.7584037158574637 0.16250079814213278 -0.6312030532061463
vn 0.7929957625801914 0.3487981311180052 -0.49949733158290976
vn 0.7929957625801914 0.3487981311180052 -0.49949733158290976
vn 0.7929957625801914 0.3487981311180052 -0.49949733158290976
vn 0.7929957625801914 0.3487981311180052 -0.49949733158290976
vn 0.7934797377493422 0.4971872848168567 -0.35099103919854824
vn 0.7934797377493422 0.4971872848168567 -0.35099103919854824
vn 0.7934797377493422 0.4971872848168567 -0.35099103919854824
vn 0.7934797377493422 0.4971872848168567 -0.35099103919854824
vn 0.7597109586489196 0.629109077242942 -0.1645023654519099
vn 0.7597109586489196 0.629109077242942 -0.1645023654519099
vn 0.7597109586489196 0.629109077242942 -0.1645023654519099
vn 0.7597109586489196 0.629109077242942 -0.1645023654519099
vn 0.4075153843568193 0.24530926801294808 -0.879633204545773
vn 0.4075153843568193 0.24530926801294808 -0.879633204545773
vn 0.4075153843568193 0.24530926801294808 -0.879633204545773
vn 0.4075153843568193 0.24530926801294808 -0.879633204545773
vn 0.4436932530385899 0.5185921222802246 -0.7308888478537119
vn 0.4436932530385899 0.5185921222802246 -0.7308888478537119
vn 0.4436932530385899 0.5185921222802246 -0.7308888478537119
vn 0.4436932530385899 0.5185921222802246 -0.7308888478537119
vn 0.4442062962730428 0.7277103048021387 -0.522607384789159
vn 0.4442062962730428 0.7277103048021387 -0.522607384789159
vn 0.4442062962730428 0.7277103048021387 -0.522607384789159
vn 0.4442062962730428 0.7277103048021387 -0.522607384789159
vn 0.4087893060279167 0.877977071364589 -0.24909348734014283
vn 0.4087893060279167 0.877977071364589 -0.24909348734014283
vn 0.4087893060279167 0.877977071364589 -0.24909348734014283
vn 0.4087893060279167 0.877977071364589 -0.24909348734014283
vn 0 0.2748003617810578 -0.9615013058571473
vn 0 0.2748003617810578 -0.9615013058571473
vn 0 0.2748003617810578 -0.9615013058571473
vn 0 0.2748003617810578 -0.9615013058571473
vn 0 0.5807083149448047 -0.8141116956253397
vn 0 0.5807083149448047 -0.8141116956253397
vn 0 0.5807083149448047 -0.8141116956253397
vn 0 0.5807083149448047 -0.8141116956253397
vn 0 0.8107636058911942 -0.5853737057319093
vn 0 0.8107636058911942 -0.5853737057319093
vn 0 0.8107636058911942 -0.5853737057319093
vn 0 0.8107636058911942 -0.5853737057319093
vn 0 0.960203585386543 -0.2793010465623568
vn 0 0.960203585386543 -0.2793010465623568
vn 0 0.960203585386543 -0.2793010465623568
vn 0 0.960203585386543 -0.2793010465623568
vn -0.4075153843568193 0.24530926801294808 -0.879633204545773
vn -0.4075153843568193 0.24530926801294808 -0.879633204545773
vn -0.4075153843568193 0.24530926801294808 -0.879633204545773
vn -0.4075153843568193 0.24530926801294808 -0.879633204545773
vn -0.4436932530385899 0.5185921222802246 -0.7308888478537119
vn -0.4436932530385899 0.5185921222802246 -0.7308888478537119
vn -0.4436932530385899 0.5185921222802246 -0.7308888478537119
vn -0.4436932530385899 0.5185921222802246 -0.7308888478537119
vn -0.4442062962730428 0.7277103048021387 -0.522607384789159
vn -0.4442062962730428 0.7277103048021387 -0.522607384789159
vn -0.4442062962730428 0.7277103048021387 -0.522607384789159
vn -0.4442062962730428 0.7277103048021387 -0.522607384789159
vn -0.4087893060279167 0.877977071364589 -0.24909348734014283
vn -0.4087893060279167 0.877977071364589 -0.24909348734014283
vn -0.4087893060279167 0.877977071364589 -0.24909348734014283
vn -0.4087893060279167 0.877977071364589 -0.24909348734014283
vn -0.7584037158574637 0.16250079814213278 -0.6312030532061463
vn -0.7584037158574637 0.16250079814213278 -0.6312030532061463
vn -0.7584037158574637 0.16250079814213278 -0.6312030532061463
vn -0.7584037158574637 0.16250079814213278 -0.6312030532061463
vn -0.7929957625801914 0.3487981311180052 -0.49949733158290976
vn -0.7929957625801914 0.3487981311180052 -0.49949733158290976
vn -0.7929957625801914 0.3487981311180052 -0.49949733158290976
vn -0.7929957625801914 0.3487981311180052 -0.49949733158290976
vn -0.7934797377493422 0.4971872848168567 -0.35099103919854824
vn -0.7934797377493422 0.4971872848168567 -0.35099103919854824
vn -0.7934797377493422 0.4971872848168567 -0.35099103919854824
vn -0.7934797377493422 0.4971872848168567 -0.35099103919854824
vn -0.7597109586489196 0.629109077242942 -0.1645023654519099
vn -0.7597109586489196 0.629109077242942 -0.1645023654519099
vn -0.7597109586489196 0.629109077242942 -0.1645023654519099
vn -0.7597109586489196 0.629109077242942 -0.1645023654519099
vn -0.9712457903094711 0.05129713695161841 -0.23248702877084942
vn -0.9712457903094711 0.05129713695161841 -0.23248702877084942
vn -0.9712457903094711 0.05129713695161841 -0.23248702877084942
vn -0.9712457903094711 0.05129713695161841 -0.23248702877084942
vn -0.9774835512973512 0.1184980026358647 -0.17459705127644465
vn -0.9774835512973512 0.1184980026358647 -0.17459705127644465
vn -0.9774835512973512 0.1184980026358647 -0.17459705127644465
vn -0.9774835512973512 0.1184980026358647 -0.17459705127644465
vn -0.9775724296374381 0.1738950887792007 -0.11879664520191618
vn -0.9775724296374381 0.1738950887792007 -0.11879664520191618
vn -0.9775724296374381 0.1738950887792007 -0.11879664520191618
vn -0.9775724296374381 0.1738950887792007 -0.11879664520191618
vn -0.971517395053096 0.23130414151798434 -0.051500924514761015
vn -0.971517395053096 0.23130414151798434 -0.051500924514761015
vn -0.971517395053096 0.23130414151798434 -0.051500924514761015
vn -0.971517395053096 0.23130414151798434 -0.051500924514761015
vn -0.9711851744618343 -0.039699395347280585 0.2349964146845578
vn -0.9711851744618343 -0.039699395347280585 0.2349964146845578
vn -0.9711851744618343 -0.039699395347280585 0.2349964146845578
vn -0.9711851744618343 -0.039699395347280585 0.2349964146845578
vn -0.9780718560773647 -0.11369673019224914 0.17449497956379603
vn -0.9780718560773647 -0.11369673019224914 0.17449497956379603
vn -0.9780718560773647 -0.11369673019224914 0.17449497956379603
vn -0.9780718560773647 -0.11369673019224914 0.17449497956379603
vn -0.9781597928528534 -0.1743928356575616 0.11309535144017978
vn -0.9781597928528534 -0.1743928356575616 0.11309535144017978
vn -0.9781597928528534 -0.1743928356575616 0.11309535144017978
vn -0.9781597928528534 -0.1743928356575616 0.11309535144017978
vn -0.971524801520543 -0.2337059740375998 0.039000996520682715
vn -0.971524801520543 -0.2337059740375998 0.039000996520682715
vn -0.971524801520543 -0.2337059740375998 0.039000996520682715
vn -0.971524801520543 -0.2337059740375998 0.039000996520682715
vn -0.7534682069099369 -0.07069701621126415 0.6536723897142579
vn -0.7534682069099369 -0.07069701621126415 0.6536723897142579
vn -0.7534682069099369 -0.07069701621126415 0.6536723897142579
vn -0.7534682069099369 -0.07069701621126415 0.6536723897142579
vn -0.7984241201915074 -0.3163095694730397 0.512315508799214
vn -0.7984241201915074 -0.3163095694730397 0.512315508799214
vn -0.7984241201915074 -0.3163095694730397 0.512315508799214
vn -0.7984241201915074 -0.3163095694730397 0.512315508799214
vn -0.7990534441812259 -0.5144700495699749 0.31118187838880995
vn -0.7990534441812259 -0.5144700495699749 0.31118187838880995
vn -0.7990534441812259 -0.5144700495699749 0.31118187838880995
vn -0.7990534441812259 -0.5144700495699749 0.31118187838880995
vn -0.7558040615887909 -0.6515035030632619 0.06560035047304007
vn -0.7558040615887909 -0.6515035030632619 0.06560035047304007
vn -0.7558040615887909 -0.6515035030632619 0.06560035047304007
vn -0.7558040615887909 -0.6515035030632619 0.06560035047304007
vn -0.3955917032278341 -0.049698959683052844 0.9170808130932211
vn -0.3955917032278341 -0.049698959683052844 0.9170808130932211
vn -0.3955917032278341 -0.049698959683052844 0.9170808130932211
vn -0.3955917032278341 -0.049698959683052844 0.9170808130932211
vn -0.44668681200505966 -0.45138666812904804 0.7724771632974745
vn -0.44668681200505966 -0.45138666812904804 0.7724771632974745
vn -0.44668681200505966 -0.45138666812904804 0.7724771632974745
vn -0.44668681200505966 -0.45138666812904804 0.7724771632974745
vn -0.44729760141685504 -0.7788958523813625 0.43959766481390566
vn -0.44729760141685504 -0.7788958523813625 0.43959766481390566
vn -0.44729760141685504 -0.7788958523813625 0.43959766481390566
vn -0.44729760141685504 -0.7788958523813625 0.43959766481390566
vn -0.39819801133790994 -0.9164953892317184 0.038399808378881226
vn -0.39819801133790994 -0.9164953892317184 0.038399808378881226
vn -0.39819801133790994 -0.9164953892317184 0.038399808378881226
vn -0.39819801133790994 -0.9164953892317184 0.038399808378881226
vn 0 -0.03160001779780713 0.9995005947347798
vn 0 -0.03160001779780713 0.9995005947347798
vn 0 -0.03160001779780713 0.9995005947347798
vn 0 -0.03160001779780713 0.9995005947347798
vn 0 -0.49507249034394407 0.8688516727869293
vn 0 -0.49507249034394407 0.8688516727869293
vn 0 -0.49507249034394407 0.8688516727869293
vn 0 -0.49507249034394407 0.8688516727869293
vn 0 -0.8773829842658291 0.4797906824030535
vn 0 -0.8773829842658291 0.4797906824030535
vn 0 -0.8773829842658291 0.4797906824030535
vn 0 -0.8773829842658291 0.4797906824030535
vn 0 -0.9998503287444113 0.017300870200451908
vn 0 -0.9998503287444113 0.017300870200451908
vn 0 -0.9998503287444113 0.017300870200451908
vn 0 -0.9998503287444113 0.017300870200451908
vn 0.3955917032278341 -0.049698959683052844 0.9170808130932211
vn 0.3955917032278341 -0.049698959683052844 0.9170808130932211
vn 0.3955917032278341 -0.049698959683052844 0.9170808130932211
vn 0.3955917032278341 -0.049698959683052844 0.9170808130932211
vn 0.44668681200505966 -0.45138666812904804 0.7724771632974745
vn 0.44668681200505966 -0.45138666812904804 0.7724771632974745
vn 0.44668681200505966 -0.45138666812904804 0.7724771632974745
vn 0.44668681200505966 -0.45138666812904804 0.7724771632974745
vn 0.44729760141685504 -0.7788958523813625 0.43959766481390566
vn 0.44729760141685504 -0.7788958523813625 0.43959766481390566
vn 0.44729760141685504 -0.7788958523813625 0.43959766481390566
vn 0.44729760141685504 -0.7788958523813625 0.43959766481390566
vn 0.39819801133790994 -0.9164953892317184 0.038399808378881226
vn 0.39819801133790994 -0.9164953892317184 0.038399808378881226
vn 0.39819801133790994 -0.9164953892317184 0.038399808378881226
vn 0.39819801133790994 -0.9164953892317184 0.038399808378881226
vn 0.7534682069099369 -0.07069701621126415 0.6536723897142579
vn 0.7534682069099369 -0.07069701621126415 0.6536723897142579
vn 0.7534682069099369 -0.07069701621126415 0.6536723897142579
vn 0.7534682069099369 -0.07069701621126415 0.6536723897142579
vn 0.7984241201915074 -0.3163095694730397 0.512315508799214
vn 0.7984241201915074 -0.3163095694730397 0.512315508799214
vn 0.7984241201915074 -0.3163095694730397 0.512315508799214
vn 0.7984241201915074 -0.3163095694730397 0.512315508799214
vn 0.7990534441812259 -0.5144700495699749 0.31118187838880995
vn 0.7990534441812259 -0.5144700495699749 0.31118187838880995
vn 0.7990534441812259 -0.5144700495699749 0.31118187838880995
vn 0.7990534441812259 -0.5144700495699749 0.31118187838880995
vn 0.7558040615887909 -0.6515035030632619 0.06560035047304007
vn 0.7558040615887909 -0.6515035030632619 0.06560035047304007
vn 0.7558040615887909 -0.6515035030632619 0.06560035047304007
vn 0.7558040615887909 -0.6515035030632619 0.06560035047304007
vn 0.9711851744618343 -0.039699395347280585 0.2349964146845578
vn 0.9711851744618343 -0.039699395347280585 0.2349964146845578
vn 0.9711851744618343 -0.039699395347280585 0.2349964146845578
vn 0.9711851744618343 -0.039699395347280585 0.2349964146845578
vn 0.9780718560773647 -0.11369673019224914 0.17449497956379603
vn 0.9780718560773647 -0.11369673019224914 0.17449497956379603
vn 0.9780718560773647 -0.11369673019224914 0.17449497956379603
vn 0.9780718560773647 -0.11369673019224914 0.17449497956379603
vn 0.9781597928528534 -0.1743928356575616 0.11309535144017978
vn 0.9781597928528534 -0.1743928356575616 0.11309535144017978
vn 0.9781597928528534 -0.1743928356575616 0.11309535144017978
vn 0.9781597928528534 -0.1743928356575616 0.11309535144017978
vn 0.971524801520543 -0.2337059740375998 0.039000996520682715
vn 0.971524801520543 -0.2337059740375998 0.039000996520682715
vn 0.971524801520543 -0.2337059740375998 0.039000996520682715
vn 0.971524801520543 -0.2337059740375998 0.039000996520682715
vn 0.7522935375298927 0.04189964069255174 -0.6574943752615644
vn 0.7522935375298927 0.04189964069255174 -0.6574943752615644
vn 0.7522935375298927 0.04189964069255174 -0.6574943752615644
vn 0.7522935375298927 0.04189964069255174 -0.6574943752615644
f 1437/1437/1437 1438/1438/1438 1425/1425/1425
f 1425/1425/1425 1426/1426/1426 1427/1427/1427
f 1427/1427/1427 1428/1428/1428 1429/1429/1429
f 1429/1429/1429 1430/1430/1430 1431/1431/1431
f 1431/1431/1431 1432/1432/1432 1433/1433/1433
f 1433/1433/1433 1434/1434/1434 1435/1435/1435
f 1435/1435/1435 1436/1436/1436 1437/1437/1437
f 1437/1437/1437 1425/1425/1425 1427/1427/1427
f 1427/1427/1427 1429/1429/1429 1431/1431/1431
f 1431/1431/1431 1433/1433/1433 1435/1435/1435
f 1435/1435/1435 1437/1437/1437 1427/1427/1427
f 1427/1427/1427 1431/1431/1431 1435/1435/1435
f 1439/1439/1439 1440/1440/1440 1441/1441/1441
f 1439/1439/1439 1442/1442/1442 1440/1440/1440
f 1443/1443/1443 1442/1442/1442 1439/1439/1439
f 1443/1443/1443 1444/1444/1444 1442/1442/1442
f 1445/1445/1445 1444/1444/1444 1443/1443/1443
f 1445/1445/1445 1446/1446/1446 1444/1444/1444
f 1447/1447/1447 1446/1446/1446 1445/1445/1445
f 1447/1447/1447 1448/1448/1448 1446/1446/1446
f 1449/1449/1449 1448/1448/1448 1447/1447/1447
f 1449/1449/1449 1450/1450/1450 1448/1448/1448
f 1451/1451/1451 1450/1450/1450 1449/1449/1449
f 1451/1451/1451 1452/1452/1452 1450/1450/1450
f 1455/1455/1455 1456/1456/1456 1453/1453/1453
f 1453/1453/1453 1454/1454/1454 1455/1455/1455
f 1459/1459/1459 1460/1460/1460 1457/1457/1457
f 1457/1457/1457 1458/1458/1458 1459/1459/1459
f 1462/1462/1462 1464/1464/1464 1461/1461/1461
f 1464/1464/1464 1462/1462/1462 1463/1463/1463
f 1466/1466/1466 1468/1468/1468 1465/1465/1465
f 1468/1468/1468 1466/1466/1466 1467/1467/1467
f 1470/1470/1470 1472/1472/1472 1469/1469/1469
f 1472/1472/1472 1470/1470/1470 1471/1471/1471
f 1474/1474/1474 1476/1476/1476 1473/1473/1473
f 1476/1476/1476 1474/1474/1474 1475/1475/1475
f 1478/1478/1478 1480/1480/1480 1477/1477/1477
f 1480/1480/1480 1478/1478/1478 1479/1479/1479
f 1482/1482/1482 1484/1484/1484 1481/1481/1481
f 1484/1484/1484 1482/1482/1482 1483/1483/1483
f 1486/1486/1486 1488/1488/1488 1485/1485/1485
f 1488/1488/1488 1486/1486/1486 1487/1487/1487
f 1491/1491/1491 1492/1492/1492 1489/1489/1489
f 1489/1489/1489 1490/1490/1490 1491/1491/1491
f 1495/1495/1495 1496/1496/1496 1493/1493/1493
f 1493/1493/1493 1494/1494/1494 1495/1495/1495
f 1499/1499/1499 1500/1500/1500 1497/1497/1497
f 1497/1497/1497 1498/1498/1498 1499/1499/1499
f 1503/1503/1503 1504/1504/1504 1501/1501/1501
f 1501/1501/1501 1502/1502/1502 1503/1503/1503
f 1507/1507/1507 1508/1508/1508 1505/1505/1505
f 1505/1505/1505 1506/1506/1506 1507/1507/1507
f 1510/1510/1510 1512/1512/1512 1509/1509/1509
f 1512/1512/1512 1510/1510/1510 1511/1511/1511
f 1515/1515/1515 1516/1516/1516 1513/1513/1513
f 1513/1513/1513 1514/1514/1514 1515/1515/1515
f 1518/1518/1518 1520/1520/1520 1517/1517/1517
f 1520/1520/1520 1518/1518/1518 1519/1519/1519
f 1522/1522/1522 1524/1524/1524 1521/1521/1521
f 1524/1524/1524 1522/1522/1522 1523/1523/1523
f 1526/1526/1526 1528/1528/1528 1525/1525/1525
f 1528/1528/1528 1526/1526/1526 1527/1527/1527
f 1530/1530/1530 1532/1532/1532 1529/1529/1529
f 1532/1532/1532 1530/1530/1530 1531/1531/1531
f 1534/1534/1534 1536/1536/1536 1533/1533/1533
f 1536/1536/1536 1534/1534/1534 1535/1535/1535
f 1538/1538/1538 1540/1540/1540 1537/1537/1537
f 1540/1540/1540 1538/1538/1538 1539/1539/1539
f 1543/1543/1543 1544/1544/1544 1541/1541/1541
f 1541/1541/1541 1542/1542/1542 1543/1543/1543
f 1547/1547/1547 1548/1548/1548 1545/1545/1545
f 1545/1545/1545 1546/1546/1546 1547/1547/1547
f 1551/1551/1551 1552/1552/1552 1549/1549/1549
f 1549/1549/1549 1550/1550/1550 1551/1551/1551
f 1555/1555/1555 1556/1556/1556 1553/1553/1553
f 1553/1553/1553 1554/1554/1554 1555/1555/1555
f 1559/1559/1559 1560/1560/1560 1557/1557/1557
f 1557/1557/1557 1558/1558/1558 1559/1559/1559
f 1563/1563/1563 1564/1564/1564 1561/1561/1561
f 1561/1561/1561 1562/1562/1562 1563/1563/1563
f 1567/1567/1567 1568/1568/1568 1565/1565/1565
f 1565/1565/1565 1566/1566/1566 1567/1567/1567
f 1571/1571/1571 1572/1572/1572 1569/1569/1569
f 1569/1569/1569 1570/1570/1570 1571/1571/1571
f 1575/1575/1575 1576/1576/1576 1573/1573/1573
f 1573/1573/1573 1574/1574/1574 1575/1575/1575
f 1579/1579/1579 1580/1580/1580 1577/1577/1577
f 1577/1577/1577 1578/1578/1578 1579/1579/1579
f 1583/1583/1583 1584/1584/1584 1581/1581/1581
f 1581/1581/1581 1582/1582/1582 1583/1583/1583
f 1587/1587/1587 1588/1588/1588 1585/1585/1585
f 1585/1585/1585 1586/1586/1586 1587/1587/1587
f 1591/1591/1591 1592/1592/1592 1589/1589/1589
f 1589/1589/1589 1590/1590/1590 1591/1591/1591
f 1594/1594/1594 1596/1596/1596 1593/1593/1593
f 1596/1596/1596 1594/1594/1594 1595/1595/1595
f 1598/1598/1598 1600/1600/1600 1597/1597/1597
f 1600/1600/1600 1598/1598/1598 1599/1599/1599
f 1602/1602/1602 1604/1604/1604 1601/1601/1601
f 1604/1604/1604 1602/1602/1602 1603/1603/1603
f 1606/1606/1606 1608/1608/1608 1605/1605/1605
f 1608/1608/1608 1606/1606/1606 1607/1607/1607
f 1610/1610/1610 1612/1612/1612 1609/1609/1609
f 1612/1612/1612 1610/1610/1610 1611/1611/1611
f 1614/1614/1614 1616/1616/1616 1613/1613/1613
f 1616/1616/1616 1614/1614/1614 1615/1615/1615
f 1618/1618/1618 1620/1620/1620 1617/1617/1617
f 1620/1620/1620 1618/1618/1618 1619/1619/1619
f 1622/1622/1622 1624/1624/1624 1621/1621/1621
f 1624/1624/1624 1622/1622/1622 1623/1623/1623
f 1626/1626/1626 1628/1628/1628 1625/1625/1625
f 1628/1628/1628 1626/1626/1626 1627/1627/1627
f 1630/1630/1630 1632/1632/1632 1629/1629/1629
f 1632/1632/1632 1630/1630/1630 1631/1631/1631
f 1634/1634/1634 1636/1636/1636 1633/1633/1633
f 1636/1636/1636 1634/1634/1634 1635/1635/1635
f 1638/1638/1638 1640/1640/1640 1637/1637/1637
f 1640/1640/1640 1638/1638/1638 1639/1639/1639
f 1642/1642/1642 1644/1644/1644 1641/1641/1641
f 1644/1644/1644 1642/1642/1642 1643/1643/1643
f 1646/1646/1646 1648/1648/1648 1645/1645/1645
f 1648/1648/1648 1646/1646/1646 1647/1647/1647
f 1650/1650/1650 1652/1652/1652 1649/1649/1649
f 1652/1652/1652 1650/1650/1650 1651/1651/1651
f 1654/1654/1654 1656/1656/1656 1653/1653/1653
f 1656/1656/1656 1654/1654/1654 1655/1655/1655
f 1658/1658/1658 1660/1660/1660 1657/1657/1657
f 1660/1660/1660 1658/1658/1658 1659/1659/1659
f 1662/1662/1662 1664/1664/1664 1661/1661/1661
f 1664/1664/1664 1662/1662/1662 1663/1663/1663
f 1666/1666/1666 1668/1668/1668 1665/1665/1665
f 1668/1668/1668 1666/1666/1666 1667/1667/1667
f 1670/1670/1670 1672/1672/1672 1669/1669/1669
f 1672/1672/1672 1670/1670/1670 1671/1671/1671
f 1674/1674/1674 1676/1676/1676 1673/1673/1673
f 1676/1676/1676 1674/1674/1674 1675/1675/1675
f 1678/1678/1678 1680/1680/1680 1677/1677/1677
f 1680/1680/1680 1678/1678/1678 1679/1679/1679
f 1682/1682/1682 1684/1684/1684 1681/1681/1681
f 1684/1684/1684 1682/1682/1682 1683/1683/1683
f 1686/1686/1686 1688/1688/1688 1685/1685/1685
f 1688/1688/1688 1686/1686/1686 1687/1687/1687
f 1690/1690/1690 1692/1692/1692 1689/1689/1689
f 1692/1692/1692 1690/1690/1690 1691/1691/1691
f 1694/1694/1694 1696/1696/1696 1693/1693/1693
f 1696/1696/1696 1694/1694/1694 1695/1695/1695
f 1698/1698/1698 1700/1700/1700 1697/1697/1697
f 1700/1700/1700 1698/1698/1698 1699/1699/1699
f 1702/1702/1702 1704/1704/1704 1701/1701/1701
f 1704/1704/1704 1702/1702/1702 1703/1703/1703
f 1707/1707/1707 1708/1708/1708 1705/1705/1705
f 1705/1705/1705 1706/1706/1706 1707/1707/1707
f 1711/1711/1711 1712/1712/1712 1709/1709/1709
f 1709/1709/1709 1710/1710/1710 1711/1711/1711
f 1715/1715/1715 1716/1716/1716 1713/1713/1713
f 1713/1713/1713 1714/1714/1714 1715/1715/1715
f 1719/1719/1719 1720/1720/1720 1717/1717/1717
f 1717/1717/1717 1718/1718/1718 1719/1719/1719
f 1723/1723/1723 1724/1724/1724 1721/1721/1721
f 1721/1721/1721 1722/1722/1722 1723/1723/1723
f 1727/1727/1727 1728/1728/1728 1725/1725/1725
f 1725/1725/1725 1726/1726/1726 1727/1727/1727
f 1731/1731/1731 1732/1732/1732 1729/1729/1729
f 1729/1729/1729 1730/1730/1730 1731/1731/1731
f 1735/1735/1735 1736/1736/1736 1733/1733/1733
f 1733/1733/1733 1734/1734/1734 1735/1735/1735
f 1739/1739/1739 1740/1740/1740 1737/1737/1737
f 1737/1737/1737 1738/1738/1738 1739/1739/1739
f 1743/1743/1743 1744/1744/1744 1741/1741/1741
f 1741/1741/1741 1742/1742/1742 1743/1743/1743
f 1747/1747/1747 1748/1748/1748 1745/1745/1745
f 1745/1745/1745 1746/1746/1746 1747/1747/1747
f 1751/1751/1751 1752/1752/1752 1749/1749/1749
f 1749/1749/1749 1750/1750/1750 1751/1751/1751
f 1755/1755/1755 1756/1756/1756 1753/1753/1753
f 1753/1753/1753 1754/1754/1754 1755/1755/1755
f 1759/1759/1759 1760/1760/1760 1757/1757/1757
f 1757/1757/1757 1758/1758/1758 1759/1759/1759
f 1763/1763/1763 1764/1764/1764 1761/1761/1761
f 1761/1761/1761 1762/1762/1762 1763/1763/1763
f 1767/1767/1767 1768/1768/1768 1765/1765/1765
f 1765/1765/1765 1766/1766/1766 1767/1767/1767
f 1771/1771/1771 1772/1772/1772 1769/1769/1769
f 1769/1769/1769 1770/1770/1770 1771/1771/1771
f 1775/1775/1775 1776/1776/1776 1773/1773/1773
f 1773/1773/1773 1774/1774/1774 1775/1775/1775
f 1779/1779/1779 1780/1780/1780 1777/1777/1777
f 1777/1777/1777 1778/1778/1778 1779/1779/1779
f 1783/1783/1783 1784/1784/1784 1781/1781/1781
f 1781/1781/1781 1782/1782/1782 1783/1783/1783
f 1787/1787/1787 1788/1788/1788 1785/1785/1785
f 1785/1785/1785 1786/1786/1786 1787/1787/1787
o BlueStuff
usemtl Material.001
v 0.04431699961423874 2.2284979820251465 -0.8999999761581421
v 0.04431699961423874 2.2284979820251465 0.8999999761581421
v 0.388731986284256 2.15998911857605 0.8999999761581421
v 0.388731986284256 2.15998911857605 -0.8999999761581421
v 0.388731986284256 2.15998911857605 -0.8999999761581421
v 0.388731986284256 2.15998911857605 0.8999999761581421
v 0.6807129979133606 1.9648940563201904 0.8999999761581421
v 0.6807129979133606 1.9648940563201904 -0.8999999761581421
v 0.6807129979133606 1.9648940563201904 -0.8999999761581421
v 0.6807129979133606 1.9648940563201904 0.8999999761581421
v 0.8758090138435364 1.6729129552841187 0.8999999761581421
v 0.8758090138435364 1.6729129552841187 -0.8999999761581421
v 0.8758090138435364 1.6729129552841187 -0.8999999761581421
v 0.8758090138435364 1.6729129552841187 0.8999999761581421
v 0.9443169832229614 1.3284980058670044 0.8999999761581421
v 0.9443169832229614 1.3284980058670044 -0.8999999761581421
v 0.9443169832229614 1.3284980058670044 -0.8999999761581421
v 0.9443169832229614 1.3284980058670044 0.8999999761581421
v 0.8758090138435364 0.9840829968452454 0.8999999761581421
v 0.8758090138435364 0.9840829968452454 -0.8999999761581421
v 0.8758090138435364 0.9840829968452454 -0.8999999761581421
v 0.8758090138435364 0.9840829968452454 0.8999999761581421
v 0.6807129979133606 0.6921020150184631 0.8999999761581421
v 0.6807129979133606 0.6921020150184631 -0.8999999761581421
v 0.6807129979133606 0.6921020150184631 -0.8999999761581421
v 0.6807129979133606 0.6921020150184631 0.8999999761581421
v 0.388731986284256 0.49700599908828735 0.8999999761581421
v 0.388731986284256 0.49700599908828735 -0.8999999761581421
v 0.388731986284256 0.49700599908828735 -0.8999999761581421
v 0.388731986284256 0.49700599908828735 0.8999999761581421
v 0.04431699961423874 0.4284979999065399 0.8999999761581421
v 0.04431699961423874 0.4284979999065399 -0.8999999761581421
v 0.04431699961423874 0.4284979999065399 -0.8999999761581421
v 0.04431699961423874 0.4284979999065399 0.8999999761581421
v -0.3000980019569397 0.49700599908828735 0.8999999761581421
v -0.3000980019569397 0.49700599908828735 -0.8999999761581421
v -0.3000980019569397 0.49700599908828735 -0.8999999761581421
v -0.3000980019569397 0.49700599908828735 0.8999999761581421
v -0.5920789837837219 0.6921020150184631 0.8999999761581421
v -0.5920789837837219 0.6921020150184631 -0.8999999761581421
v -0.5920789837837219 0.6921020150184631 -0.8999999761581421
v -0.5920789837837219 0.6921020150184631 0.8999999761581421
v -0.7871739864349365 0.9840829968452454 0.8999999761581421
v -0.7871739864349365 0.9840829968452454 -0.8999999761581421
v -0.7871739864349365 0.9840829968452454 -0.8999999761581421
v -0.7871739864349365 0.9840829968452454 0.8999999761581421
v -0.8556830286979675 1.3284980058670044 0.8999999761581421
v -0.8556830286979675 1.3284980058670044 -0.8999999761581421
v -0.8556830286979675 1.3284980058670044 -0.8999999761581421
v -0.8556830286979675 1.3284980058670044 0.8999999761581421
v -0.7871739864349365 1.6729129552841187 0.8999999761581421
v -0.7871739864349365 1.6729129552841187 -0.8999999761581421
v -0.7871739864349365 1.6729129552841187 -0.8999999761581421
v -0.7871739864349365 1.6729129552841187 0.8999999761581421
v -0.5920789837837219 1.9648940563201904 0.8999999761581421
v -0.5920789837837219 1.9648940563201904 -0.8999999761581421
v 0.388731986284256 2.15998911857605 0.8999999761581421
v 0.04431699961423874 2.2284979820251465 0.8999999761581421
v -0.3000980019569397 2.15998911857605 0.8999999761581421
v -0.5920789837837219 1.9648940563201904 0.8999999761581421
v -0.7871739864349365 1.6729129552841187 0.8999999761581421
v -0.8556830286979675 1.3284980058670044 0.8999999761581421
v -0.7871739864349365 0.9840829968452454 0.8999999761581421
v -0.5920789837837219 0.6921020150184631 0.8999999761581421
v -0.3000980019569397 0.49700599908828735 0.8999999761581421
v 0.04431699961423874 0.4284979999065399 0.8999999761581421
v 0.388731986284256 0.49700599908828735 0.8999999761581421
v 0.6807129979133606 0.6921020150184631 0.8999999761581421
v 0.8758090138435364 0.9840829968452454 0.8999999761581421
v 0.9443169832229614 1.3284980058670044 0.8999999761581421
v 0.8758090138435364 1.6729129552841187 0.8999999761581421
v 0.6807129979133606 1.9648940563201904 0.8999999761581421
v -0.5920789837837219 1.9648940563201904 -0.8999999761581421
v -0.5920789837837219 1.9648940563201904 0.8999999761581421
v -0.3000980019569397 2.15998911857605 0.8999999761581421
v -0.3000980019569397 2.15998911857605 -0.8999999761581421
v -0.3000980019569397 2.15998911857605 -0.8999999761581421
v -0.3000980019569397 2.15998911857605 0.8999999761581421
v 0.04431699961423874 2.2284979820251465 0.8999999761581421
v 0.04431699961423874 2.2284979820251465 -0.8999999761581421
v 0.04431699961423874 2.2284979820251465 -0.8999999761581421
v 0.388731986284256 2.15998911857605 -0.8999999761581421
v 0.6807129979133606 1.9648940563201904 -0.8999999761581421
v 0.8758090138435364 1.6729129552841187 -0.8999999761581421
v 0.9443169832229614 1.3284980058670044 -0.8999999761581421
v 0.8758090138435364 0.9840829968452454 -0.8999999761581421
v 0.6807129979133606 0.6921020150184631 -0.8999999761581421
v 0.388731986284256 0.49700599908828735 -0.8999999761581421
v 0.04431699961423874 0.4284979999065399 -0.8999999761581421
v -0.3000980019569397 0.49700599908828735 -0.8999999761581421
v -0.5920789837837219 0.6921020150184631 -0.8999999761581421
v -0.7871739864349365 0.9840829968452454 -0.8999999761581421
v -0.8556830286979675 1.3284980058670044 -0.8999999761581421
v -0.7871739864349365 1.6729129552841187 -0.8999999761581421
v -0.5920789837837219 1.9648940563201904 -0.8999999761581421
v -0.3000980019569397 2.15998911857605 -0.8999999761581421
vt 1 0.5
vt 1 1
vt 0.9375 1
vt 0.9375 0.5
vt 0.9375 0.5
vt 0.9375 1
vt 0.875 1
vt 0.875 0.5
vt 0.875 0.5
vt 0.875 1
vt 0.8125 1
vt 0.8125 0.5
vt 0.8125 0.5
vt 0.8125 1
vt 0.75 1
vt 0.75 0.5
vt 0.75 0.5
vt 0.75 1
vt 0.6875 1
vt 0.6875 0.5
vt 0.6875 0.5
vt 0.6875 1
vt 0.625 1
vt 0.625 0.5
vt 0.625 0.5
vt 0.625 1
vt 0.5625 1
vt 0.5625 0.5
vt 0.5625 0.5
vt 0.5625 1
vt 0.5 1
vt 0.5 0.5
vt 0.5 0.5
vt 0.5 1
vt 0.4375 1
vt 0.4375 0.5
vt 0.4375 0.5
vt 0.4375 1
vt 0.375 1
vt 0.375 0.5
vt 0.375 0.5
vt 0.375 1
vt 0.3125 1
vt 0.3125 0.5
vt 0.3125 0.5
vt 0.3125 1
vt 0.25 1
vt 0.25 0.5
vt 0.25 0.5
vt 0.25 1
vt 0.1875 1
vt 0.1875 0.5
vt 0.1875 0.5
vt 0.1875 1
vt 0.125 1
vt 0.125 0.5
vt 0.34184399247169495 0.4717310070991516
vt 0.25 0.49000000953674316
vt 0.15815599262714386 0.4717310070991516
vt 0.08029399812221527 0.41970598697662354
vt 0.028269000351428986 0.34184402227401733
vt 0.009999999776482582 0.25
vt 0.028269000351428986 0.15815597772598267
vt 0.08029399812221527 0.08029401302337646
vt 0.15815599262714386 0.02826899290084839
vt 0.25 0.009999990463256836
vt 0.34184399247169495 0.02826899290084839
vt 0.41970598697662354 0.08029401302337646
vt 0.4717310070991516 0.15815597772598267
vt 0.49000000953674316 0.25
vt 0.4717310070991516 0.34184402227401733
vt 0.41970598697662354 0.41970598697662354
vt 0.125 0.5
vt 0.125 1
vt 0.0625 1
vt 0.0625 0.5
vt 0.0625 0.5
vt 0.0625 1
vt 0 1
vt 0 0.5
vt 0.75 0.49000000953674316
vt 0.8418440222740173 0.4717310070991516
vt 0.9197059869766235 0.41970598697662354
vt 0.9717310070991516 0.34184402227401733
vt 0.9900000095367432 0.25
vt 0.9717310070991516 0.15815597772598267
vt 0.9197059869766235 0.08029401302337646
vt 0.8418440222740173 0.02826899290084839
vt 0.75 0.009999990463256836
vt 0.6581559777259827 0.02826899290084839
vt 0.5802940130233765 0.08029401302337646
vt 0.5282689929008484 0.15815597772598267
vt 0.5099999904632568 0.25
vt 0.5282689929008484 0.34184402227401733
vt 0.5802940130233765 0.41970598697662354
vt 0.6581559777259827 0.4717310070991516
vn 0.19509681844353616 0.9807839881611087 0
vn 0.19509681844353616 0.9807839881611087 0
vn 0.19509681844353616 0.9807839881611087 0
vn 0.19509681844353616 0.9807839881611087 0
vn 0.5555767916856909 0.8314652299045551 0
vn 0.5555767916856909 0.8314652299045551 0
vn 0.5555767916856909 0.8314652299045551 0
vn 0.5555767916856909 0.8314652299045551 0
vn 0.8314652299045551 0.5555767916856909 0
vn 0.8314652299045551 0.5555767916856909 0
vn 0.8314652299045551 0.5555767916856909 0
vn 0.8314652299045551 0.5555767916856909 0
vn 0.9807839881611087 0.19509681844353616 0
vn 0.9807839881611087 0.19509681844353616 0
vn 0.9807839881611087 0.19509681844353616 0
vn 0.9807839881611087 0.19509681844353616 0
vn 0.9807839881611087 -0.19509681844353616 0
vn 0.9807839881611087 -0.19509681844353616 0
vn 0.9807839881611087 -0.19509681844353616 0
vn 0.9807839881611087 -0.19509681844353616 0
vn 0.8314652299045551 -0.5555767916856909 0
vn 0.8314652299045551 -0.5555767916856909 0
vn 0.8314652299045551 -0.5555767916856909 0
vn 0.8314652299045551 -0.5555767916856909 0
vn 0.5555767916856909 -0.8314652299045551 0
vn 0.5555767916856909 -0.8314652299045551 0
vn 0.5555767916856909 -0.8314652299045551 0
vn 0.5555767916856909 -0.8314652299045551 0
vn 0.19509681844353616 -0.9807839881611087 0
vn 0.19509681844353616 -0.9807839881611087 0
vn 0.19509681844353616 -0.9807839881611087 0
vn 0.19509681844353616 -0.9807839881611087 0
vn -0.19509681844353616 -0.9807839881611087 0
vn -0.19509681844353616 -0.9807839881611087 0
vn -0.19509681844353616 -0.9807839881611087 0
vn -0.19509681844353616 -0.9807839881611087 0
vn -0.5555767916856909 -0.8314652299045551 0
vn -0.5555767916856909 -0.8314652299045551 0
vn -0.5555767916856909 -0.8314652299045551 0
vn -0.5555767916856909 -0.8314652299045551 0
vn -0.8314652299045551 -0.5555767916856909 0
vn -0.8314652299045551 -0.5555767916856909 0
vn -0.8314652299045551 -0.5555767916856909 0
vn -0.8314652299045551 -0.5555767916856909 0
vn -0.9807839881611087 -0.19509681844353616 0
vn -0.9807839881611087 -0.19509681844353616 0
vn -0.9807839881611087 -0.19509681844353616 0
vn -0.9807839881611087 -0.19509681844353616 0
vn -0.9807839881611087 0.19509681844353616 0
vn -0.9807839881611087 0.19509681844353616 0
vn -0.9807839881611087 0.19509681844353616 0
vn -0.9807839881611087 0.19509681844353616 0
vn -0.8314652299045551 0.5555767916856909 0
vn -0.8314652299045551 0.5555767916856909 0
vn -0.8314652299045551 0.5555767916856909 0
vn -0.8314652299045551 0.5555767916856909 0
vn 0 0 1
vn 0 0 1
vn 0 0 1
vn 0 0 1
vn 0 0 1
vn 0 0 1
vn 0 0 1
vn 0 0 1
vn 0 0 1
vn 0 0 1
vn 0 0 1
vn 0 0 1
vn 0 0 1
vn 0 0 1
vn 0 0 1
vn 0 0 1
vn -0.5555767916856909 0.8314652299045551 0
vn -0.5555767916856909 0.8314652299045551 0
vn -0.5555767916856909 0.8314652299045551 0
vn -0.5555767916856909 0.8314652299045551 0
vn -0.19509681844353616 0.9807839881611087 0
vn -0.19509681844353616 0.9807839881611087 0
vn -0.19509681844353616 0.9807839881611087 0
vn -0.19509681844353616 0.9807839881611087 0
vn 0 0 -1
vn 0 0 -1
vn 0 0 -1
vn 0 0 -1
vn 0 0 -1
vn 0 0 -1
vn 0 0 -1
vn 0 0 -1
vn 0 0 -1
vn 0 0 -1
vn 0 0 -1
vn 0 0 -1
vn 0 0 -1
vn 0 0 -1
vn 0 0 -1
vn 0 0 -1
f 1790/1790/1790 1792/1792/1792 1789/1789/1789
f 1792/1792/1792 1790/1790/1790 1791/1791/1791
f 1794/1794/1794 1796/1796/1796 1793/1793/1793
f 1796/1796/1796 1794/1794/1794 1795/1795/1795
f 1799/1799/1799 1800/1800/1800 1797/1797/1797
f 1797/1797/1797 1798/1798/1798 1799/1799/1799
f 1803/1803/1803 1804/1804/1804 1801/1801/1801
f 1801/1801/1801 1802/1802/1802 1803/1803/1803
f 1807/1807/1807 1808/1808/1808 1805/1805/1805
f 1805/1805/1805 1806/1806/1806 1807/1807/1807
f 1811/1811/1811 1812/1812/1812 1809/1809/1809
f 1809/1809/1809 1810/1810/1810 1811/1811/1811
f 1815/1815/1815 1816/1816/1816 1813/1813/1813
f 1813/1813/1813 1814/1814/1814 1815/1815/1815
f 1819/1819/1819 1820/1820/1820 1817/1817/1817
f 1817/1817/1817 1818/1818/1818 1819/1819/1819
f 1823/1823/1823 1824/1824/1824 1821/1821/1821
f 1821/1821/1821 1822/1822/1822 1823/1823/1823
f 1827/1827/1827 1828/1828/1828 1825/1825/1825
f 1825/1825/1825 1826/1826/1826 1827/1827/1827
f 1830/1830/1830 1832/1832/1832 1829/1829/1829
f 1832/1832/1832 1830/1830/1830 1831/1831/1831
f 1834/1834/1834 1836/1836/1836 1833/1833/1833
f 1836/1836/1836 1834/1834/1834 1835/1835/1835
f 1838/1838/1838 1840/1840/1840 1837/1837/1837
f 1840/1840/1840 1838/1838/1838 1839/1839/1839
f 1842/1842/1842 1844/1844/1844 1841/1841/1841
f 1844/1844/1844 1842/1842/1842 1843/1843/1843
f 1859/1859/1859 1860/1860/1860 1845/1845/1845
f 1845/1845/1845 1846/1846/1846 1847/1847/1847
f 1847/1847/1847 1848/1848/1848 1849/1849/1849
f 1849/1849/1849 1850/1850/1850 1851/1851/1851
f 1851/1851/1851 1852/1852/1852 1853/1853/1853
f 1853/1853/1853 1854/1854/1854 1855/1855/1855
f 1855/1855/1855 1856/1856/1856 1857/1857/1857
f 1857/1857/1857 1858/1858/1858 1859/1859/1859
f 1859/1859/1859 1845/1845/1845 1847/1847/1847
f 1847/1847/1847 1849/1849/1849 1851/1851/1851
f 1851/1851/1851 1853/1853/1853 1855/1855/1855
f 1855/1855/1855 1857/1857/1857 1859/1859/1859
f 1859/1859/1859 1847/1847/1847 1851/1851/1851
f 1851/1851/1851 1855/1855/1855 1859/1859/1859
f 1862/1862/1862 1864/1864/1864 1861/1861/1861
f 1864/1864/1864 1862/1862/1862 1863/1863/1863
f 1866/1866/1866 1868/1868/1868 1865/1865/1865
f 1868/1868/1868 1866/1866/1866 1867/1867/1867
f 1870/1870/1870 1884/1884/1884 1869/1869/1869
f 1884/1884/1884 1882/1882/1882 1883/1883/1883
f 1882/1882/1882 1880/1880/1880 1881/1881/1881
f 1880/1880/1880 1878/1878/1878 1879/1879/1879
f 1878/1878/1878 1876/1876/1876 1877/1877/1877
f 1876/1876/1876 1874/1874/1874 1875/1875/1875
f 1874/1874/1874 1872/1872/1872 1873/1873/1873
f 1872/1872/1872 1870/1870/1870 1871/1871/1871
f 1870/1870/1870 1882/1882/1882 1884/1884/1884
f 1882/1882/1882 1878/1878/1878 1880/1880/1880
f 1878/1878/1878 1874/1874/1874 1876/1876/1876
f 1874/1874/1874 1870/1870/1870 1872/1872/1872
f 1870/1870/1870 1878/1878/1878 1882/1882/1882
f 1878/1878/1878 1870/1870/1870 1874/1874/1874
