mtllib Crate.mtl
o Crate
usemtl Crate
v 1.6797430515289307 -1.4027650356292725 2
v 1.5423270463943481 -1.5423270463943481 2
v 1.7084540128707886 -1.7084540128707886 2
v 1.7084540128707886 1.7084540128707886 2
v -1.7084540128707886 1.7084540128707886 2
v -1.5423270463943481 1.5423270463943481 2
v -1.38120698928833 1.7059619426727295 2
v 1.38120698928833 1.7059619426727295 2
v 1.6797430515289307 1.4027650356292725 2
v -1.7084540128707886 -1.7084540128707886 2
v 1.38120698928833 -1.7059619426727295 2
v -1.38120698928833 -1.7059619426727295 2
v -1.6797430515289307 -1.4027650356292725 2
v -1.6797430515289307 1.4027650356292725 2
v 2 -1.4027650356292725 -1.6797430515289307
v 2 -1.5423270463943481 -1.5423270463943481
v 2 -1.7084540128707886 -1.7084540128707886
v 2 1.7084540128707886 -1.7084540128707886
v 2 1.7084540128707886 1.7084540128707886
v 2 1.5423270463943481 1.5423270463943481
v 2 1.7059619426727295 1.38120698928833
v 2 1.7059619426727295 -1.38120698928833
v 2 1.4027650356292725 -1.6797430515289307
v 2 -1.7084540128707886 1.7084540128707886
v 2 -1.7059619426727295 -1.38120698928833
v 2 -1.7059619426727295 1.38120698928833
v 2 -1.4027650356292725 1.6797430515289307
v 2 1.4027650356292725 1.6797430515289307
v 1.5423270463943481 2 -1.5423270463943481
v 1.7084540128707886 2 -1.7084540128707886
v -1.7084540128707886 2 -1.7084540128707886
v -1.7084540128707886 2 1.7084540128707886
v -1.5423270463943481 2 1.5423270463943481
v -1.7059619426727295 2 1.38120698928833
v -1.7059619426727295 2 -1.38120698928833
v -1.4027650356292725 2 -1.6797430515289307
v 1.4027650356292725 2 -1.6797430515289307
v 1.7084540128707886 2 1.7084540128707886
v 1.7059619426727295 2 -1.38120698928833
v 1.7059619426727295 2 1.38120698928833
v 1.4027650356292725 2 1.6797430515289307
v -1.4027650356292725 2 1.6797430515289307
v -2 -1.4027650356292725 1.6797430515289307
v -2 -1.5423270463943481 1.5423270463943481
v -2 -1.7084540128707886 1.7084540128707886
v -2 1.7084540128707886 1.7084540128707886
v -2 1.7084540128707886 -1.7084540128707886
v -2 1.5423270463943481 -1.5423270463943481
v -2 1.7059619426727295 -1.38120698928833
v -2 1.7059619426727295 1.38120698928833
v -2 1.4027650356292725 1.6797430515289307
v -2 1.4027650356292725 -1.6797430515289307
v -2 -1.7084540128707886 -1.7084540128707886
v -2 -1.7059619426727295 1.38120698928833
v -2 -1.7059619426727295 -1.38120698928833
v -2 -1.4027650356292725 -1.6797430515289307
v -1.6797430515289307 -1.4027650356292725 -2
v -1.5423270463943481 -1.5423270463943481 -2
v -1.7084540128707886 -1.7084540128707886 -2
v -1.7084540128707886 1.7084540128707886 -2
v 1.7084540128707886 1.7084540128707886 -2
v 1.5423270463943481 1.5423270463943481 -2
v 1.38120698928833 1.7059619426727295 -2
v -1.38120698928833 1.7059619426727295 -2
v -1.6797430515289307 1.4027650356292725 -2
v 1.6797430515289307 1.4027650356292725 -2
v 1.7084540128707886 -1.7084540128707886 -2
v -1.38120698928833 -1.7059619426727295 -2
v 1.38120698928833 -1.7059619426727295 -2
v 1.6797430515289307 -1.4027650356292725 -2
v -2 -1.7084540128707886 1.7084540128707886
v -1.7084540128707886 -2 1.7084540128707886
v -1.7084540128707886 -1.7084540128707886 2
v -2 1.7084540128707886 1.7084540128707886
v -1.7084540128707886 1.7084540128707886 2
v -1.7084540128707886 2 1.7084540128707886
v -2 -1.7084540128707886 -1.7084540128707886
v -1.7084540128707886 -1.7084540128707886 -2
v -1.7084540128707886 -2 -1.7084540128707886
v -2 1.7084540128707886 -1.7084540128707886
v -1.7084540128707886 2 -1.7084540128707886
v -1.7084540128707886 1.7084540128707886 -2
v 1.7084540128707886 -2 1.7084540128707886
v 2 -1.7084540128707886 1.7084540128707886
v 1.7084540128707886 -1.7084540128707886 2
v 1.7084540128707886 2 1.7084540128707886
v 1.7084540128707886 1.7084540128707886 2
v 2 1.7084540128707886 1.7084540128707886
v 1.7084540128707886 -1.7084540128707886 -2
v 2 -1.7084540128707886 -1.7084540128707886
v 1.7084540128707886 -2 -1.7084540128707886
v 1.7084540128707886 1.7084540128707886 -2
v 1.7084540128707886 2 -1.7084540128707886
v 2 1.7084540128707886 -1.7084540128707886
v -1.7084540128707886 -2 -1.7084540128707886
v -1.7084540128707886 -2 1.7084540128707886
v -2 -1.7084540128707886 1.7084540128707886
v -2 -1.7084540128707886 -1.7084540128707886
v -1.7084540128707886 -1.7084540128707886 2
v -1.7084540128707886 1.7084540128707886 2
v -2 1.7084540128707886 1.7084540128707886
v -2 -1.7084540128707886 1.7084540128707886
v -1.7084540128707886 2 1.7084540128707886
v -1.7084540128707886 2 -1.7084540128707886
v -2 1.7084540128707886 -1.7084540128707886
v -2 1.7084540128707886 1.7084540128707886
v -1.7084540128707886 1.7084540128707886 -2
v -1.7084540128707886 -1.7084540128707886 -2
v -2 -1.7084540128707886 -1.7084540128707886
v -2 1.7084540128707886 -1.7084540128707886
v 1.7084540128707886 -2 -1.7084540128707886
v -1.7084540128707886 -2 -1.7084540128707886
v -1.7084540128707886 -1.7084540128707886 -2
v 1.7084540128707886 -1.7084540128707886 -2
v -1.7084540128707886 2 -1.7084540128707886
v 1.7084540128707886 2 -1.7084540128707886
v 1.7084540128707886 1.7084540128707886 -2
v -1.7084540128707886 1.7084540128707886 -2
v 2 1.7084540128707886 -1.7084540128707886
v 2 -1.7084540128707886 -1.7084540128707886
v 1.7084540128707886 -1.7084540128707886 -2
v 1.7084540128707886 1.7084540128707886 -2
v 1.7084540128707886 -2 1.7084540128707886
v 1.7084540128707886 -2 -1.7084540128707886
v 2 -1.7084540128707886 -1.7084540128707886
v 2 -1.7084540128707886 1.7084540128707886
v 1.7084540128707886 2 -1.7084540128707886
v 1.7084540128707886 2 1.7084540128707886
v 2 1.7084540128707886 1.7084540128707886
v 2 1.7084540128707886 -1.7084540128707886
v 1.7084540128707886 1.7084540128707886 2
v 1.7084540128707886 -1.7084540128707886 2
v 2 -1.7084540128707886 1.7084540128707886
v 2 1.7084540128707886 1.7084540128707886
v -1.7084540128707886 -2 1.7084540128707886
v 1.7084540128707886 -2 1.7084540128707886
v 1.7084540128707886 -1.7084540128707886 2
v -1.7084540128707886 -1.7084540128707886 2
v 1.7084540128707886 2 1.7084540128707886
v -1.7084540128707886 2 1.7084540128707886
v -1.7084540128707886 1.7084540128707886 2
v 1.7084540128707886 1.7084540128707886 2
v -1.7084540128707886 -2 -1.7084540128707886
v 1.7084540128707886 -2 -1.7084540128707886
v 1.7084540128707886 -2 1.7084540128707886
v 1.5423270463943481 -2 1.5423270463943481
v 1.7059619426727295 -2 1.38120698928833
v 1.7059619426727295 -2 -1.38120698928833
v 1.4027650356292725 -2 -1.6797430515289307
v -1.4027650356292725 -2 -1.6797430515289307
v -1.5423270463943481 -2 -1.5423270463943481
v -1.7084540128707886 -2 1.7084540128707886
v -1.7059619426727295 -2 -1.38120698928833
v -1.7059619426727295 -2 1.38120698928833
v -1.4027650356292725 -2 1.6797430515289307
v 1.4027650356292725 -2 1.6797430515289307
v 2 -1.4027650356292725 1.6797430515289307
v 1.7766590118408203 -1.4027650356292725 1.6797430515289307
v 1.7766590118408203 1.4027650356292725 1.6797430515289307
v 2 1.4027650356292725 1.6797430515289307
v 1.7766590118408203 1.7059619426727295 1.38120698928833
v 1.7766590118408203 1.7059619426727295 -1.38120698928833
v 2 1.7059619426727295 -1.38120698928833
v 2 1.7059619426727295 1.38120698928833
v 1.75 -1.4027650356292725 -1.38120698928833
v 1.75 1.4027650356292725 -1.38120698928833
v 1.75 0.38607099652290344 -1.3676190376281738
v 1.75 -0.08979900181293488 -1.3676190376281738
v 1.75 1.4027650356292725 1.38120698928833
v 1.75 -1.4027650356292725 1.38120698928833
v 1.75 -0.08979900181293488 -0.29824501276016235
v 1.75 0.38607099652290344 -0.29824501276016235
v 2 1.4027650356292725 -1.6797430515289307
v 1.7766590118408203 1.4027650356292725 -1.6797430515289307
v 1.7766590118408203 -1.4027650356292725 -1.6797430515289307
v 2 -1.4027650356292725 -1.6797430515289307
v 1.7766590118408203 -1.4027650356292725 1.6797430515289307
v 1.7766590118408203 -1.7059619426727295 1.38120698928833
v 1.75 -1.4027650356292725 1.38120698928833
v 1.7766590118408203 1.4027650356292725 1.6797430515289307
v 1.75 1.4027650356292725 1.38120698928833
v 1.7766590118408203 1.7059619426727295 1.38120698928833
v 1.75 -1.4027650356292725 -1.38120698928833
v 1.7766590118408203 -1.7059619426727295 -1.38120698928833
v 1.7766590118408203 -1.4027650356292725 -1.6797430515289307
v 1.7766590118408203 1.7059619426727295 -1.38120698928833
v 1.75 1.4027650356292725 -1.38120698928833
v 1.7766590118408203 1.4027650356292725 -1.6797430515289307
v 1.776134967803955 -1.7000000476837158 0.8757889866828918
v 1.7766590118408203 -1.7059619426727295 1.38120698928833
v 1.7766590118408203 -1.7059619426727295 -1.38120698928833
v 1.75 -1.4027650356292725 -1.38120698928833
v 1.75 -1.4027650356292725 1.38120698928833
v 1.7687000036239624 -1.6154420375823975 0.8757889866828918
v 1.7687000036239624 -1.6154420375823975 0.6757889986038208
v 1.768684983253479 -1.6152750253677368 0.10000000149011612
v 1.768684983253479 -1.6152750253677368 -0.10000000149011612
v 1.776134967803955 -1.7000000476837158 -0.10000000149011612
v 1.776134967803955 -1.7000000476837158 0.10000000149011612
v 1.776134967803955 -1.7000000476837158 0.6757889986038208
v 1.7766590118408203 1.4027650356292725 1.6797430515289307
v 1.7766590118408203 -1.4027650356292725 1.6797430515289307
v 1.75 -1.4027650356292725 1.38120698928833
v 1.75 1.4027650356292725 1.38120698928833
v 1.7766590118408203 1.7059619426727295 1.38120698928833
v 1.75 1.4027650356292725 1.38120698928833
v 1.7687000036239624 1.6154420375823975 0.8757889866828918
v 1.776134967803955 1.7000000476837158 0.8757889866828918
v 1.776134967803955 1.7000000476837158 0.6757889986038208
v 1.7698509693145752 1.6285370588302612 0.6757889986038208
v 1.768684983253479 1.6152750253677368 0.10000000149011612
v 1.776134967803955 1.7000000476837158 0.10000000149011612
v 1.75 1.4027650356292725 -1.38120698928833
v 1.7766590118408203 1.7059619426727295 -1.38120698928833
v 1.776134967803955 1.7000000476837158 -0.10000000149011612
v 1.768684983253479 1.6152750253677368 -0.10000000149011612
v 1.7687000036239624 1.6154420375823975 0.6757889986038208
v 1.75 1.4027650356292725 -1.38120698928833
v 1.75 -1.4027650356292725 -1.38120698928833
v 1.7766590118408203 -1.4027650356292725 -1.6797430515289307
v 1.7766590118408203 1.4027650356292725 -1.6797430515289307
v 1.7766590118408203 -1.4027650356292725 -1.6797430515289307
v 1.7766590118408203 -1.7059619426727295 -1.38120698928833
v 2 -1.7059619426727295 -1.38120698928833
v 2 -1.5423270463943481 -1.5423270463943481
v 2 -1.4027650356292725 -1.6797430515289307
v 1.7766590118408203 1.7059619426727295 -1.38120698928833
v 1.7766590118408203 1.4027650356292725 -1.6797430515289307
v 2 1.4027650356292725 -1.6797430515289307
v 2 1.7059619426727295 -1.38120698928833
v 1.7766590118408203 -1.7059619426727295 1.38120698928833
v 1.7766590118408203 -1.4027650356292725 1.6797430515289307
v 2 -1.4027650356292725 1.6797430515289307
v 2 -1.7059619426727295 1.38120698928833
v 1.7766590118408203 1.4027650356292725 1.6797430515289307
v 1.7766590118408203 1.7059619426727295 1.38120698928833
v 2 1.7059619426727295 1.38120698928833
v 2 1.5423270463943481 1.5423270463943481
v 2 1.4027650356292725 1.6797430515289307
v 1.7766590118408203 -1.7059619426727295 -1.38120698928833
v 1.7766590118408203 -1.7059619426727295 1.38120698928833
v 2 -1.7059619426727295 1.38120698928833
v 2 -1.7059619426727295 -1.38120698928833
v 1.6797430515289307 -1.4027650356292725 -2
v 1.6797430515289307 -1.4027650356292725 -1.7766590118408203
v 1.6797430515289307 1.4027650356292725 -1.7766590118408203
v 1.6797430515289307 1.4027650356292725 -2
v 1.38120698928833 1.7059619426727295 -1.7766590118408203
v -1.38120698928833 1.7059619426727295 -1.7766590118408203
v -1.38120698928833 1.7059619426727295 -2
v 1.38120698928833 1.7059619426727295 -2
v -1.38120698928833 1.4027650356292725 -1.75
v 1.38120698928833 1.4027650356292725 -1.75
v 1.38120698928833 -1.4027650356292725 -1.75
v -1.38120698928833 -1.4027650356292725 -1.75
v -1.6797430515289307 1.4027650356292725 -2
v -1.6797430515289307 1.4027650356292725 -1.7766590118408203
v -1.6797430515289307 -1.4027650356292725 -1.7766590118408203
v -1.6797430515289307 -1.4027650356292725 -2
v 1.38120698928833 -1.4027650356292725 -1.75
v 1.6797430515289307 -1.4027650356292725 -1.7766590118408203
v 1.38120698928833 -1.7059619426727295 -1.7766590118408203
v 1.38120698928833 1.7059619426727295 -1.7766590118408203
v 1.6797430515289307 1.4027650356292725 -1.7766590118408203
v 1.38120698928833 1.4027650356292725 -1.75
v -1.6797430515289307 -1.4027650356292725 -1.7766590118408203
v -1.38120698928833 -1.4027650356292725 -1.75
v -1.38120698928833 -1.7059619426727295 -1.7766590118408203
v -1.6797430515289307 1.4027650356292725 -1.7766590118408203
v -1.38120698928833 1.7059619426727295 -1.7766590118408203
v -1.38120698928833 1.4027650356292725 -1.75
v -1.38120698928833 -1.4027650356292725 -1.75
v 1.38120698928833 -1.4027650356292725 -1.75
v 1.38120698928833 -1.7059619426727295 -1.7766590118408203
v -1.38120698928833 -1.7059619426727295 -1.7766590118408203
v 1.38120698928833 1.4027650356292725 -1.75
v 1.6797430515289307 1.4027650356292725 -1.7766590118408203
v 1.6797430515289307 -1.4027650356292725 -1.7766590118408203
v 1.38120698928833 -1.4027650356292725 -1.75
v -1.38120698928833 1.7059619426727295 -1.7766590118408203
v 1.38120698928833 1.7059619426727295 -1.7766590118408203
v 1.38120698928833 1.4027650356292725 -1.75
v -1.38120698928833 1.4027650356292725 -1.75
v -1.6797430515289307 1.4027650356292725 -1.7766590118408203
v -1.38120698928833 1.4027650356292725 -1.75
v -1.38120698928833 -1.4027650356292725 -1.75
v -1.6797430515289307 -1.4027650356292725 -1.7766590118408203
v -1.6797430515289307 -1.4027650356292725 -1.7766590118408203
v -1.38120698928833 -1.7059619426727295 -1.7766590118408203
v -1.38120698928833 -1.7059619426727295 -2
v -1.5423270463943481 -1.5423270463943481 -2
v -1.6797430515289307 -1.4027650356292725 -2
v -1.38120698928833 1.7059619426727295 -1.7766590118408203
v -1.6797430515289307 1.4027650356292725 -1.7766590118408203
v -1.6797430515289307 1.4027650356292725 -2
v -1.38120698928833 1.7059619426727295 -2
v 1.38120698928833 -1.7059619426727295 -1.7766590118408203
v 1.6797430515289307 -1.4027650356292725 -1.7766590118408203
v 1.6797430515289307 -1.4027650356292725 -2
v 1.38120698928833 -1.7059619426727295 -2
v 1.6797430515289307 1.4027650356292725 -1.7766590118408203
v 1.38120698928833 1.7059619426727295 -1.7766590118408203
v 1.38120698928833 1.7059619426727295 -2
v 1.5423270463943481 1.5423270463943481 -2
v 1.6797430515289307 1.4027650356292725 -2
v -1.38120698928833 -1.7059619426727295 -2
v -1.38120698928833 -1.7059619426727295 -1.7766590118408203
v 1.38120698928833 -1.7059619426727295 -1.7766590118408203
v 1.38120698928833 -1.7059619426727295 -2
v -1.7766590118408203 -1.4027650356292725 -1.6797430515289307
v -1.7766590118408203 1.4027650356292725 -1.6797430515289307
v -2 1.4027650356292725 -1.6797430515289307
v -2 -1.4027650356292725 -1.6797430515289307
v -2 1.7059619426727295 -1.38120698928833
v -1.7766590118408203 1.7059619426727295 -1.38120698928833
v -1.7766590118408203 1.7059619426727295 1.38120698928833
v -2 1.7059619426727295 1.38120698928833
v -1.75 1.4027650356292725 1.38120698928833
v -1.75 1.4027650356292725 -1.38120698928833
v -1.75 -1.4027650356292725 -1.38120698928833
v -1.75 -1.4027650356292725 1.38120698928833
v -1.7766590118408203 1.4027650356292725 1.6797430515289307
v -1.7766590118408203 -1.4027650356292725 1.6797430515289307
v -2 -1.4027650356292725 1.6797430515289307
v -2 1.4027650356292725 1.6797430515289307
v -1.75 -1.4027650356292725 -1.38120698928833
v -1.7766590118408203 -1.4027650356292725 -1.6797430515289307
v -1.7766590118408203 -1.7059619426727295 -1.38120698928833
v -1.7766590118408203 1.7059619426727295 -1.38120698928833
v -1.7766590118408203 1.4027650356292725 -1.6797430515289307
v -1.75 1.4027650356292725 -1.38120698928833
v -1.7766590118408203 -1.4027650356292725 1.6797430515289307
v -1.75 -1.4027650356292725 1.38120698928833
v -1.7766590118408203 -1.7059619426727295 1.38120698928833
v -1.7766590118408203 1.4027650356292725 1.6797430515289307
v -1.7766590118408203 1.7059619426727295 1.38120698928833
v -1.75 1.4027650356292725 1.38120698928833
v -1.75 -1.4027650356292725 1.38120698928833
v -1.75 -1.4027650356292725 -1.38120698928833
v -1.7766590118408203 -1.7059619426727295 -1.38120698928833
v -1.7766590118408203 -1.7059619426727295 1.38120698928833
v -1.75 1.4027650356292725 -1.38120698928833
v -1.7766590118408203 1.4027650356292725 -1.6797430515289307
v -1.7766590118408203 -1.4027650356292725 -1.6797430515289307
v -1.75 -1.4027650356292725 -1.38120698928833
v -1.7766590118408203 1.7059619426727295 1.38120698928833
v -1.7766590118408203 1.7059619426727295 -1.38120698928833
v -1.75 1.4027650356292725 -1.38120698928833
v -1.75 1.4027650356292725 1.38120698928833
v -1.7766590118408203 1.4027650356292725 1.6797430515289307
v -1.75 1.4027650356292725 1.38120698928833
v -1.75 -1.4027650356292725 1.38120698928833
v -1.7766590118408203 -1.4027650356292725 1.6797430515289307
v -2 -1.4027650356292725 1.6797430515289307
v -1.7766590118408203 -1.4027650356292725 1.6797430515289307
v -1.7766590118408203 -1.7059619426727295 1.38120698928833
v -2 -1.7059619426727295 1.38120698928833
v -2 -1.5423270463943481 1.5423270463943481
v -2 1.7059619426727295 1.38120698928833
v -1.7766590118408203 1.7059619426727295 1.38120698928833
v -1.7766590118408203 1.4027650356292725 1.6797430515289307
v -2 1.4027650356292725 1.6797430515289307
v -2 -1.7059619426727295 -1.38120698928833
v -1.7766590118408203 -1.7059619426727295 -1.38120698928833
v -1.7766590118408203 -1.4027650356292725 -1.6797430515289307
v -2 -1.4027650356292725 -1.6797430515289307
v -1.7766590118408203 1.4027650356292725 -1.6797430515289307
v -1.7766590118408203 1.7059619426727295 -1.38120698928833
v -2 1.7059619426727295 -1.38120698928833
v -2 1.5423270463943481 -1.5423270463943481
v -2 1.4027650356292725 -1.6797430515289307
v -2 -1.7059619426727295 1.38120698928833
v -1.7766590118408203 -1.7059619426727295 1.38120698928833
v -1.7766590118408203 -1.7059619426727295 -1.38120698928833
v -2 -1.7059619426727295 -1.38120698928833
v 1.6797430515289307 1.4027650356292725 1.7766590118408203
v 1.6797430515289307 -1.4027650356292725 1.7766590118408203
v 1.6797430515289307 -1.4027650356292725 2
v 1.6797430515289307 1.4027650356292725 2
v -1.38120698928833 -1.4027650356292725 1.75
v 1.38120698928833 -1.4027650356292725 1.75
v 1.38120698928833 1.4027650356292725 1.75
v -1.38120698928833 1.4027650356292725 1.75
v -1.38120698928833 1.7059619426727295 2
v -1.38120698928833 1.7059619426727295 1.7766590118408203
v 1.38120698928833 1.7059619426727295 1.7766590118408203
v 1.38120698928833 1.7059619426727295 2
v -1.6797430515289307 -1.4027650356292725 1.7766590118408203
v -1.6797430515289307 1.4027650356292725 1.7766590118408203
v -1.6797430515289307 1.4027650356292725 2
v -1.6797430515289307 -1.4027650356292725 2
v 1.38120698928833 -1.4027650356292725 1.75
v 1.38120698928833 -1.7059619426727295 1.7766590118408203
v 1.6797430515289307 -1.4027650356292725 1.7766590118408203
v 1.38120698928833 1.7059619426727295 1.7766590118408203
v 1.38120698928833 1.4027650356292725 1.75
v 1.6797430515289307 1.4027650356292725 1.7766590118408203
v -1.6797430515289307 -1.4027650356292725 1.7766590118408203
v -1.38120698928833 -1.7059619426727295 1.7766590118408203
v -1.38120698928833 -1.4027650356292725 1.75
v -1.6797430515289307 1.4027650356292725 1.7766590118408203
v -1.38120698928833 1.4027650356292725 1.75
v -1.38120698928833 1.7059619426727295 1.7766590118408203
v -1.38120698928833 -1.7059619426727295 2
v -1.38120698928833 -1.7059619426727295 1.7766590118408203
v -1.6797430515289307 -1.4027650356292725 1.7766590118408203
v -1.6797430515289307 -1.4027650356292725 2
v -1.6797430515289307 1.4027650356292725 1.7766590118408203
v -1.38120698928833 1.7059619426727295 1.7766590118408203
v -1.38120698928833 1.7059619426727295 2
v -1.5423270463943481 1.5423270463943481 2
v -1.6797430515289307 1.4027650356292725 2
v -1.6797430515289307 1.4027650356292725 1.7766590118408203
v -1.6797430515289307 -1.4027650356292725 1.7766590118408203
v -1.38120698928833 -1.4027650356292725 1.75
v -1.38120698928833 1.4027650356292725 1.75
v -1.38120698928833 -1.4027650356292725 1.75
v -1.38120698928833 -1.7059619426727295 1.7766590118408203
v 1.38120698928833 -1.7059619426727295 1.7766590118408203
v 1.38120698928833 -1.4027650356292725 1.75
v -1.38120698928833 1.7059619426727295 1.7766590118408203
v -1.38120698928833 1.4027650356292725 1.75
v 1.38120698928833 1.4027650356292725 1.75
v 1.38120698928833 1.7059619426727295 1.7766590118408203
v 1.38120698928833 1.4027650356292725 1.75
v 1.38120698928833 -1.4027650356292725 1.75
v 1.6797430515289307 -1.4027650356292725 1.7766590118408203
v 1.6797430515289307 1.4027650356292725 1.7766590118408203
v 1.6797430515289307 -1.4027650356292725 2
v 1.6797430515289307 -1.4027650356292725 1.7766590118408203
v 1.38120698928833 -1.7059619426727295 1.7766590118408203
v 1.38120698928833 -1.7059619426727295 2
v 1.5423270463943481 -1.5423270463943481 2
v 1.38120698928833 1.7059619426727295 2
v 1.38120698928833 1.7059619426727295 1.7766590118408203
v 1.6797430515289307 1.4027650356292725 1.7766590118408203
v 1.6797430515289307 1.4027650356292725 2
v 1.38120698928833 -1.7059619426727295 2
v 1.38120698928833 -1.7059619426727295 1.7766590118408203
v -1.38120698928833 -1.7059619426727295 1.7766590118408203
v -1.38120698928833 -1.7059619426727295 2
v 1.4027650356292725 1.7766590118408203 1.6797430515289307
v -1.4027650356292725 1.7766590118408203 1.6797430515289307
v -1.4027650356292725 2 1.6797430515289307
v 1.4027650356292725 2 1.6797430515289307
v -1.4027650356292725 1.75 -1.38120698928833
v -1.4027650356292725 1.75 1.38120698928833
v 1.4027650356292725 1.75 1.38120698928833
v 1.4027650356292725 1.75 -1.38120698928833
v 1.7059619426727295 1.7766590118408203 -1.38120698928833
v 1.7059619426727295 1.7766590118408203 1.38120698928833
v 1.7059619426727295 2 1.38120698928833
v 1.7059619426727295 2 -1.38120698928833
v -1.4027650356292725 2 -1.6797430515289307
v -1.4027650356292725 1.7766590118408203 -1.6797430515289307
v 1.4027650356292725 1.7766590118408203 -1.6797430515289307
v 1.4027650356292725 2 -1.6797430515289307
v -1.7059619426727295 1.7766590118408203 1.38120698928833
v -1.4027650356292725 1.7766590118408203 1.6797430515289307
v -1.4027650356292725 1.75 1.38120698928833
v 1.4027650356292725 1.75 1.38120698928833
v 1.4027650356292725 1.7766590118408203 1.6797430515289307
v 1.7059619426727295 1.7766590118408203 1.38120698928833
v -1.7059619426727295 1.7766590118408203 -1.38120698928833
v -1.4027650356292725 1.75 -1.38120698928833
v -1.4027650356292725 1.7766590118408203 -1.6797430515289307
v 1.4027650356292725 1.7766590118408203 -1.6797430515289307
v 1.4027650356292725 1.75 -1.38120698928833
v 1.7059619426727295 1.7766590118408203 -1.38120698928833
v -1.7059619426727295 2 -1.38120698928833
v -1.7059619426727295 1.7766590118408203 -1.38120698928833
v -1.4027650356292725 1.7766590118408203 -1.6797430515289307
v -1.4027650356292725 2 -1.6797430515289307
v 1.4027650356292725 2 -1.6797430515289307
v 1.4027650356292725 1.7766590118408203 -1.6797430515289307
v 1.7059619426727295 1.7766590118408203 -1.38120698928833
v 1.7059619426727295 2 -1.38120698928833
v 1.5423270463943481 2 -1.5423270463943481
v -1.4027650356292725 1.7766590118408203 -1.6797430515289307
v -1.4027650356292725 1.75 -1.38120698928833
v 1.4027650356292725 1.75 -1.38120698928833
v 1.4027650356292725 1.7766590118408203 -1.6797430515289307
v -1.7059619426727295 1.7766590118408203 -1.38120698928833
v -1.7059619426727295 1.7766590118408203 1.38120698928833
v -1.4027650356292725 1.75 1.38120698928833
v -1.4027650356292725 1.75 -1.38120698928833
v 1.4027650356292725 1.75 -1.38120698928833
v 1.4027650356292725 1.75 1.38120698928833
v 1.7059619426727295 1.7766590118408203 1.38120698928833
v 1.7059619426727295 1.7766590118408203 -1.38120698928833
v -1.4027650356292725 1.75 1.38120698928833
v -1.4027650356292725 1.7766590118408203 1.6797430515289307
v 1.4027650356292725 1.7766590118408203 1.6797430515289307
v 1.4027650356292725 1.75 1.38120698928833
v -1.4027650356292725 1.7766590118408203 1.6797430515289307
v -1.7059619426727295 1.7766590118408203 1.38120698928833
v -1.7059619426727295 2 1.38120698928833
v -1.5423270463943481 2 1.5423270463943481
v -1.4027650356292725 2 1.6797430515289307
v 1.7059619426727295 1.7766590118408203 1.38120698928833
v 1.4027650356292725 1.7766590118408203 1.6797430515289307
v 1.4027650356292725 2 1.6797430515289307
v 1.7059619426727295 2 1.38120698928833
v -1.7059619426727295 2 1.38120698928833
v -1.7059619426727295 1.7766590118408203 1.38120698928833
v -1.7059619426727295 1.7766590118408203 -1.38120698928833
v -1.7059619426727295 2 -1.38120698928833
v -1.4027650356292725 -2 1.6797430515289307
v -1.4027650356292725 -1.7766590118408203 1.6797430515289307
v 1.4027650356292725 -1.7766590118408203 1.6797430515289307
v 1.4027650356292725 -2 1.6797430515289307
v 1.7059619426727295 -2 1.38120698928833
v 1.7059619426727295 -1.7766590118408203 1.38120698928833
v 1.7059619426727295 -1.7766590118408203 -1.38120698928833
v 1.7059619426727295 -2 -1.38120698928833
v -1.4027650356292725 -1.75 1.38120698928833
v -1.4027650356292725 -1.75 -1.38120698928833
v 1.4027650356292725 -1.75 -1.38120698928833
v 1.4027650356292725 -1.75 1.38120698928833
v 1.4027650356292725 -2 -1.6797430515289307
v 1.4027650356292725 -1.7766590118408203 -1.6797430515289307
v -1.4027650356292725 -1.7766590118408203 -1.6797430515289307
v -1.4027650356292725 -2 -1.6797430515289307
v -1.7059619426727295 -1.7766590118408203 1.38120698928833
v -1.4027650356292725 -1.75 1.38120698928833
v -1.4027650356292725 -1.7766590118408203 1.6797430515289307
v 1.4027650356292725 -1.75 1.38120698928833
v 1.7059619426727295 -1.7766590118408203 1.38120698928833
v 1.4027650356292725 -1.7766590118408203 1.6797430515289307
v -1.7059619426727295 -1.7766590118408203 -1.38120698928833
v -1.4027650356292725 -1.7766590118408203 -1.6797430515289307
v -1.4027650356292725 -1.75 -1.38120698928833
v 1.4027650356292725 -1.7766590118408203 -1.6797430515289307
v 1.7059619426727295 -1.7766590118408203 -1.38120698928833
v 1.4027650356292725 -1.75 -1.38120698928833
v -1.7059619426727295 -1.7766590118408203 -1.38120698928833
v -1.4027650356292725 -1.75 -1.38120698928833
v -1.4027650356292725 -1.75 1.38120698928833
v -1.7059619426727295 -1.7766590118408203 1.38120698928833
v -1.4027650356292725 -1.7766590118408203 1.6797430515289307
v -1.4027650356292725 -1.75 1.38120698928833
v 1.4027650356292725 -1.75 1.38120698928833
v 1.4027650356292725 -1.7766590118408203 1.6797430515289307
v 1.4027650356292725 -1.75 -1.38120698928833
v 1.7059619426727295 -1.7766590118408203 -1.38120698928833
v 1.7059619426727295 -1.7766590118408203 1.38120698928833
v 1.4027650356292725 -1.75 1.38120698928833
v -1.4027650356292725 -1.75 -1.38120698928833
v -1.4027650356292725 -1.7766590118408203 -1.6797430515289307
v 1.4027650356292725 -1.7766590118408203 -1.6797430515289307
v 1.4027650356292725 -1.75 -1.38120698928833
v -1.4027650356292725 -2 -1.6797430515289307
v -1.4027650356292725 -1.7766590118408203 -1.6797430515289307
v -1.7059619426727295 -1.7766590118408203 -1.38120698928833
v -1.7059619426727295 -2 -1.38120698928833
v -1.5423270463943481 -2 -1.5423270463943481
v 1.7059619426727295 -2 -1.38120698928833
v 1.7059619426727295 -1.7766590118408203 -1.38120698928833
v 1.4027650356292725 -1.7766590118408203 -1.6797430515289307
v 1.4027650356292725 -2 -1.6797430515289307
v -1.7059619426727295 -2 1.38120698928833
v -1.7059619426727295 -1.7766590118408203 1.38120698928833
v -1.4027650356292725 -1.7766590118408203 1.6797430515289307
v -1.4027650356292725 -2 1.6797430515289307
v 1.4027650356292725 -1.7766590118408203 1.6797430515289307
v 1.7059619426727295 -1.7766590118408203 1.38120698928833
v 1.7059619426727295 -2 1.38120698928833
v 1.5423270463943481 -2 1.5423270463943481
v 1.4027650356292725 -2 1.6797430515289307
v -1.7059619426727295 -2 -1.38120698928833
v -1.7059619426727295 -1.7766590118408203 -1.38120698928833
v -1.7059619426727295 -1.7766590118408203 1.38120698928833
v -1.7059619426727295 -2 1.38120698928833
v 1.6127740144729614 0.38607099652290344 -0.29824501276016235
v 1.6127740144729614 -0.08979900181293488 -0.29824501276016235
v 1.6127740144729614 -0.08979900181293488 -1.3676190376281738
v 1.6127740144729614 0.38607099652290344 -1.3676190376281738
v 1.75 0.38607099652290344 -1.3676190376281738
v 1.6127740144729614 0.38607099652290344 -1.3676190376281738
v 1.6127740144729614 -0.08979900181293488 -1.3676190376281738
v 1.75 -0.08979900181293488 -1.3676190376281738
v 1.75 -0.08979900181293488 -0.29824501276016235
v 1.6127740144729614 -0.08979900181293488 -0.29824501276016235
v 1.6127740144729614 0.38607099652290344 -0.29824501276016235
v 1.75 0.38607099652290344 -0.29824501276016235
v 1.6127740144729614 -0.08979900181293488 -1.3676190376281738
v 1.6127740144729614 -0.08979900181293488 -0.29824501276016235
v 1.75 -0.08979900181293488 -0.29824501276016235
v 1.75 -0.08979900181293488 -1.3676190376281738
v 1.6127740144729614 0.38607099652290344 -0.29824501276016235
v 1.6127740144729614 0.38607099652290344 -1.3676190376281738
v 1.75 0.38607099652290344 -1.3676190376281738
v 1.75 0.38607099652290344 -0.29824501276016235
v 1.768684983253479 1.7000000476837158 0.10000000149011612
v 1.768684983253479 1.7000000476837158 -0.10000000149011612
v 1.776134967803955 1.7000000476837158 -0.10000000149011612
v 1.776134967803955 1.7000000476837158 0.10000000149011612
v 1.768684983253479 1.7000000476837158 -0.10000000149011612
v 1.768684983253479 1.6152750253677368 -0.10000000149011612
v 1.776134967803955 1.7000000476837158 -0.10000000149011612
v 1.768684983253479 -1.6152750253677368 -0.10000000149011612
v 1.768684983253479 -1.7000000476837158 -0.10000000149011612
v 1.776134967803955 -1.7000000476837158 -0.10000000149011612
v 1.768684983253479 -1.7000000476837158 -0.10000000149011612
v 1.768684983253479 -1.7000000476837158 0.10000000149011612
v 1.776134967803955 -1.7000000476837158 0.10000000149011612
v 1.776134967803955 -1.7000000476837158 -0.10000000149011612
v 1.776134967803955 -1.7000000476837158 0.10000000149011612
v 1.768684983253479 -1.7000000476837158 0.10000000149011612
v 1.768684983253479 -1.6152750253677368 0.10000000149011612
v 1.776134967803955 1.7000000476837158 0.10000000149011612
v 1.768684983253479 1.6152750253677368 0.10000000149011612
v 1.768684983253479 1.7000000476837158 0.10000000149011612
v 1.768684983253479 1.6152750253677368 -0.10000000149011612
v 1.768684983253479 1.7000000476837158 -0.10000000149011612
v 1.768684983253479 1.7000000476837158 0.10000000149011612
v 1.768684983253479 1.6152750253677368 0.10000000149011612
v 1.768684983253479 -1.6152750253677368 0.10000000149011612
v 1.768684983253479 -1.7000000476837158 0.10000000149011612
v 1.768684983253479 -1.7000000476837158 -0.10000000149011612
v 1.768684983253479 -1.6152750253677368 -0.10000000149011612
v 1.7687000036239624 1.7000000476837158 0.8757889866828918
v 1.7687000036239624 1.7000000476837158 0.6757889986038208
v 1.776134967803955 1.7000000476837158 0.6757889986038208
v 1.776134967803955 1.7000000476837158 0.8757889866828918
v 1.7687000036239624 1.7000000476837158 0.6757889986038208
v 1.7687000036239624 1.6154420375823975 0.6757889986038208
v 1.7698509693145752 1.6285370588302612 0.6757889986038208
v 1.776134967803955 1.7000000476837158 0.6757889986038208
v 1.7687000036239624 -1.6154420375823975 0.6757889986038208
v 1.7687000036239624 -1.7000000476837158 0.6757889986038208
v 1.776134967803955 -1.7000000476837158 0.6757889986038208
v 1.7687000036239624 -1.7000000476837158 0.6757889986038208
v 1.7687000036239624 -1.7000000476837158 0.8757889866828918
v 1.776134967803955 -1.7000000476837158 0.8757889866828918
v 1.776134967803955 -1.7000000476837158 0.6757889986038208
v 1.776134967803955 -1.7000000476837158 0.8757889866828918
v 1.7687000036239624 -1.7000000476837158 0.8757889866828918
v 1.7687000036239624 -1.6154420375823975 0.8757889866828918
v 1.7687000036239624 1.7000000476837158 0.8757889866828918
v 1.776134967803955 1.7000000476837158 0.8757889866828918
v 1.7687000036239624 1.6154420375823975 0.8757889866828918
v 1.7687000036239624 1.6154420375823975 0.6757889986038208
v 1.7687000036239624 1.7000000476837158 0.6757889986038208
v 1.7687000036239624 1.7000000476837158 0.8757889866828918
v 1.7687000036239624 1.6154420375823975 0.8757889866828918
v 1.7687000036239624 -1.6154420375823975 0.8757889866828918
v 1.7687000036239624 -1.7000000476837158 0.8757889866828918
v 1.7687000036239624 -1.7000000476837158 0.6757889986038208
v 1.7687000036239624 -1.6154420375823975 0.6757889986038208
vt 0.41232699155807495 0.7700159996747971
vt 0.40360501408576965 0.7786049991846085
vt 0.39322200417518616 0.7682220041751862
vt 0.6067780256271362 0.7682220041751862
vt 0.6067780256271362 0.9817779995501041
vt 0.5963950157165527 0.9713950008153915
vt 0.6066229939460754 0.9613250009715557
vt 0.6066229939460754 0.788674995303154
vt 0.587673008441925 0.7700159996747971
vt 0.39322200417518616 0.9817789997905493
vt 0.39337700605392456 0.788674995303154
vt 0.39337700605392456 0.9613250009715557
vt 0.41232699155807495 0.9799840003252029
vt 0.587673008441925 0.9799840003252029
vt 0.41232699155807495 0.5200160145759583
vt 0.40360501408576965 0.5286050140857697
vt 0.39322200417518616 0.5182220041751862
vt 0.6067780256271362 0.5182220041751862
vt 0.6067780256271362 0.7317779958248138
vt 0.5963950157165527 0.7213949859142303
vt 0.6066229939460754 0.7113249897956848
vt 0.6066229939460754 0.5386750102043152
vt 0.587673008441925 0.5200160145759583
vt 0.39322200417518616 0.7317779958248138
vt 0.39337700605392456 0.5386750102043152
vt 0.39337700605392456 0.7113249897956848
vt 0.41232699155807495 0.7299839854240417
vt 0.587673008441925 0.7299839854240417
vt 0.6536049842834473 0.5286050140857697
vt 0.6432219743728638 0.5182220041751862
vt 0.8567780256271362 0.5182220041751862
vt 0.8567780256271362 0.7317779958248138
vt 0.8463950157165527 0.7213949859142303
vt 0.8566229939460754 0.7113249897956848
vt 0.8566229939460754 0.5386750102043152
vt 0.837673008441925 0.5200160145759583
vt 0.662326991558075 0.5200160145759583
vt 0.6432219743728638 0.7317779958248138
vt 0.6433770060539246 0.5386750102043152
vt 0.6433770060539246 0.7113249897956848
vt 0.662326991558075 0.7299839854240417
vt 0.837673008441925 0.7299839854240417
vt 0.41232699155807495 0.020016014575958252
vt 0.40360501408576965 0.028604984283447266
vt 0.39322200417518616 0.01822197437286377
vt 0.6067780256271362 0.01822197437286377
vt 0.6067780256271362 0.23177802562713623
vt 0.5963950157165527 0.22139501571655273
vt 0.6066229939460754 0.21132498979568481
vt 0.6066229939460754 0.038675010204315186
vt 0.587673008441925 0.020016014575958252
vt 0.587673008441925 0.22998398542404175
vt 0.39322200417518616 0.23177802562713623
vt 0.39337700605392456 0.038675010204315186
vt 0.39337700605392456 0.21132498979568481
vt 0.41232699155807495 0.22998398542404175
vt 0.41232699155807495 0.27001601457595825
vt 0.40360501408576965 0.27860498428344727
vt 0.39322200417518616 0.26822197437286377
vt 0.6067780256271362 0.26822197437286377
vt 0.6067780256271362 0.48177802562713623
vt 0.5963950157165527 0.47139501571655273
vt 0.6066229939460754 0.4613249897956848
vt 0.6066229939460754 0.2886750102043152
vt 0.587673008441925 0.27001601457595825
vt 0.587673008441925 0.47998398542404175
vt 0.39322200417518616 0.48177802562713623
vt 0.39337700605392456 0.2886750102043152
vt 0.39337700605392456 0.4613249897956848
vt 0.41232699155807495 0.47998398542404175
vt 0.125 0.7317779958248138
vt 0.14322200417518616 0.7317779958248138
vt 0.14322200417518616 0.75
vt 0.6067780256271362 0.01822197437286377
vt 0.6067780256271362 0
vt 0.625 0.01822197437286377
vt 0.125 0.5182220041751862
vt 0.14322200417518616 0.5
vt 0.14322200417518616 0.5182220041751862
vt 0.6067780256271362 0.23177802562713623
vt 0.625 0.23177802562713623
vt 0.6067780256271362 0.25
vt 0.35677799582481384 0.7317779958248138
vt 0.375 0.7317779958248138
vt 0.35677799582481384 0.75
vt 0.625 0.7682220041751862
vt 0.6067780256271362 0.7682220041751862
vt 0.6067780256271362 0.75
vt 0.35677799582481384 0.5
vt 0.375 0.5182220041751862
vt 0.35677799582481384 0.5182220041751862
vt 0.6067780256271362 0.48177802562713623
vt 0.625 0.48177802562713623
vt 0.6067780256271362 0.5
vt 0.14322200417518616 0.5182220041751862
vt 0.14322200417518616 0.7317779958248138
vt 0.125 0.7317779958248138
vt 0.125 0.5182220041751862
vt 0.39322200417518616 0
vt 0.6067780256271362 0
vt 0.6067780256271362 0.01822197437286377
vt 0.39322200417518616 0.01822197437286377
vt 0.625 0.01822197437286377
vt 0.625 0.23177802562713623
vt 0.6067780256271362 0.23177802562713623
vt 0.6067780256271362 0.01822197437286377
vt 0.6067780256271362 0.26822197437286377
vt 0.39322200417518616 0.26822197437286377
vt 0.39322200417518616 0.23177802562713623
vt 0.6067780256271362 0.23177802562713623
vt 0.35677799582481384 0.5182220041751862
vt 0.14322200417518616 0.5182220041751862
vt 0.14322200417518616 0.5
vt 0.35677799582481384 0.5
vt 0.625 0.26822197437286377
vt 0.625 0.48177802562713623
vt 0.6067780256271362 0.48177802562713623
vt 0.6067780256271362 0.26822197437286377
vt 0.6067780256271362 0.5182220041751862
vt 0.39322200417518616 0.5182220041751862
vt 0.39322200417518616 0.48177802562713623
vt 0.6067780256271362 0.48177802562713623
vt 0.35677799582481384 0.7317779958248138
vt 0.35677799582481384 0.5182220041751862
vt 0.39322200417518616 0.5182220041751862
vt 0.39322200417518616 0.7317779958248138
vt 0.6432219743728638 0.5182220041751862
vt 0.6432219743728638 0.7317779958248138
vt 0.6067780256271362 0.7317779958248138
vt 0.6067780256271362 0.5182220041751862
vt 0.6067780256271362 0.7682220041751862
vt 0.39322200417518616 0.7682220041751862
vt 0.39322200417518616 0.7317779958248138
vt 0.6067780256271362 0.7317779958248138
vt 0.14322200417518616 0.7317779958248138
vt 0.35677799582481384 0.7317779958248138
vt 0.35677799582481384 0.75
vt 0.14322200417518616 0.75
vt 0.625 0.7682220041751862
vt 0.625 0.9817779995501041
vt 0.6067780256271362 0.9817779995501041
vt 0.6067780256271362 0.7682220041751862
vt 0.14322200417518616 0.5182220041751862
vt 0.35677799582481384 0.5182220041751862
vt 0.35677799582481384 0.7317779958248138
vt 0.34639498591423035 0.7213949859142303
vt 0.35662299394607544 0.7113249897956848
vt 0.35662299394607544 0.5386750102043152
vt 0.33767300844192505 0.5200160145759583
vt 0.16232700645923615 0.5200160145759583
vt 0.15360499918460846 0.5286050140857697
vt 0.14322200417518616 0.7317779958248138
vt 0.14337700605392456 0.5386750102043152
vt 0.14337700605392456 0.7113249897956848
vt 0.16232700645923615 0.7299839854240417
vt 0.33767300844192505 0.7299839854240417
vt 0.39721599221229553 0.7916669994592667
vt 0.39721599221229553 0.9777840003371239
vt 0.6027839779853821 0.9777840003371239
vt 0.6027839779853821 0.7916669994592667
vt 0.8527839779853821 0.7277840077877045
vt 0.8527839779853821 0.5222159922122955
vt 0.6666669845581055 0.5222159922122955
vt 0.6666669845581055 0.7277840077877045
vt 0.39721599221229553 0.22778397798538208
vt 0.6027839779853821 0.22778397798538208
vt 0.5282880067825317 0.22677302360534668
vt 0.4934200048446655 0.22677302360534668
vt 0.6027839779853821 0.02221602201461792
vt 0.39721599221229553 0.02221602201461792
vt 0.4934200048446655 0.1471940279006958
vt 0.5282880067825317 0.1471940279006958
vt 0.6027839779853821 0.45833301544189453
vt 0.6027839779853821 0.2722160220146179
vt 0.39721599221229553 0.2722160220146179
vt 0.39721599221229553 0.45833301544189453
vt 0.14721600711345673 0.75
vt 0.14721600711345673 0.7277840077877045
vt 0.125 0.7277840077877045
vt 0.6027839779853821 0
vt 0.6027839779853821 0.02221602201461792
vt 0.625 0.02221602201461792
vt 0.125 0.5222159922122955
vt 0.14721600711345673 0.5222159922122955
vt 0.14721600711345673 0.5
vt 0.625 0.22778397798538208
vt 0.6027839779853821 0.22778397798538208
vt 0.6027839779853821 0.25
vt 0.14677900075912476 0.6901730000972748
vt 0.14721600711345673 0.7277840077877045
vt 0.14721600711345673 0.5222159922122955
vt 0.125 0.5222159922122955
vt 0.125 0.7277840077877045
vt 0.14058299362659454 0.6901730000972748
vt 0.14058299362659454 0.6752899885177612
vt 0.1405709981918335 0.6324419975280762
vt 0.1405709981918335 0.6175580024719238
vt 0.14677900075912476 0.6175580024719238
vt 0.14677900075912476 0.6324419975280762
vt 0.14677900075912476 0.6752899885177612
vt 0.6027839779853821 0
vt 0.39721599221229553 0
vt 0.39721599221229553 0.02221602201461792
vt 0.6027839779853821 0.02221602201461792
vt 0.625 0.02221602201461792
vt 0.6027839779853821 0.02221602201461792
vt 0.6183670163154602 0.05982702970504761
vt 0.6245629787445068 0.05982702970504761
vt 0.6245629787445068 0.07471001148223877
vt 0.6193270087242126 0.07471001148223877
vt 0.6183549761772156 0.11755800247192383
vt 0.6245629787445068 0.11755800247192383
vt 0.6027839779853821 0.22778397798538208
vt 0.625 0.22778397798538208
vt 0.6245629787445068 0.13244199752807617
vt 0.6183549761772156 0.13244199752807617
vt 0.6183670163154602 0.07471001148223877
vt 0.6027839779853821 0.22778397798538208
vt 0.39721599221229553 0.22778397798538208
vt 0.39721599221229553 0.2722160220146179
vt 0.6027839779853821 0.2722160220146179
vt 0.14721600711345673 0.5
vt 0.14721600711345673 0.5222159922122955
vt 0.33333298563957214 0.5222159922122955
vt 0.33333298563957214 0.5102260112762451
vt 0.33333298563957214 0.5
vt 0.625 0.2722160220146179
vt 0.6027839779853821 0.2722160220146179
vt 0.6027839779853821 0.45833301544189453
vt 0.625 0.45833301544189453
vt 0.14721600711345673 0.7277840077877045
vt 0.14721600711345673 0.75
vt 0.33333298563957214 0.75
vt 0.33333298563957214 0.7277840077877045
vt 0.6027839779853821 0.9777840003371239
vt 0.625 0.9777840003371239
vt 0.625 0.7916669994592667
vt 0.6130099892616272 0.7916669994592667
vt 0.6027839779853821 0.7916669994592667
vt 0.14721600711345673 0.5222159922122955
vt 0.14721600711345673 0.7277840077877045
vt 0.33333298563957214 0.7277840077877045
vt 0.33333298563957214 0.5222159922122955
vt 0.39721599221229553 0.9777840003371239
vt 0.39721599221229553 0.9777840003371239
vt 0.6027839779853821 0.7722160071134567
vt 0.6027839779853821 0.7722160071134567
vt 0.8527839779853821 0.7277840077877045
vt 0.8527839779853821 0.5222159922122955
vt 0.6666669845581055 0.5222159922122955
vt 0.6666669845581055 0.7277840077877045
vt 0.6027839779853821 0.02221602201461792
vt 0.6027839779853821 0.02221602201461792
vt 0.39721599221229553 0.22778397798538208
vt 0.39721599221229553 0.22778397798538208
vt 0.6027839779853821 0.2722160220146179
vt 0.6027839779853821 0.2722160220146179
vt 0.39721599221229553 0.4777839779853821
vt 0.39721599221229553 0.4777839779853821
vt 0.125 0.7277840077877045
vt 0.14721600711345673 0.75
vt 0.14721600711345673 0.7277840077877045
vt 0.625 0.02221602201461792
vt 0.6027839779853821 0
vt 0.6027839779853821 0.02221602201461792
vt 0.14721600711345673 0.5
vt 0.125 0.5222159922122955
vt 0.14721600711345673 0.5222159922122955
vt 0.6027839779853821 0.25
vt 0.625 0.22778397798538208
vt 0.6027839779853821 0.22778397798538208
vt 0.125 0.5222159922122955
vt 0.125 0.7277840077877045
vt 0.14721600711345673 0.7277840077877045
vt 0.14721600711345673 0.5222159922122955
vt 0.6027839779853821 0.02221602201461792
vt 0.6027839779853821 0
vt 0.39721599221229553 0
vt 0.39721599221229553 0.02221602201461792
vt 0.625 0.22778397798538208
vt 0.625 0.02221602201461792
vt 0.6027839779853821 0.02221602201461792
vt 0.6027839779853821 0.22778397798538208
vt 0.6027839779853821 0.2722160220146179
vt 0.6027839779853821 0.22778397798538208
vt 0.39721599221229553 0.22778397798538208
vt 0.39721599221229553 0.2722160220146179
vt 0.14721600711345673 0.5
vt 0.14721600711345673 0.5222159922122955
vt 0.33333298563957214 0.5222159922122955
vt 0.33333298563957214 0.5102260112762451
vt 0.33333298563957214 0.5
vt 0.625 0.2722160220146179
vt 0.6027839779853821 0.2722160220146179
vt 0.6027839779853821 0.45833301544189453
vt 0.625 0.45833301544189453
vt 0.14721600711345673 0.7277840077877045
vt 0.14721600711345673 0.75
vt 0.33333298563957214 0.75
vt 0.33333298563957214 0.7277840077877045
vt 0.6027839779853821 0.9777840003371239
vt 0.625 0.9777840003371239
vt 0.625 0.7916669994592667
vt 0.6130099892616272 0.7916669994592667
vt 0.6027839779853821 0.7916669994592667
vt 0.33333298563957214 0.5222159922122955
vt 0.14721600711345673 0.5222159922122955
vt 0.14721600711345673 0.7277840077877045
vt 0.33333298563957214 0.7277840077877045
vt 0.39721599221229553 0.9777840003371239
vt 0.6027839779853821 0.9777840003371239
vt 0.6027839779853821 0.7916669994592667
vt 0.39721599221229553 0.7916669994592667
vt 0.6666669845581055 0.7277840077877045
vt 0.8527839779853821 0.7277840077877045
vt 0.8527839779853821 0.5222159922122955
vt 0.6666669845581055 0.5222159922122955
vt 0.6027839779853821 0.22778397798538208
vt 0.6027839779853821 0.02221602201461792
vt 0.39721599221229553 0.02221602201461792
vt 0.39721599221229553 0.22778397798538208
vt 0.6027839779853821 0.2722160220146179
vt 0.39721599221229553 0.2722160220146179
vt 0.39721599221229553 0.45833301544189453
vt 0.6027839779853821 0.45833301544189453
vt 0.125 0.7277840077877045
vt 0.14721600711345673 0.75
vt 0.14721600711345673 0.7277840077877045
vt 0.625 0.02221602201461792
vt 0.6027839779853821 0
vt 0.6027839779853821 0.02221602201461792
vt 0.14721600711345673 0.5
vt 0.125 0.5222159922122955
vt 0.14721600711345673 0.5222159922122955
vt 0.6027839779853821 0.25
vt 0.625 0.22778397798538208
vt 0.6027839779853821 0.22778397798538208
vt 0.125 0.5222159922122955
vt 0.125 0.7277840077877045
vt 0.14721600711345673 0.7277840077877045
vt 0.14721600711345673 0.5222159922122955
vt 0.6027839779853821 0.02221602201461792
vt 0.6027839779853821 0
vt 0.39721599221229553 0
vt 0.39721599221229553 0.02221602201461792
vt 0.625 0.22778397798538208
vt 0.625 0.02221602201461792
vt 0.6027839779853821 0.02221602201461792
vt 0.6027839779853821 0.22778397798538208
vt 0.6027839779853821 0.2722160220146179
vt 0.6027839779853821 0.22778397798538208
vt 0.39721599221229553 0.22778397798538208
vt 0.39721599221229553 0.2722160220146179
vt 0.33333298563957214 0.5
vt 0.14721600711345673 0.5
vt 0.14721600711345673 0.5222159922122955
vt 0.33333298563957214 0.5222159922122955
vt 0.33333298563957214 0.5102249979972839
vt 0.625 0.45833301544189453
vt 0.625 0.2722160220146179
vt 0.6027839779853821 0.2722160220146179
vt 0.6027839779853821 0.45833301544189453
vt 0.33333298563957214 0.7277840077877045
vt 0.14721600711345673 0.7277840077877045
vt 0.14721600711345673 0.75
vt 0.33333298563957214 0.75
vt 0.6027839779853821 0.9777840003371239
vt 0.625 0.9777840003371239
vt 0.625 0.7916669994592667
vt 0.613008975982666 0.7916669994592667
vt 0.6027839779853821 0.7916669994592667
vt 0.33333298563957214 0.5222159922122955
vt 0.14721600711345673 0.5222159922122955
vt 0.14721600711345673 0.7277840077877045
vt 0.33333298563957214 0.7277840077877045
vt 0.6027839779853821 0.7722160071134567
vt 0.39721599221229553 0.9777840003371239
vt 0.39721599221229553 0.9777840003371239
vt 0.6027839779853821 0.7722160071134567
vt 0.39721599221229553 0.7277840077877045
vt 0.39721599221229553 0.7277840077877045
vt 0.6027839779853821 0.5222159922122955
vt 0.6027839779853821 0.5222159922122955
vt 0.8333330154418945 0.5222159922122955
vt 0.6472160220146179 0.5222159922122955
vt 0.6472160220146179 0.7277840077877045
vt 0.8333330154418945 0.7277840077877045
vt 0.39721599221229553 0.4777839779853821
vt 0.6027839779853821 0.2722160220146179
vt 0.6027839779853821 0.2722160220146179
vt 0.39721599221229553 0.4777839779853821
vt 0.375 0.7277840077877045
vt 0.35278400778770447 0.7277840077877045
vt 0.35278400778770447 0.75
vt 0.625 0.7722160071134567
vt 0.6027839779853821 0.75
vt 0.6027839779853821 0.7722160071134567
vt 0.35278400778770447 0.5
vt 0.35278400778770447 0.5222159922122955
vt 0.375 0.5222159922122955
vt 0.6027839779853821 0.4777839779853821
vt 0.6027839779853821 0.5
vt 0.625 0.4777839779853821
vt 0.16666699945926666 0.5222159922122955
vt 0.35278400778770447 0.5222159922122955
vt 0.35278400778770447 0.5
vt 0.16666699945926666 0.5
vt 0.6027839779853821 0.4777839779853821
vt 0.625 0.4777839779853821
vt 0.625 0.29166698455810547
vt 0.6130099892616272 0.29166698455810547
vt 0.6027839779853821 0.29166698455810547
vt 0.6027839779853821 0.4777839779853821
vt 0.39721599221229553 0.4777839779853821
vt 0.39721599221229553 0.5222159922122955
vt 0.6027839779853821 0.5222159922122955
vt 0.39721599221229553 0.5222159922122955
vt 0.35278400778770447 0.5222159922122955
vt 0.35278400778770447 0.7277840077877045
vt 0.39721599221229553 0.7277840077877045
vt 0.6472160220146179 0.5222159922122955
vt 0.6027839779853821 0.5222159922122955
vt 0.6027839779853821 0.7277840077877045
vt 0.6472160220146179 0.7277840077877045
vt 0.6027839779853821 0.7277840077877045
vt 0.39721599221229553 0.7277840077877045
vt 0.39721599221229553 0.7722160071134567
vt 0.6027839779853821 0.7722160071134567
vt 0.16666699945926666 0.75
vt 0.35278400778770447 0.75
vt 0.35278400778770447 0.7277840077877045
vt 0.16666699945926666 0.7277840077877045
vt 0.16666699945926666 0.7397739887237549
vt 0.625 0.9583330005407333
vt 0.625 0.7722160071134567
vt 0.6027839779853821 0.7722160071134567
vt 0.6027839779853821 0.9583330005407333
vt 0.16666699945926666 0.7277840077877045
vt 0.35278400778770447 0.7277840077877045
vt 0.35278400778770447 0.5222159922122955
vt 0.16666699945926666 0.5222159922122955
vt 0.6027839779853821 0.7722160071134567
vt 0.39721599221229553 0.7722160071134567
vt 0.39721599221229553 0.9583330005407333
vt 0.6027839779853821 0.9583330005407333
vt 0.39721599221229553 0.5222159922122955
vt 0.39721599221229553 0.7277840077877045
vt 0.39721599221229553 0.7277840077877045
vt 0.39721599221229553 0.5222159922122955
vt 0.6472160220146179 0.5222159922122955
vt 0.6472160220146179 0.7277840077877045
vt 0.6472160220146179 0.7277840077877045
vt 0.6472160220146179 0.5222159922122955
vt 0.39721599221229553 0.29166698455810547
vt 0.39721599221229553 0.4777839779853821
vt 0.6027839779853821 0.4777839779853821
vt 0.6027839779853821 0.29166698455810547
vt 0.35278400778770447 0.7277840077877045
vt 0.35278400778770447 0.75
vt 0.375 0.7277840077877045
vt 0.6027839779853821 0.75
vt 0.6027839779853821 0.7722160071134567
vt 0.625 0.7722160071134567
vt 0.35278400778770447 0.5222159922122955
vt 0.375 0.5222159922122955
vt 0.35278400778770447 0.5
vt 0.6027839779853821 0.4777839779853821
vt 0.6027839779853821 0.5
vt 0.625 0.4777839779853821
vt 0.16666699945926666 0.5222159922122955
vt 0.35278400778770447 0.5222159922122955
vt 0.35278400778770447 0.5
vt 0.16666699945926666 0.5
vt 0.6027839779853821 0.29166698455810547
vt 0.6027839779853821 0.4777839779853821
vt 0.625 0.4777839779853821
vt 0.625 0.29166698455810547
vt 0.6130099892616272 0.29166698455810547
vt 0.39721599221229553 0.4777839779853821
vt 0.39721599221229553 0.5222159922122955
vt 0.6027839779853821 0.5222159922122955
vt 0.6027839779853821 0.4777839779853821
vt 0.35278400778770447 0.5222159922122955
vt 0.35278400778770447 0.7277840077877045
vt 0.39721599221229553 0.7277840077877045
vt 0.39721599221229553 0.5222159922122955
vt 0.6027839779853821 0.5222159922122955
vt 0.6027839779853821 0.7277840077877045
vt 0.6472160220146179 0.7277840077877045
vt 0.6472160220146179 0.5222159922122955
vt 0.39721599221229553 0.7277840077877045
vt 0.39721599221229553 0.7722160071134567
vt 0.6027839779853821 0.7722160071134567
vt 0.6027839779853821 0.7277840077877045
vt 0.35278400778770447 0.75
vt 0.35278400778770447 0.7277840077877045
vt 0.16666699945926666 0.7277840077877045
vt 0.16666699945926666 0.7397739887237549
vt 0.16666699945926666 0.75
vt 0.625 0.7722160071134567
vt 0.6027839779853821 0.7722160071134567
vt 0.6027839779853821 0.9583330005407333
vt 0.625 0.9583330005407333
vt 0.14721600711345673 0.7277840077877045
vt 0.14721600711345673 0.7277840077877045
vt 0.14721600711345673 0.5222159922122955
vt 0.14721600711345673 0.5222159922122955
vt 0.39721599221229553 0.7916669994592667
vt 0.39721599221229553 0.9777840003371239
vt 0.6027839779853821 0.9777840003371239
vt 0.6027839779853821 0.7916669994592667
vt 0.6472160220146179 0.7277840077877045
vt 0.6472160220146179 0.7277840077877045
vt 0.6472160220146179 0.5222159922122955
vt 0.6472160220146179 0.5222159922122955
vt 0.39721599221229553 0.02221602201461792
vt 0.39721599221229553 0.22778397798538208
vt 0.39721599221229553 0.22778397798538208
vt 0.39721599221229553 0.02221602201461792
vt 0.6027839779853821 0.45833301544189453
vt 0.6027839779853821 0.2722160220146179
vt 0.39721599221229553 0.2722160220146179
vt 0.39721599221229553 0.45833301544189453
vt 0.14721600711345673 0.7277840077877045
vt 0.125 0.7277840077877045
vt 0.14721600711345673 0.75
vt 0.6027839779853821 0.02221602201461792
vt 0.625 0.02221602201461792
vt 0.6027839779853821 0
vt 0.14721600711345673 0.5222159922122955
vt 0.14721600711345673 0.5
vt 0.125 0.5222159922122955
vt 0.6027839779853821 0.25
vt 0.625 0.22778397798538208
vt 0.6027839779853821 0.22778397798538208
vt 0.14721600711345673 0.5222159922122955
vt 0.125 0.5222159922122955
vt 0.125 0.7277840077877045
vt 0.14721600711345673 0.7277840077877045
vt 0.39721599221229553 0
vt 0.39721599221229553 0.02221602201461792
vt 0.6027839779853821 0.02221602201461792
vt 0.6027839779853821 0
vt 0.6027839779853821 0.22778397798538208
vt 0.625 0.22778397798538208
vt 0.625 0.02221602201461792
vt 0.6027839779853821 0.02221602201461792
vt 0.39721599221229553 0.22778397798538208
vt 0.39721599221229553 0.2722160220146179
vt 0.6027839779853821 0.2722160220146179
vt 0.6027839779853821 0.22778397798538208
vt 0.33333298563957214 0.5
vt 0.14721600711345673 0.5
vt 0.14721600711345673 0.5222159922122955
vt 0.33333298563957214 0.5222159922122955
vt 0.33333298563957214 0.5102260112762451
vt 0.625 0.45833301544189453
vt 0.625 0.2722160220146179
vt 0.6027839779853821 0.2722160220146179
vt 0.6027839779853821 0.45833301544189453
vt 0.33333298563957214 0.7277840077877045
vt 0.14721600711345673 0.7277840077877045
vt 0.14721600711345673 0.75
vt 0.33333298563957214 0.75
vt 0.6027839779853821 0.9777840003371239
vt 0.625 0.9777840003371239
vt 0.625 0.7916669994592667
vt 0.6130099892616272 0.7916669994592667
vt 0.6027839779853821 0.7916669994592667
vt 0.14721600711345673 0.5222159922122955
vt 0.14721600711345673 0.5222159922122955
vt 0.14721600711345673 0.7277840077877045
vt 0.14721600711345673 0.7277840077877045
vt 0.625 0
vt 0.375 0
vt 0.375 0.25
vt 0.625 0.25
vt 0.625 0.4215329885482788
vt 0.625 0.25
vt 0.375 0.25
vt 0.375 0.4215329885482788
vt 0.375 0.82846699655056
vt 0.375 1
vt 0.625 1
vt 0.625 0.82846699655056
vt 0.125 0.5
vt 0.125 0.75
vt 0.2965329885482788 0.75
vt 0.2965329885482788 0.5
vt 0.875 0.75
vt 0.875 0.5
vt 0.7034670114517212 0.5
vt 0.7034670114517212 0.75
vt 0.375 0
vt 0.375 0.25
vt 0.375 0.25
vt 0.375 0
vt 0.375 0.25
vt 0.375 0.2562299966812134
vt 0.3843120038509369 0.25
vt 0.375 0.4937700033187866
vt 0.375 0.5
vt 0.3843120038509369 0.5
vt 0.375 0.5
vt 0.375 0.75
vt 0.375 0.75
vt 0.375 0.5
vt 0.3843120038509369 0.75
vt 0.375 0.75
vt 0.375 0.7562299966812134
vt 0.3843120038509369 1
vt 0.375 0.9937700000591576
vt 0.375 1
vt 0.125 0.5
vt 0.125 0.5
vt 0.125 0.75
vt 0.125 0.75
vt 0.125 0.75
vt 0.125 0.75
vt 0.125 0.5
vt 0.125 0.5
vt 0.375 0
vt 0.375 0.25
vt 0.375 0.25
vt 0.375 0
vt 0.375 0.25
vt 0.375 0.25621700286865234
vt 0.37643900513648987 0.25525498390197754
vt 0.3842940032482147 0.25
vt 0.375 0.4937819838523865
vt 0.375 0.5
vt 0.3842940032482147 0.5
vt 0.375 0.5
vt 0.375 0.75
vt 0.375 0.75
vt 0.375 0.5
vt 0.3842940032482147 0.75
vt 0.375 0.75
vt 0.375 0.7562170028686523
vt 0.375 1
vt 0.3842940032482147 1
vt 0.375 0.9937829999253154
vt 0.125 0.5
vt 0.125 0.5
vt 0.125 0.75
vt 0.125 0.75
vt 0.125 0.75
vt 0.125 0.75
vt 0.125 0.5
vt 0.125 0.5
vn 0 0 1
vn 0 0 1
vn 0 0 1
vn 0 0 1
vn 0 0 1
vn 0 0 1
vn 0 0 1
vn 0 0 1
vn 0 0 1
vn 0 0 1
vn 0 0 1
vn 0 0 1
vn 0 0 1
vn 0 0 1
vn 1 0 0
vn 1 0 0
vn 1 0 0
vn 1 0 0
vn 1 0 0
vn 1 0 0
vn 1 0 0
vn 1 0 0
vn 1 0 0
vn 1 0 0
vn 1 0 0
vn 1 0 0
vn 1 0 0
vn 1 0 0
vn 0 1 0
vn 0 1 0
vn 0 1 0
vn 0 1 0
vn 0 1 0
vn 0 1 0
vn 0 1 0
vn 0 1 0
vn 0 1 0
vn 0 1 0
vn 0 1 0
vn 0 1 0
vn 0 1 0
vn 0 1 0
vn -1 0 0
vn -1 0 0
vn -1 0 0
vn -1 0 0
vn -1 0 0
vn -1 0 0
vn -1 0 0
vn -1 0 0
vn -1 0 0
vn -1 0 0
vn -1 0 0
vn -1 0 0
vn -1 0 0
vn -1 0 0
vn 0 0 -1
vn 0 0 -1
vn 0 0 -1
vn 0 0 -1
vn 0 0 -1
vn 0 0 -1
vn 0 0 -1
vn 0 0 -1
vn 0 0 -1
vn 0 0 -1
vn 0 0 -1
vn 0 0 -1
vn 0 0 -1
vn 0 0 -1
vn -0.5773502691896257 -0.5773502691896257 0.5773502691896257
vn -0.5773502691896257 -0.5773502691896257 0.5773502691896257
vn -0.5773502691896257 -0.5773502691896257 0.5773502691896257
vn -0.5773502691896257 0.5773502691896257 0.5773502691896257
vn -0.5773502691896257 0.5773502691896257 0.5773502691896257
vn -0.5773502691896257 0.5773502691896257 0.5773502691896257
vn -0.5773502691896257 -0.5773502691896257 -0.5773502691896257
vn -0.5773502691896257 -0.5773502691896257 -0.5773502691896257
vn -0.5773502691896257 -0.5773502691896257 -0.5773502691896257
vn -0.5773502691896257 0.5773502691896257 -0.5773502691896257
vn -0.5773502691896257 0.5773502691896257 -0.5773502691896257
vn -0.5773502691896257 0.5773502691896257 -0.5773502691896257
vn 0.5773502691896257 -0.5773502691896257 0.5773502691896257
vn 0.5773502691896257 -0.5773502691896257 0.5773502691896257
vn 0.5773502691896257 -0.5773502691896257 0.5773502691896257
vn 0.5773502691896257 0.5773502691896257 0.5773502691896257
vn 0.5773502691896257 0.5773502691896257 0.5773502691896257
vn 0.5773502691896257 0.5773502691896257 0.5773502691896257
vn 0.5773502691896257 -0.5773502691896257 -0.5773502691896257
vn 0.5773502691896257 -0.5773502691896257 -0.5773502691896257
vn 0.5773502691896257 -0.5773502691896257 -0.5773502691896257
vn 0.5773502691896257 0.5773502691896257 -0.5773502691896257
vn 0.5773502691896257 0.5773502691896257 -0.5773502691896257
vn 0.5773502691896257 0.5773502691896257 -0.5773502691896257
vn -0.7071067811865476 -0.7071067811865476 0
vn -0.7071067811865476 -0.7071067811865476 0
vn -0.7071067811865476 -0.7071067811865476 0
vn -0.7071067811865476 -0.7071067811865476 0
vn -0.7071067811865476 0 0.7071067811865476
vn -0.7071067811865476 0 0.7071067811865476
vn -0.7071067811865476 0 0.7071067811865476
vn -0.7071067811865476 0 0.7071067811865476
vn -0.7071067811865476 0.7071067811865476 0
vn -0.7071067811865476 0.7071067811865476 0
vn -0.7071067811865476 0.7071067811865476 0
vn -0.7071067811865476 0.7071067811865476 0
vn -0.7071067811865476 0 -0.7071067811865476
vn -0.7071067811865476 0 -0.7071067811865476
vn -0.7071067811865476 0 -0.7071067811865476
vn -0.7071067811865476 0 -0.7071067811865476
vn 0 -0.7071067811865476 -0.7071067811865476
vn 0 -0.7071067811865476 -0.7071067811865476
vn 0 -0.7071067811865476 -0.7071067811865476
vn 0 -0.7071067811865476 -0.7071067811865476
vn 0 0.7071067811865476 -0.7071067811865476
vn 0 0.7071067811865476 -0.7071067811865476
vn 0 0.7071067811865476 -0.7071067811865476
vn 0 0.7071067811865476 -0.7071067811865476
vn 0.7071067811865476 0 -0.7071067811865476
vn 0.7071067811865476 0 -0.7071067811865476
vn 0.7071067811865476 0 -0.7071067811865476
vn 0.7071067811865476 0 -0.7071067811865476
vn 0.7071067811865476 -0.7071067811865476 0
vn 0.7071067811865476 -0.7071067811865476 0
vn 0.7071067811865476 -0.7071067811865476 0
vn 0.7071067811865476 -0.7071067811865476 0
vn 0.7071067811865476 0.7071067811865476 0
vn 0.7071067811865476 0.7071067811865476 0
vn 0.7071067811865476 0.7071067811865476 0
vn 0.7071067811865476 0.7071067811865476 0
vn 0.7071067811865476 0 0.7071067811865476
vn 0.7071067811865476 0 0.7071067811865476
vn 0.7071067811865476 0 0.7071067811865476
vn 0.7071067811865476 0 0.7071067811865476
vn 0 -0.7071067811865476 0.7071067811865476
vn 0 -0.7071067811865476 0.7071067811865476
vn 0 -0.7071067811865476 0.7071067811865476
vn 0 -0.7071067811865476 0.7071067811865476
vn 0 0.7071067811865476 0.7071067811865476
vn 0 0.7071067811865476 0.7071067811865476
vn 0 0.7071067811865476 0.7071067811865476
vn 0 0.7071067811865476 0.7071067811865476
vn 0 -1 0
vn 0 -1 0
vn 0 -1 0
vn 0 -1 0
vn 0 -1 0
vn 0 -1 0
vn 0 -1 0
vn 0 -1 0
vn 0 -1 0
vn 0 -1 0
vn 0 -1 0
vn 0 -1 0
vn 0 -1 0
vn 0 -1 0
vn 0 0 -1
vn 0 0 -1
vn 0 0 -1
vn 0 0 -1
vn 0 -1 0
vn 0 -1 0
vn 0 -1 0
vn 0 -1 0
vn 1 0 0
vn 1 0 0
vn 1 0 0
vn 1 0 0
vn 1 0 0
vn 1 0 0
vn 1 0 0
vn 1 0 0
vn 0 0 1
vn 0 0 1
vn 0 0 1
vn 0 0 1
vn 0.9922423500533307 0.08720371993294095 -0.08860378090409456
vn 0.9922423500533307 0.08720371993294095 -0.08860378090409456
vn 0.9922423500533307 0.08720371993294095 -0.08860378090409456
vn 0.9922423500533307 -0.08720371993294095 -0.08860378090409456
vn 0.9922423500533307 -0.08720371993294095 -0.08860378090409456
vn 0.9922423500533307 -0.08720371993294095 -0.08860378090409456
vn 0.9922423500533307 0.08720371993294095 0.08860378090409456
vn 0.9922423500533307 0.08720371993294095 0.08860378090409456
vn 0.9922423500533307 0.08720371993294095 0.08860378090409456
vn 0.9922423500533307 -0.08720371993294095 0.08860378090409456
vn 0.9922423500533307 -0.08720371993294095 0.08860378090409456
vn 0.9922423500533307 -0.08720371993294095 0.08860378090409456
vn 0.9961560703617891 0.08759613850712017 0
vn 0.9961560703617891 0.08759613850712017 0
vn 0.9961560703617891 0.08759613850712017 0
vn 0.9961560703617891 0.08759613850712017 0
vn 0.9961560703617891 0.08759613850712017 0
vn 0.9961560703617891 0.08759613850712017 0
vn 0.9961560703617891 0.08759613850712017 0
vn 0.9961560703617891 0.08759613850712017 0
vn 0.9961560703617891 0.08759613850712017 0
vn 0.9961560703617891 0.08759613850712017 0
vn 0.9961560703617891 0.08759613850712017 0
vn 0.9961560703617891 0.08759613850712017 0
vn 0.9960402357986559 0 -0.08890359199806479
vn 0.9960402357986559 0 -0.08890359199806479
vn 0.9960402357986559 0 -0.08890359199806479
vn 0.9960402357986559 0 -0.08890359199806479
vn 0.9961560703617891 -0.08759613850712017 0
vn 0.9961560703617891 -0.08759613850712017 0
vn 0.9961560703617891 -0.08759613850712017 0
vn 0.9961560703617891 -0.08759613850712017 0
vn 0.9961560703617891 -0.08759613850712017 0
vn 0.9961560703617891 -0.08759613850712017 0
vn 0.9961560703617891 -0.08759613850712017 0
vn 0.9961560703617891 -0.08759613850712017 0
vn 0.9961560703617891 -0.08759613850712017 0
vn 0.9961560703617891 -0.08759613850712017 0
vn 0.9961560703617891 -0.08759613850712017 0
vn 0.9961560703617891 -0.08759613850712017 0
vn 0.9961560703617891 -0.08759613850712017 0
vn 0.9960402357986559 0 0.08890359199806479
vn 0.9960402357986559 0 0.08890359199806479
vn 0.9960402357986559 0 0.08890359199806479
vn 0.9960402357986559 0 0.08890359199806479
vn 0 0.7015855223821917 0.7125852614134724
vn 0 0.7015855223821917 0.7125852614134724
vn 0 0.7015855223821917 0.7125852614134724
vn 0 0.7015855223821917 0.7125852614134724
vn 0 0.7015855223821917 0.7125852614134724
vn 0 -0.7015855223821917 0.7125852614134724
vn 0 -0.7015855223821917 0.7125852614134724
vn 0 -0.7015855223821917 0.7125852614134724
vn 0 -0.7015855223821917 0.7125852614134724
vn 0 0.7015855223821917 -0.7125852614134724
vn 0 0.7015855223821917 -0.7125852614134724
vn 0 0.7015855223821917 -0.7125852614134724
vn 0 0.7015855223821917 -0.7125852614134724
vn 0 -0.7015855223821917 -0.7125852614134724
vn 0 -0.7015855223821917 -0.7125852614134724
vn 0 -0.7015855223821917 -0.7125852614134724
vn 0 -0.7015855223821917 -0.7125852614134724
vn 0 -0.7015855223821917 -0.7125852614134724
vn 0 1 0
vn 0 1 0
vn 0 1 0
vn 0 1 0
vn -1 0 0
vn -1 0 0
vn -1 0 0
vn -1 0 0
vn 0 -1 0
vn 0 -1 0
vn 0 -1 0
vn 0 -1 0
vn 0 0 -1
vn 0 0 -1
vn 0 0 -1
vn 0 0 -1
vn 1 0 0
vn 1 0 0
vn 1 0 0
vn 1 0 0
vn -0.08860378090409456 0.08720371993294095 -0.9922423500533307
vn -0.08860378090409456 0.08720371993294095 -0.9922423500533307
vn -0.08860378090409456 0.08720371993294095 -0.9922423500533307
vn -0.08860378090409456 -0.08720371993294095 -0.9922423500533307
vn -0.08860378090409456 -0.08720371993294095 -0.9922423500533307
vn -0.08860378090409456 -0.08720371993294095 -0.9922423500533307
vn 0.08860378090409456 0.08720371993294095 -0.9922423500533307
vn 0.08860378090409456 0.08720371993294095 -0.9922423500533307
vn 0.08860378090409456 0.08720371993294095 -0.9922423500533307
vn 0.08860378090409456 -0.08720371993294095 -0.9922423500533307
vn 0.08860378090409456 -0.08720371993294095 -0.9922423500533307
vn 0.08860378090409456 -0.08720371993294095 -0.9922423500533307
vn 0 0.08759613850712017 -0.9961560703617891
vn 0 0.08759613850712017 -0.9961560703617891
vn 0 0.08759613850712017 -0.9961560703617891
vn 0 0.08759613850712017 -0.9961560703617891
vn -0.08890359199806479 0 -0.9960402357986559
vn -0.08890359199806479 0 -0.9960402357986559
vn -0.08890359199806479 0 -0.9960402357986559
vn -0.08890359199806479 0 -0.9960402357986559
vn 0 -0.08759613850712017 -0.9961560703617891
vn 0 -0.08759613850712017 -0.9961560703617891
vn 0 -0.08759613850712017 -0.9961560703617891
vn 0 -0.08759613850712017 -0.9961560703617891
vn 0.08890359199806479 0 -0.9960402357986559
vn 0.08890359199806479 0 -0.9960402357986559
vn 0.08890359199806479 0 -0.9960402357986559
vn 0.08890359199806479 0 -0.9960402357986559
vn 0.7125852614134724 0.7015855223821917 0
vn 0.7125852614134724 0.7015855223821917 0
vn 0.7125852614134724 0.7015855223821917 0
vn 0.7125852614134724 0.7015855223821917 0
vn 0.7125852614134724 0.7015855223821917 0
vn 0.7125852614134724 -0.7015855223821917 0
vn 0.7125852614134724 -0.7015855223821917 0
vn 0.7125852614134724 -0.7015855223821917 0
vn 0.7125852614134724 -0.7015855223821917 0
vn -0.7125852614134724 0.7015855223821917 0
vn -0.7125852614134724 0.7015855223821917 0
vn -0.7125852614134724 0.7015855223821917 0
vn -0.7125852614134724 0.7015855223821917 0
vn -0.7125852614134724 -0.7015855223821917 0
vn -0.7125852614134724 -0.7015855223821917 0
vn -0.7125852614134724 -0.7015855223821917 0
vn -0.7125852614134724 -0.7015855223821917 0
vn -0.7125852614134724 -0.7015855223821917 0
vn 0 1 0
vn 0 1 0
vn 0 1 0
vn 0 1 0
vn 0 0 1
vn 0 0 1
vn 0 0 1
vn 0 0 1
vn 0 -1 0
vn 0 -1 0
vn 0 -1 0
vn 0 -1 0
vn -1 0 0
vn -1 0 0
vn -1 0 0
vn -1 0 0
vn 0 0 -1
vn 0 0 -1
vn 0 0 -1
vn 0 0 -1
vn -0.9922423500533307 0.08720371993294095 0.08860378090409456
vn -0.9922423500533307 0.08720371993294095 0.08860378090409456
vn -0.9922423500533307 0.08720371993294095 0.08860378090409456
vn -0.9922423500533307 -0.08720371993294095 0.08860378090409456
vn -0.9922423500533307 -0.08720371993294095 0.08860378090409456
vn -0.9922423500533307 -0.08720371993294095 0.08860378090409456
vn -0.9922423500533307 0.08720371993294095 -0.08860378090409456
vn -0.9922423500533307 0.08720371993294095 -0.08860378090409456
vn -0.9922423500533307 0.08720371993294095 -0.08860378090409456
vn -0.9922423500533307 -0.08720371993294095 -0.08860378090409456
vn -0.9922423500533307 -0.08720371993294095 -0.08860378090409456
vn -0.9922423500533307 -0.08720371993294095 -0.08860378090409456
vn -0.9961560703617891 0.08759613850712017 0
vn -0.9961560703617891 0.08759613850712017 0
vn -0.9961560703617891 0.08759613850712017 0
vn -0.9961560703617891 0.08759613850712017 0
vn -0.9960402357986559 0 0.08890359199806479
vn -0.9960402357986559 0 0.08890359199806479
vn -0.9960402357986559 0 0.08890359199806479
vn -0.9960402357986559 0 0.08890359199806479
vn -0.9961560703617891 -0.08759613850712017 0
vn -0.9961560703617891 -0.08759613850712017 0
vn -0.9961560703617891 -0.08759613850712017 0
vn -0.9961560703617891 -0.08759613850712017 0
vn -0.9960402357986559 0 -0.08890359199806479
vn -0.9960402357986559 0 -0.08890359199806479
vn -0.9960402357986559 0 -0.08890359199806479
vn -0.9960402357986559 0 -0.08890359199806479
vn 0 0.7015855223821917 -0.7125852614134724
vn 0 0.7015855223821917 -0.7125852614134724
vn 0 0.7015855223821917 -0.7125852614134724
vn 0 0.7015855223821917 -0.7125852614134724
vn 0 0.7015855223821917 -0.7125852614134724
vn 0 -0.7015855223821917 -0.7125852614134724
vn 0 -0.7015855223821917 -0.7125852614134724
vn 0 -0.7015855223821917 -0.7125852614134724
vn 0 -0.7015855223821917 -0.7125852614134724
vn 0 0.7015855223821917 0.7125852614134724
vn 0 0.7015855223821917 0.7125852614134724
vn 0 0.7015855223821917 0.7125852614134724
vn 0 0.7015855223821917 0.7125852614134724
vn 0 -0.7015855223821917 0.7125852614134724
vn 0 -0.7015855223821917 0.7125852614134724
vn 0 -0.7015855223821917 0.7125852614134724
vn 0 -0.7015855223821917 0.7125852614134724
vn 0 -0.7015855223821917 0.7125852614134724
vn 0 1 0
vn 0 1 0
vn 0 1 0
vn 0 1 0
vn -1 0 0
vn -1 0 0
vn -1 0 0
vn -1 0 0
vn 0 0 1
vn 0 0 1
vn 0 0 1
vn 0 0 1
vn 0 -1 0
vn 0 -1 0
vn 0 -1 0
vn 0 -1 0
vn 1 0 0
vn 1 0 0
vn 1 0 0
vn 1 0 0
vn -0.08860378090409456 0.08720371993294095 0.9922423500533307
vn -0.08860378090409456 0.08720371993294095 0.9922423500533307
vn -0.08860378090409456 0.08720371993294095 0.9922423500533307
vn -0.08860378090409456 -0.08720371993294095 0.9922423500533307
vn -0.08860378090409456 -0.08720371993294095 0.9922423500533307
vn -0.08860378090409456 -0.08720371993294095 0.9922423500533307
vn 0.08860378090409456 0.08720371993294095 0.9922423500533307
vn 0.08860378090409456 0.08720371993294095 0.9922423500533307
vn 0.08860378090409456 0.08720371993294095 0.9922423500533307
vn 0.08860378090409456 -0.08720371993294095 0.9922423500533307
vn 0.08860378090409456 -0.08720371993294095 0.9922423500533307
vn 0.08860378090409456 -0.08720371993294095 0.9922423500533307
vn 0.7125852614134724 0.7015855223821917 0
vn 0.7125852614134724 0.7015855223821917 0
vn 0.7125852614134724 0.7015855223821917 0
vn 0.7125852614134724 0.7015855223821917 0
vn 0.7125852614134724 -0.7015855223821917 0
vn 0.7125852614134724 -0.7015855223821917 0
vn 0.7125852614134724 -0.7015855223821917 0
vn 0.7125852614134724 -0.7015855223821917 0
vn 0.7125852614134724 -0.7015855223821917 0
vn 0.08890359199806479 0 0.9960402357986559
vn 0.08890359199806479 0 0.9960402357986559
vn 0.08890359199806479 0 0.9960402357986559
vn 0.08890359199806479 0 0.9960402357986559
vn 0 0.08759613850712017 0.9961560703617891
vn 0 0.08759613850712017 0.9961560703617891
vn 0 0.08759613850712017 0.9961560703617891
vn 0 0.08759613850712017 0.9961560703617891
vn 0 -0.08759613850712017 0.9961560703617891
vn 0 -0.08759613850712017 0.9961560703617891
vn 0 -0.08759613850712017 0.9961560703617891
vn 0 -0.08759613850712017 0.9961560703617891
vn -0.08890359199806479 0 0.9960402357986559
vn -0.08890359199806479 0 0.9960402357986559
vn -0.08890359199806479 0 0.9960402357986559
vn -0.08890359199806479 0 0.9960402357986559
vn -0.7125852614134724 0.7015855223821917 0
vn -0.7125852614134724 0.7015855223821917 0
vn -0.7125852614134724 0.7015855223821917 0
vn -0.7125852614134724 0.7015855223821917 0
vn -0.7125852614134724 0.7015855223821917 0
vn -0.7125852614134724 -0.7015855223821917 0
vn -0.7125852614134724 -0.7015855223821917 0
vn -0.7125852614134724 -0.7015855223821917 0
vn -0.7125852614134724 -0.7015855223821917 0
vn 0 1 0
vn 0 1 0
vn 0 1 0
vn 0 1 0
vn 0 0 -1
vn 0 0 -1
vn 0 0 -1
vn 0 0 -1
vn 0 1 0
vn 0 1 0
vn 0 1 0
vn 0 1 0
vn -1 0 0
vn -1 0 0
vn -1 0 0
vn -1 0 0
vn 0 0 1
vn 0 0 1
vn 0 0 1
vn 0 0 1
vn 0.08720371993294095 0.9922423500533307 -0.08860378090409456
vn 0.08720371993294095 0.9922423500533307 -0.08860378090409456
vn 0.08720371993294095 0.9922423500533307 -0.08860378090409456
vn -0.08720371993294095 0.9922423500533307 -0.08860378090409456
vn -0.08720371993294095 0.9922423500533307 -0.08860378090409456
vn -0.08720371993294095 0.9922423500533307 -0.08860378090409456
vn 0.08720371993294095 0.9922423500533307 0.08860378090409456
vn 0.08720371993294095 0.9922423500533307 0.08860378090409456
vn 0.08720371993294095 0.9922423500533307 0.08860378090409456
vn -0.08720371993294095 0.9922423500533307 0.08860378090409456
vn -0.08720371993294095 0.9922423500533307 0.08860378090409456
vn -0.08720371993294095 0.9922423500533307 0.08860378090409456
vn 0.7015855223821917 0 0.7125852614134724
vn 0.7015855223821917 0 0.7125852614134724
vn 0.7015855223821917 0 0.7125852614134724
vn 0.7015855223821917 0 0.7125852614134724
vn -0.7015855223821917 0 0.7125852614134724
vn -0.7015855223821917 0 0.7125852614134724
vn -0.7015855223821917 0 0.7125852614134724
vn -0.7015855223821917 0 0.7125852614134724
vn -0.7015855223821917 0 0.7125852614134724
vn 0 0.9960402357986559 0.08890359199806479
vn 0 0.9960402357986559 0.08890359199806479
vn 0 0.9960402357986559 0.08890359199806479
vn 0 0.9960402357986559 0.08890359199806479
vn 0.08759613850712017 0.9961560703617891 0
vn 0.08759613850712017 0.9961560703617891 0
vn 0.08759613850712017 0.9961560703617891 0
vn 0.08759613850712017 0.9961560703617891 0
vn -0.08759613850712017 0.9961560703617891 0
vn -0.08759613850712017 0.9961560703617891 0
vn -0.08759613850712017 0.9961560703617891 0
vn -0.08759613850712017 0.9961560703617891 0
vn 0 0.9960402357986559 -0.08890359199806479
vn 0 0.9960402357986559 -0.08890359199806479
vn 0 0.9960402357986559 -0.08890359199806479
vn 0 0.9960402357986559 -0.08890359199806479
vn 0.7015855223821917 0 -0.7125852614134724
vn 0.7015855223821917 0 -0.7125852614134724
vn 0.7015855223821917 0 -0.7125852614134724
vn 0.7015855223821917 0 -0.7125852614134724
vn 0.7015855223821917 0 -0.7125852614134724
vn -0.7015855223821917 0 -0.7125852614134724
vn -0.7015855223821917 0 -0.7125852614134724
vn -0.7015855223821917 0 -0.7125852614134724
vn -0.7015855223821917 0 -0.7125852614134724
vn 1 0 0
vn 1 0 0
vn 1 0 0
vn 1 0 0
vn 0 0 -1
vn 0 0 -1
vn 0 0 -1
vn 0 0 -1
vn -1 0 0
vn -1 0 0
vn -1 0 0
vn -1 0 0
vn 0 -1 0
vn 0 -1 0
vn 0 -1 0
vn 0 -1 0
vn 0 0 1
vn 0 0 1
vn 0 0 1
vn 0 0 1
vn 0.08720371993294095 -0.9922423500533307 -0.08860378090409456
vn 0.08720371993294095 -0.9922423500533307 -0.08860378090409456
vn 0.08720371993294095 -0.9922423500533307 -0.08860378090409456
vn -0.08720371993294095 -0.9922423500533307 -0.08860378090409456
vn -0.08720371993294095 -0.9922423500533307 -0.08860378090409456
vn -0.08720371993294095 -0.9922423500533307 -0.08860378090409456
vn 0.08720371993294095 -0.9922423500533307 0.08860378090409456
vn 0.08720371993294095 -0.9922423500533307 0.08860378090409456
vn 0.08720371993294095 -0.9922423500533307 0.08860378090409456
vn -0.08720371993294095 -0.9922423500533307 0.08860378090409456
vn -0.08720371993294095 -0.9922423500533307 0.08860378090409456
vn -0.08720371993294095 -0.9922423500533307 0.08860378090409456
vn 0.08759613850712017 -0.9961560703617891 0
vn 0.08759613850712017 -0.9961560703617891 0
vn 0.08759613850712017 -0.9961560703617891 0
vn 0.08759613850712017 -0.9961560703617891 0
vn 0 -0.9960402357986559 -0.08890359199806479
vn 0 -0.9960402357986559 -0.08890359199806479
vn 0 -0.9960402357986559 -0.08890359199806479
vn 0 -0.9960402357986559 -0.08890359199806479
vn -0.08759613850712017 -0.9961560703617891 0
vn -0.08759613850712017 -0.9961560703617891 0
vn -0.08759613850712017 -0.9961560703617891 0
vn -0.08759613850712017 -0.9961560703617891 0
vn 0 -0.9960402357986559 0.08890359199806479
vn 0 -0.9960402357986559 0.08890359199806479
vn 0 -0.9960402357986559 0.08890359199806479
vn 0 -0.9960402357986559 0.08890359199806479
vn 0.7015855223821917 0 0.7125852614134724
vn 0.7015855223821917 0 0.7125852614134724
vn 0.7015855223821917 0 0.7125852614134724
vn 0.7015855223821917 0 0.7125852614134724
vn 0.7015855223821917 0 0.7125852614134724
vn -0.7015855223821917 0 0.7125852614134724
vn -0.7015855223821917 0 0.7125852614134724
vn -0.7015855223821917 0 0.7125852614134724
vn -0.7015855223821917 0 0.7125852614134724
vn 0.7015855223821917 0 -0.7125852614134724
vn 0.7015855223821917 0 -0.7125852614134724
vn 0.7015855223821917 0 -0.7125852614134724
vn 0.7015855223821917 0 -0.7125852614134724
vn -0.7015855223821917 0 -0.7125852614134724
vn -0.7015855223821917 0 -0.7125852614134724
vn -0.7015855223821917 0 -0.7125852614134724
vn -0.7015855223821917 0 -0.7125852614134724
vn -0.7015855223821917 0 -0.7125852614134724
vn 1 0 0
vn 1 0 0
vn 1 0 0
vn 1 0 0
vn 1 0 0
vn 1 0 0
vn 1 0 0
vn 1 0 0
vn 0 0 1
vn 0 0 1
vn 0 0 1
vn 0 0 1
vn 0 0 -1
vn 0 0 -1
vn 0 0 -1
vn 0 0 -1
vn 0 1 0
vn 0 1 0
vn 0 1 0
vn 0 1 0
vn 0 -1 0
vn 0 -1 0
vn 0 -1 0
vn 0 -1 0
vn 0 -1 0
vn 0 -1 0
vn 0 -1 0
vn 0 -1 0
vn 0 0 1
vn 0 0 1
vn 0 0 1
vn 0 0 1
vn 0 0 1
vn 0 0 1
vn 0 1 0
vn 0 1 0
vn 0 1 0
vn 0 1 0
vn 0 0 -1
vn 0 0 -1
vn 0 0 -1
vn 0 0 -1
vn 0 0 -1
vn 0 0 -1
vn 1 0 0
vn 1 0 0
vn 1 0 0
vn 1 0 0
vn 1 0 0
vn 1 0 0
vn 1 0 0
vn 1 0 0
vn 0 -1 0
vn 0 -1 0
vn 0 -1 0
vn 0 -1 0
vn 0 0 1
vn 0 0 1
vn 0 0 1
vn 0 0 1
vn 0 0 1
vn 0 0 1
vn 0 0 1
vn 0 1 0
vn 0 1 0
vn 0 1 0
vn 0 1 0
vn 0 0 -1
vn 0 0 -1
vn 0 0 -1
vn 0 0 -1
vn 0 0 -1
vn 0 0 -1
vn 1 0 0
vn 1 0 0
vn 1 0 0
vn 1 0 0
vn 1 0 0
vn 1 0 0
vn 1 0 0
vn 1 0 0
f 1/1/1 2/2/2 3/3/3
f 5/5/5 6/6/6 7/7/7
f 9/9/9 1/1/1 3/3/3
f 4/4/4 5/5/5 7/7/7
f 9/9/9 3/3/3 4/4/4
f 4/4/4 7/7/7 8/8/8
f 8/8/8 9/9/9 4/4/4
f 14/14/14 6/6/6 5/5/5
f 3/3/3 2/2/2 11/11/11
f 13/13/13 14/14/14 5/5/5
f 10/10/10 3/3/3 11/11/11
f 13/13/13 5/5/5 10/10/10
f 10/10/10 11/11/11 12/12/12
f 12/12/12 13/13/13 10/10/10
f 15/15/15 16/16/16 17/17/17
f 19/19/19 20/20/20 21/21/21
f 23/23/23 15/15/15 17/17/17
f 18/18/18 19/19/19 21/21/21
f 23/23/23 17/17/17 18/18/18
f 18/18/18 21/21/21 22/22/22
f 22/22/22 23/23/23 18/18/18
f 28/28/28 20/20/20 19/19/19
f 17/17/17 16/16/16 25/25/25
f 27/27/27 28/28/28 19/19/19
f 24/24/24 17/17/17 25/25/25
f 27/27/27 19/19/19 24/24/24
f 24/24/24 25/25/25 26/26/26
f 26/26/26 27/27/27 24/24/24
f 30/30/30 37/37/37 29/29/29
f 34/34/34 32/32/32 33/33/33
f 31/31/31 37/37/37 30/30/30
f 35/35/35 32/32/32 34/34/34
f 31/31/31 36/36/36 37/37/37
f 35/35/35 31/31/31 32/32/32
f 31/31/31 35/35/35 36/36/36
f 32/32/32 42/42/42 33/33/33
f 39/39/39 30/30/30 29/29/29
f 38/38/38 42/42/42 32/32/32
f 40/40/40 30/30/30 39/39/39
f 38/38/38 41/41/41 42/42/42
f 40/40/40 38/38/38 30/30/30
f 38/38/38 40/40/40 41/41/41
f 49/49/49 47/47/47 48/48/48
f 45/45/45 43/43/43 44/44/44
f 50/50/50 47/47/47 49/49/49
f 46/46/46 43/43/43 45/45/45
f 50/50/50 46/46/46 47/47/47
f 46/46/46 51/51/51 43/43/43
f 51/51/51 46/46/46 50/50/50
f 54/54/54 45/45/45 44/44/44
f 47/47/47 52/52/52 48/48/48
f 55/55/55 45/45/45 54/54/54
f 53/53/53 52/52/52 47/47/47
f 55/55/55 53/53/53 45/45/45
f 53/53/53 56/56/56 52/52/52
f 56/56/56 53/53/53 55/55/55
f 63/63/63 61/61/61 62/62/62
f 59/59/59 57/57/57 58/58/58
f 64/64/64 61/61/61 63/63/63
f 60/60/60 57/57/57 59/59/59
f 64/64/64 60/60/60 61/61/61
f 60/60/60 65/65/65 57/57/57
f 65/65/65 60/60/60 64/64/64
f 68/68/68 59/59/59 58/58/58
f 61/61/61 66/66/66 62/62/62
f 69/69/69 59/59/59 68/68/68
f 67/67/67 66/66/66 61/61/61
f 69/69/69 67/67/67 59/59/59
f 67/67/67 70/70/70 66/66/66
f 70/70/70 67/67/67 69/69/69
f 71/71/71 72/72/72 73/73/73
f 74/74/74 75/75/75 76/76/76
f 77/77/77 78/78/78 79/79/79
f 80/80/80 81/81/81 82/82/82
f 83/83/83 84/84/84 85/85/85
f 86/86/86 87/87/87 88/88/88
f 89/89/89 90/90/90 91/91/91
f 92/92/92 93/93/93 94/94/94
f 97/97/97 98/98/98 95/95/95
f 95/95/95 96/96/96 97/97/97
f 100/100/100 102/102/102 99/99/99
f 102/102/102 100/100/100 101/101/101
f 104/104/104 106/106/106 103/103/103
f 106/106/106 104/104/104 105/105/105
f 108/108/108 110/110/110 107/107/107
f 110/110/110 108/108/108 109/109/109
f 112/112/112 114/114/114 111/111/111
f 114/114/114 112/112/112 113/113/113
f 116/116/116 118/118/118 115/115/115
f 118/118/118 116/116/116 117/117/117
f 121/121/121 122/122/122 119/119/119
f 119/119/119 120/120/120 121/121/121
f 125/125/125 126/126/126 123/123/123
f 123/123/123 124/124/124 125/125/125
f 128/128/128 130/130/130 127/127/127
f 130/130/130 128/128/128 129/129/129
f 133/133/133 134/134/134 131/131/131
f 131/131/131 132/132/132 133/133/133
f 137/137/137 138/138/138 135/135/135
f 135/135/135 136/136/136 137/137/137
f 141/141/141 142/142/142 139/139/139
f 139/139/139 140/140/140 141/141/141
f 150/150/150 151/151/151 143/143/143
f 145/145/145 146/146/146 147/147/147
f 149/149/149 150/150/150 143/143/143
f 144/144/144 145/145/145 147/147/147
f 149/149/149 143/143/143 144/144/144
f 144/144/144 147/147/147 148/148/148
f 148/148/148 149/149/149 144/144/144
f 156/156/156 146/146/146 145/145/145
f 143/143/143 151/151/151 153/153/153
f 155/155/155 156/156/156 145/145/145
f 152/152/152 143/143/143 153/153/153
f 155/155/155 145/145/145 152/152/152
f 152/152/152 153/153/153 154/154/154
f 154/154/154 155/155/155 152/152/152
f 158/158/158 160/160/160 157/157/157
f 160/160/160 158/158/158 159/159/159
f 163/163/163 164/164/164 161/161/161
f 161/161/161 162/162/162 163/163/163
f 167/167/167 168/168/168 165/165/165
f 165/165/165 166/166/166 167/167/167
f 172/172/172 167/167/167 166/166/166
f 169/169/169 170/170/170 165/165/165
f 165/165/165 168/168/168 171/171/171
f 172/172/172 166/166/166 169/169/169
f 169/169/169 165/165/165 171/171/171
f 171/171/171 172/172/172 169/169/169
f 175/175/175 176/176/176 173/173/173
f 173/173/173 174/174/174 175/175/175
f 177/177/177 178/178/178 179/179/179
f 180/180/180 181/181/181 182/182/182
f 183/183/183 184/184/184 185/185/185
f 186/186/186 187/187/187 188/188/188
f 200/200/200 189/189/189 190/190/190
f 191/191/191 192/192/192 193/193/193
f 193/193/193 194/194/194 195/195/195
f 198/198/198 199/199/199 200/200/200
f 200/200/200 190/190/190 191/191/191
f 193/193/193 195/195/195 196/196/196
f 198/198/198 200/200/200 191/191/191
f 193/193/193 196/196/196 197/197/197
f 197/197/197 198/198/198 191/191/191
f 191/191/191 193/193/193 197/197/197
f 189/189/189 194/194/194 193/193/193
f 193/193/193 190/190/190 189/189/189
f 200/200/200 199/199/199 196/196/196
f 196/196/196 195/195/195 200/200/200
f 203/203/203 204/204/204 201/201/201
f 201/201/201 202/202/202 203/203/203
f 207/207/207 208/208/208 205/205/205
f 205/205/205 206/206/206 207/207/207
f 211/211/211 212/212/212 209/209/209
f 209/209/209 210/210/210 211/211/211
f 217/217/217 207/207/207 206/206/206
f 206/206/206 213/213/213 214/214/214
f 214/214/214 205/205/205 208/208/208
f 209/209/209 212/212/212 215/215/215
f 211/211/211 210/210/210 217/217/217
f 214/214/214 208/208/208 209/209/209
f 211/211/211 217/217/217 206/206/206
f 214/214/214 209/209/209 215/215/215
f 216/216/216 211/211/211 206/206/206
f 214/214/214 215/215/215 216/216/216
f 216/216/216 206/206/206 214/214/214
f 220/220/220 221/221/221 218/218/218
f 218/218/218 219/219/219 220/220/220
f 225/225/225 226/226/226 222/222/222
f 222/222/222 223/223/223 224/224/224
f 224/224/224 225/225/225 222/222/222
f 229/229/229 230/230/230 227/227/227
f 227/227/227 228/228/228 229/229/229
f 232/232/232 234/234/234 231/231/231
f 234/234/234 232/232/232 233/233/233
f 236/236/236 239/239/239 235/235/235
f 239/239/239 237/237/237 238/238/238
f 237/237/237 239/239/239 236/236/236
f 241/241/241 243/243/243 240/240/240
f 243/243/243 241/241/241 242/242/242
f 245/245/245 247/247/247 244/244/244
f 247/247/247 245/245/245 246/246/246
f 250/250/250 251/251/251 248/248/248
f 248/248/248 249/249/249 250/250/250
f 253/253/253 255/255/255 252/252/252
f 255/255/255 253/253/253 254/254/254
f 258/258/258 259/259/259 256/256/256
f 256/256/256 257/257/257 258/258/258
f 260/260/260 261/261/261 262/262/262
f 263/263/263 264/264/264 265/265/265
f 266/266/266 267/267/267 268/268/268
f 269/269/269 270/270/270 271/271/271
f 273/273/273 275/275/275 272/272/272
f 275/275/275 273/273/273 274/274/274
f 277/277/277 279/279/279 276/276/276
f 279/279/279 277/277/277 278/278/278
f 281/281/281 283/283/283 280/280/280
f 283/283/283 281/281/281 282/282/282
f 285/285/285 287/287/287 284/284/284
f 287/287/287 285/285/285 286/286/286
f 291/291/291 292/292/292 288/288/288
f 288/288/288 289/289/289 290/290/290
f 290/290/290 291/291/291 288/288/288
f 295/295/295 296/296/296 293/293/293
f 293/293/293 294/294/294 295/295/295
f 298/298/298 300/300/300 297/297/297
f 300/300/300 298/298/298 299/299/299
f 302/302/302 305/305/305 301/301/301
f 305/305/305 303/303/303 304/304/304
f 303/303/303 305/305/305 302/302/302
f 307/307/307 309/309/309 306/306/306
f 309/309/309 307/307/307 308/308/308
f 312/312/312 313/313/313 310/310/310
f 310/310/310 311/311/311 312/312/312
f 316/316/316 317/317/317 314/314/314
f 314/314/314 315/315/315 316/316/316
f 319/319/319 321/321/321 318/318/318
f 321/321/321 319/319/319 320/320/320
f 323/323/323 325/325/325 322/322/322
f 325/325/325 323/323/323 324/324/324
f 326/326/326 327/327/327 328/328/328
f 329/329/329 330/330/330 331/331/331
f 332/332/332 333/333/333 334/334/334
f 335/335/335 336/336/336 337/337/337
f 339/339/339 341/341/341 338/338/338
f 341/341/341 339/339/339 340/340/340
f 343/343/343 345/345/345 342/342/342
f 345/345/345 343/343/343 344/344/344
f 347/347/347 349/349/349 346/346/346
f 349/349/349 347/347/347 348/348/348
f 351/351/351 353/353/353 350/350/350
f 353/353/353 351/351/351 352/352/352
f 355/355/355 358/358/358 354/354/354
f 358/358/358 356/356/356 357/357/357
f 356/356/356 358/358/358 355/355/355
f 360/360/360 362/362/362 359/359/359
f 362/362/362 360/360/360 361/361/361
f 365/365/365 366/366/366 363/363/363
f 363/363/363 364/364/364 365/365/365
f 370/370/370 371/371/371 367/367/367
f 367/367/367 368/368/368 369/369/369
f 369/369/369 370/370/370 367/367/367
f 373/373/373 375/375/375 372/372/372
f 375/375/375 373/373/373 374/374/374
f 377/377/377 379/379/379 376/376/376
f 379/379/379 377/377/377 378/378/378
f 382/382/382 383/383/383 380/380/380
f 380/380/380 381/381/381 382/382/382
f 386/386/386 387/387/387 384/384/384
f 384/384/384 385/385/385 386/386/386
f 390/390/390 391/391/391 388/388/388
f 388/388/388 389/389/389 390/390/390
f 392/392/392 393/393/393 394/394/394
f 395/395/395 396/396/396 397/397/397
f 398/398/398 399/399/399 400/400/400
f 401/401/401 402/402/402 403/403/403
f 406/406/406 407/407/407 404/404/404
f 404/404/404 405/405/405 406/406/406
f 411/411/411 412/412/412 408/408/408
f 408/408/408 409/409/409 410/410/410
f 410/410/410 411/411/411 408/408/408
f 415/415/415 416/416/416 413/413/413
f 413/413/413 414/414/414 415/415/415
f 419/419/419 420/420/420 417/417/417
f 417/417/417 418/418/418 419/419/419
f 423/423/423 424/424/424 421/421/421
f 421/421/421 422/422/422 423/423/423
f 427/427/427 428/428/428 425/425/425
f 425/425/425 426/426/426 427/427/427
f 430/430/430 433/433/433 429/429/429
f 433/433/433 431/431/431 432/432/432
f 431/431/431 433/433/433 430/430/430
f 435/435/435 437/437/437 434/434/434
f 437/437/437 435/435/435 436/436/436
f 439/439/439 441/441/441 438/438/438
f 441/441/441 439/439/439 440/440/440
f 443/443/443 445/445/445 442/442/442
f 445/445/445 443/443/443 444/444/444
f 447/447/447 449/449/449 446/446/446
f 449/449/449 447/447/447 448/448/448
f 451/451/451 453/453/453 450/450/450
f 453/453/453 451/451/451 452/452/452
f 456/456/456 457/457/457 454/454/454
f 454/454/454 455/455/455 456/456/456
f 458/458/458 459/459/459 460/460/460
f 461/461/461 462/462/462 463/463/463
f 464/464/464 465/465/465 466/466/466
f 467/467/467 468/468/468 469/469/469
f 472/472/472 473/473/473 470/470/470
f 470/470/470 471/471/471 472/472/472
f 477/477/477 478/478/478 474/474/474
f 474/474/474 475/475/475 476/476/476
f 476/476/476 477/477/477 474/474/474
f 480/480/480 482/482/482 479/479/479
f 482/482/482 480/480/480 481/481/481
f 484/484/484 486/486/486 483/483/483
f 486/486/486 484/484/484 485/485/485
f 488/488/488 490/490/490 487/487/487
f 490/490/490 488/488/488 489/489/489
f 492/492/492 494/494/494 491/491/491
f 494/494/494 492/492/492 493/493/493
f 496/496/496 499/499/499 495/495/495
f 499/499/499 497/497/497 498/498/498
f 497/497/497 499/499/499 496/496/496
f 501/501/501 503/503/503 500/500/500
f 503/503/503 501/501/501 502/502/502
f 506/506/506 507/507/507 504/504/504
f 504/504/504 505/505/505 506/506/506
f 509/509/509 511/511/511 508/508/508
f 511/511/511 509/509/509 510/510/510
f 513/513/513 515/515/515 512/512/512
f 515/515/515 513/513/513 514/514/514
f 518/518/518 519/519/519 516/516/516
f 516/516/516 517/517/517 518/518/518
f 522/522/522 523/523/523 520/520/520
f 520/520/520 521/521/521 522/522/522
f 524/524/524 525/525/525 526/526/526
f 527/527/527 528/528/528 529/529/529
f 530/530/530 531/531/531 532/532/532
f 533/533/533 534/534/534 535/535/535
f 538/538/538 539/539/539 536/536/536
f 536/536/536 537/537/537 538/538/538
f 542/542/542 543/543/543 540/540/540
f 540/540/540 541/541/541 542/542/542
f 546/546/546 547/547/547 544/544/544
f 544/544/544 545/545/545 546/546/546
f 550/550/550 551/551/551 548/548/548
f 548/548/548 549/549/549 550/550/550
f 555/555/555 556/556/556 552/552/552
f 552/552/552 553/553/553 554/554/554
f 554/554/554 555/555/555 552/552/552
f 559/559/559 560/560/560 557/557/557
f 557/557/557 558/558/558 559/559/559
f 562/562/562 564/564/564 561/561/561
f 564/564/564 562/562/562 563/563/563
f 566/566/566 569/569/569 565/565/565
f 569/569/569 567/567/567 568/568/568
f 567/567/567 569/569/569 566/566/566
f 572/572/572 573/573/573 570/570/570
f 570/570/570 571/571/571 572/572/572
f 576/576/576 577/577/577 574/574/574
f 574/574/574 575/575/575 576/576/576
f 580/580/580 581/581/581 578/578/578
f 578/578/578 579/579/579 580/580/580
f 583/583/583 585/585/585 582/582/582
f 585/585/585 583/583/583 584/584/584
f 587/587/587 589/589/589 586/586/586
f 589/589/589 587/587/587 588/588/588
f 592/592/592 593/593/593 590/590/590
f 590/590/590 591/591/591 592/592/592
f 596/596/596 597/597/597 594/594/594
f 594/594/594 595/595/595 596/596/596
f 598/598/598 599/599/599 600/600/600
f 601/601/601 602/602/602 603/603/603
f 605/605/605 607/607/607 604/604/604
f 607/607/607 605/605/605 606/606/606
f 608/608/608 609/609/609 610/610/610
f 611/611/611 612/612/612 613/613/613
f 616/616/616 617/617/617 614/614/614
f 614/614/614 615/615/615 616/616/616
f 620/620/620 621/621/621 618/618/618
f 618/618/618 619/619/619 620/620/620
f 624/624/624 625/625/625 622/622/622
f 622/622/622 623/623/623 624/624/624
f 628/628/628 629/629/629 626/626/626
f 626/626/626 627/627/627 628/628/628
f 630/630/630 631/631/631 632/632/632
f 634/634/634 636/636/636 633/633/633
f 636/636/636 634/634/634 635/635/635
f 637/637/637 638/638/638 639/639/639
f 640/640/640 641/641/641 642/642/642
f 645/645/645 646/646/646 643/643/643
f 643/643/643 644/644/644 645/645/645
f 649/649/649 650/650/650 647/647/647
f 647/647/647 648/648/648 649/649/649
o Bar_2
usemtl Crate
v -1.7000000476837158 1.7829049825668335 0.8757889866828918
v -1.7000000476837158 1.9829050302505493 0.8757889866828918
v -1.7000000476837158 1.9829050302505493 0.6757889986038208
v -1.7000000476837158 1.7829049825668335 0.6757889986038208
v -1.7000000476837158 1.7829049825668335 0.6757889986038208
v -1.7000000476837158 1.9829050302505493 0.6757889986038208
v 1.7000000476837158 1.9829050302505493 0.6757889986038208
v 1.7000000476837158 1.7829049825668335 0.6757889986038208
v 1.7000000476837158 1.7829049825668335 0.6757889986038208
v 1.7000000476837158 1.9829050302505493 0.6757889986038208
v 1.7000000476837158 1.9829050302505493 0.8757889866828918
v 1.7000000476837158 1.7829049825668335 0.8757889866828918
v 1.7000000476837158 1.7829049825668335 0.8757889866828918
v 1.7000000476837158 1.9829050302505493 0.8757889866828918
v -1.7000000476837158 1.9829050302505493 0.8757889866828918
v -1.7000000476837158 1.7829049825668335 0.8757889866828918
v -1.7000000476837158 1.7829049825668335 0.6757889986038208
v 1.7000000476837158 1.7829049825668335 0.6757889986038208
v 1.7000000476837158 1.7829049825668335 0.8757889866828918
v -1.7000000476837158 1.7829049825668335 0.8757889866828918
v 1.7000000476837158 1.9829050302505493 0.6757889986038208
v -1.7000000476837158 1.9829050302505493 0.6757889986038208
v -1.7000000476837158 1.9829050302505493 0.8757889866828918
v 1.7000000476837158 1.9829050302505493 0.8757889866828918
vt 0.375 0
vt 0.625 0
vt 0.625 0.25
vt 0.375 0.25
vt 0.375 0.25
vt 0.625 0.25
vt 0.625 0.5
vt 0.375 0.5
vt 0.375 0.5
vt 0.625 0.5
vt 0.625 0.75
vt 0.375 0.75
vt 0.375 0.75
vt 0.625 0.75
vt 0.625 1
vt 0.375 1
vt 0.125 0.5
vt 0.375 0.5
vt 0.375 0.75
vt 0.125 0.75
vt 0.625 0.5
vt 0.875 0.5
vt 0.875 0.75
vt 0.625 0.75
vn -1 0 0
vn -1 0 0
vn -1 0 0
vn -1 0 0
vn 0 0 -1
vn 0 0 -1
vn 0 0 -1
vn 0 0 -1
vn 1 0 0
vn 1 0 0
vn 1 0 0
vn 1 0 0
vn 0 0 1
vn 0 0 1
vn 0 0 1
vn 0 0 1
vn 0 -1 0
vn 0 -1 0
vn 0 -1 0
vn 0 -1 0
vn 0 1 0
vn 0 1 0
vn 0 1 0
vn 0 1 0
f 652/652/652 654/654/654 651/651/651
f 654/654/654 652/652/652 653/653/653
f 656/656/656 658/658/658 655/655/655
f 658/658/658 656/656/656 657/657/657
f 661/661/661 662/662/662 659/659/659
f 659/659/659 660/660/660 661/661/661
f 665/665/665 666/666/666 663/663/663
f 663/663/663 664/664/664 665/665/665
f 669/669/669 670/670/670 667/667/667
f 667/667/667 668/668/668 669/669/669
f 672/672/672 674/674/674 671/671/671
f 674/674/674 672/672/672 673/673/673
o Bar
usemtl Crate
v -1.7000000476837158 1.7829049825668335 0.10000000149011612
v -1.7000000476837158 1.9829050302505493 0.10000000149011612
v -1.7000000476837158 1.9829050302505493 -0.10000000149011612
v -1.7000000476837158 1.7829049825668335 -0.10000000149011612
v -1.7000000476837158 1.7829049825668335 -0.10000000149011612
v -1.7000000476837158 1.9829050302505493 -0.10000000149011612
v 1.7000000476837158 1.9829050302505493 -0.10000000149011612
v 1.7000000476837158 1.7829049825668335 -0.10000000149011612
v 1.7000000476837158 1.7829049825668335 -0.10000000149011612
v 1.7000000476837158 1.9829050302505493 -0.10000000149011612
v 1.7000000476837158 1.9829050302505493 0.10000000149011612
v 1.7000000476837158 1.7829049825668335 0.10000000149011612
v 1.7000000476837158 1.7829049825668335 0.10000000149011612
v 1.7000000476837158 1.9829050302505493 0.10000000149011612
v -1.7000000476837158 1.9829050302505493 0.10000000149011612
v -1.7000000476837158 1.7829049825668335 0.10000000149011612
v -1.7000000476837158 1.7829049825668335 -0.10000000149011612
v 1.7000000476837158 1.7829049825668335 -0.10000000149011612
v 1.7000000476837158 1.7829049825668335 0.10000000149011612
v -1.7000000476837158 1.7829049825668335 0.10000000149011612
v 1.7000000476837158 1.9829050302505493 -0.10000000149011612
v -1.7000000476837158 1.9829050302505493 -0.10000000149011612
v -1.7000000476837158 1.9829050302505493 0.10000000149011612
v 1.7000000476837158 1.9829050302505493 0.10000000149011612
vt 0.375 0
vt 0.625 0
vt 0.625 0.25
vt 0.375 0.25
vt 0.375 0.25
vt 0.625 0.25
vt 0.625 0.5
vt 0.375 0.5
vt 0.375 0.5
vt 0.625 0.5
vt 0.625 0.75
vt 0.375 0.75
vt 0.375 0.75
vt 0.625 0.75
vt 0.625 1
vt 0.375 1
vt 0.125 0.5
vt 0.375 0.5
vt 0.375 0.75
vt 0.125 0.75
vt 0.625 0.5
vt 0.875 0.5
vt 0.875 0.75
vt 0.625 0.75
vn -1 0 0
vn -1 0 0
vn -1 0 0
vn -1 0 0
vn 0 0 -1
vn 0 0 -1
vn 0 0 -1
vn 0 0 -1
vn 1 0 0
vn 1 0 0
vn 1 0 0
vn 1 0 0
vn 0 0 1
vn 0 0 1
vn 0 0 1
vn 0 0 1
vn 0 -1 0
vn 0 -1 0
vn 0 -1 0
vn 0 -1 0
vn 0 1 0
vn 0 1 0
vn 0 1 0
vn 0 1 0
f 676/676/676 678/678/678 675/675/675
f 678/678/678 676/676/676 677/677/677
f 680/680/680 682/682/682 679/679/679
f 682/682/682 680/680/680 681/681/681
f 685/685/685 686/686/686 683/683/683
f 683/683/683 684/684/684 685/685/685
f 689/689/689 690/690/690 687/687/687
f 687/687/687 688/688/688 689/689/689
f 693/693/693 694/694/694 691/691/691
f 691/691/691 692/692/692 693/693/693
f 696/696/696 698/698/698 695/695/695
f 698/698/698 696/696/696 697/697/697
o Panel
usemtl Panel
v 1.6127740144729614 -0.08979900181293488 -0.29824501276016235
v 1.6127740144729614 0.38607099652290344 -0.29824501276016235
v 1.6127740144729614 0.38607099652290344 -1.3676190376281738
v 1.6127740144729614 -0.08979900181293488 -1.3676190376281738
v 1.6127740144729614 -0.08979900181293488 -1.3676190376281738
v 1.6127740144729614 0.38607099652290344 -1.3676190376281738
v 1.8127739429473877 0.38607099652290344 -1.3676190376281738
v 1.8127739429473877 -0.08979900181293488 -1.3676190376281738
v 1.8127739429473877 -0.08979900181293488 -1.3676190376281738
v 1.8127739429473877 0.38607099652290344 -1.3676190376281738
v 1.8127739429473877 0.38607099652290344 -0.29824501276016235
v 1.8127739429473877 -0.08979900181293488 -0.29824501276016235
v 1.8127739429473877 -0.08979900181293488 -0.29824501276016235
v 1.8127739429473877 0.38607099652290344 -0.29824501276016235
v 1.6127740144729614 0.38607099652290344 -0.29824501276016235
v 1.6127740144729614 -0.08979900181293488 -0.29824501276016235
v 1.6127740144729614 -0.08979900181293488 -1.3676190376281738
v 1.8127739429473877 -0.08979900181293488 -1.3676190376281738
v 1.8127739429473877 -0.08979900181293488 -0.29824501276016235
v 1.6127740144729614 -0.08979900181293488 -0.29824501276016235
v 1.8127739429473877 0.38607099652290344 -1.3676190376281738
v 1.6127740144729614 0.38607099652290344 -1.3676190376281738
v 1.6127740144729614 0.38607099652290344 -0.29824501276016235
v 1.8127739429473877 0.38607099652290344 -0.29824501276016235
vt 0.375 0
vt 0.625 0
vt 0.625 0.25
vt 0.375 0.25
vt 0.375 0.25
vt 0.625 0.25
vt 0.625 0.5
vt 0.375 0.5
vt 0.375 0.5
vt 0.625 0.5
vt 0.625 0.75
vt 0.375 0.75
vt 0.375 0.75
vt 0.625 0.75
vt 0.625 1
vt 0.375 1
vt 0.125 0.5
vt 0.375 0.5
vt 0.375 0.75
vt 0.125 0.75
vt 0.625 0.5
vt 0.875 0.5
vt 0.875 0.75
vt 0.625 0.75
vn -1 0 0
vn -1 0 0
vn -1 0 0
vn -1 0 0
vn 0 0 -1
vn 0 0 -1
vn 0 0 -1
vn 0 0 -1
vn 1 0 0
vn 1 0 0
vn 1 0 0
vn 1 0 0
vn 0 0 1
vn 0 0 1
vn 0 0 1
vn 0 0 1
vn 0 -1 0
vn 0 -1 0
vn 0 -1 0
vn 0 -1 0
vn 0 1 0
vn 0 1 0
vn 0 1 0
vn 0 1 0
f 700/700/700 702/702/702 699/699/699
f 702/702/702 700/700/700 701/701/701
f 704/704/704 706/706/706 703/703/703
f 706/706/706 704/704/704 705/705/705
f 709/709/709 710/710/710 707/707/707
f 707/707/707 708/708/708 709/709/709
f 713/713/713 714/714/714 711/711/711
f 711/711/711 712/712/712 713/713/713
f 717/717/717 718/718/718 715/715/715
f 715/715/715 716/716/716 717/717/717
f 720/720/720 722/722/722 719/719/719
f 722/722/722 720/720/720 721/721/721
o Button_Red
usemtl Button_Red
v 1.809999942779541 0.25 -0.8295210003852844
v 1.8300000429153442 0.25 -0.8295210003852844
v 1.8300000429153442 0.17928899824619293 -0.8002319931983948
v 1.809999942779541 0.17928899824619293 -0.8002319931983948
v 1.809999942779541 0.17928899824619293 -0.8002319931983948
v 1.8300000429153442 0.17928899824619293 -0.8002319931983948
v 1.8300000429153442 0.15000000596046448 -0.7295209765434265
v 1.809999942779541 0.15000000596046448 -0.7295209765434265
v 1.809999942779541 0.15000000596046448 -0.7295209765434265
v 1.8300000429153442 0.15000000596046448 -0.7295209765434265
v 1.8300000429153442 0.17928899824619293 -0.658810019493103
v 1.809999942779541 0.17928899824619293 -0.658810019493103
v 1.809999942779541 0.17928899824619293 -0.658810019493103
v 1.8300000429153442 0.17928899824619293 -0.658810019493103
v 1.8300000429153442 0.25 -0.6295210123062134
v 1.809999942779541 0.25 -0.6295210123062134
v 1.809999942779541 0.25 -0.6295210123062134
v 1.8300000429153442 0.25 -0.6295210123062134
v 1.8300000429153442 0.3207109868526459 -0.658810019493103
v 1.809999942779541 0.3207109868526459 -0.658810019493103
v 1.809999942779541 0.3207109868526459 -0.658810019493103
v 1.8300000429153442 0.3207109868526459 -0.658810019493103
v 1.8300000429153442 0.3499999940395355 -0.7295209765434265
v 1.809999942779541 0.3499999940395355 -0.7295209765434265
v 1.8300000429153442 0.17928899824619293 -0.8002319931983948
v 1.8300000429153442 0.25 -0.8295210003852844
v 1.8300000429153442 0.3207109868526459 -0.8002319931983948
v 1.8300000429153442 0.3499999940395355 -0.7295209765434265
v 1.8300000429153442 0.3207109868526459 -0.658810019493103
v 1.8300000429153442 0.25 -0.6295210123062134
v 1.8300000429153442 0.17928899824619293 -0.658810019493103
v 1.8300000429153442 0.15000000596046448 -0.7295209765434265
v 1.809999942779541 0.3499999940395355 -0.7295209765434265
v 1.8300000429153442 0.3499999940395355 -0.7295209765434265
v 1.8300000429153442 0.3207109868526459 -0.8002319931983948
v 1.809999942779541 0.3207109868526459 -0.8002319931983948
v 1.809999942779541 0.3207109868526459 -0.8002319931983948
v 1.8300000429153442 0.3207109868526459 -0.8002319931983948
v 1.8300000429153442 0.25 -0.8295210003852844
v 1.809999942779541 0.25 -0.8295210003852844
v 1.809999942779541 0.25 -0.8295210003852844
v 1.809999942779541 0.17928899824619293 -0.8002319931983948
v 1.809999942779541 0.15000000596046448 -0.7295209765434265
v 1.809999942779541 0.17928899824619293 -0.658810019493103
v 1.809999942779541 0.25 -0.6295210123062134
v 1.809999942779541 0.3207109868526459 -0.658810019493103
v 1.809999942779541 0.3499999940395355 -0.7295209765434265
v 1.809999942779541 0.3207109868526459 -0.8002319931983948
vt 1 0.5
vt 1 1
vt 0.875 1
vt 0.875 0.5
vt 0.875 0.5
vt 0.875 1
vt 0.75 1
vt 0.75 0.5
vt 0.75 0.5
vt 0.75 1
vt 0.625 1
vt 0.625 0.5
vt 0.625 0.5
vt 0.625 1
vt 0.5 1
vt 0.5 0.5
vt 0.5 0.5
vt 0.5 1
vt 0.375 1
vt 0.375 0.5
vt 0.375 0.5
vt 0.375 1
vt 0.25 1
vt 0.25 0.5
vt 0.41970598697662354 0.41970598697662354
vt 0.25 0.49000000953674316
vt 0.08029399812221527 0.41970598697662354
vt 0.009999999776482582 0.25
vt 0.08029399812221527 0.08029401302337646
vt 0.25 0.009999990463256836
vt 0.41970598697662354 0.08029401302337646
vt 0.49000000953674316 0.25
vt 0.25 0.5
vt 0.25 1
vt 0.125 1
vt 0.125 0.5
vt 0.125 0.5
vt 0.125 1
vt 0 1
vt 0 0.5
vt 0.75 0.49000000953674316
vt 0.9197059869766235 0.41970598697662354
vt 0.9900000095367432 0.25
vt 0.9197059869766235 0.08029401302337646
vt 0.75 0.009999990463256836
vt 0.5802940130233765 0.08029401302337646
vt 0.5099999904632568 0.25
vt 0.5802940130233765 0.41970598697662354
vn 0 -0.38269035016176234 -0.9238766670357402
vn 0 -0.38269035016176234 -0.9238766670357402
vn 0 -0.38269035016176234 -0.9238766670357402
vn 0 -0.38269035016176234 -0.9238766670357402
vn 0 -0.9238766670357402 -0.38269035016176234
vn 0 -0.9238766670357402 -0.38269035016176234
vn 0 -0.9238766670357402 -0.38269035016176234
vn 0 -0.9238766670357402 -0.38269035016176234
vn 0 -0.9238766670357402 0.38269035016176234
vn 0 -0.9238766670357402 0.38269035016176234
vn 0 -0.9238766670357402 0.38269035016176234
vn 0 -0.9238766670357402 0.38269035016176234
vn 0 -0.38269035016176234 0.9238766670357402
vn 0 -0.38269035016176234 0.9238766670357402
vn 0 -0.38269035016176234 0.9238766670357402
vn 0 -0.38269035016176234 0.9238766670357402
vn 0 0.38269035016176234 0.9238766670357402
vn 0 0.38269035016176234 0.9238766670357402
vn 0 0.38269035016176234 0.9238766670357402
vn 0 0.38269035016176234 0.9238766670357402
vn 0 0.9238766670357402 0.38269035016176234
vn 0 0.9238766670357402 0.38269035016176234
vn 0 0.9238766670357402 0.38269035016176234
vn 0 0.9238766670357402 0.38269035016176234
vn 1 0 0
vn 1 0 0
vn 1 0 0
vn 1 0 0
vn 1 0 0
vn 1 0 0
vn 1 0 0
vn 1 0 0
vn 0 0.9238766670357402 -0.38269035016176234
vn 0 0.9238766670357402 -0.38269035016176234
vn 0 0.9238766670357402 -0.38269035016176234
vn 0 0.9238766670357402 -0.38269035016176234
vn 0 0.38269035016176234 -0.9238766670357402
vn 0 0.38269035016176234 -0.9238766670357402
vn 0 0.38269035016176234 -0.9238766670357402
vn 0 0.38269035016176234 -0.9238766670357402
vn -1 0 0
vn -1 0 0
vn -1 0 0
vn -1 0 0
vn -1 0 0
vn -1 0 0
vn -1 0 0
vn -1 0 0
f 724/724/724 726/726/726 723/723/723
f 726/726/726 724/724/724 725/725/725
f 729/729/729 730/730/730 727/727/727
f 727/727/727 728/728/728 729/729/729
f 733/733/733 734/734/734 731/731/731
f 731/731/731 732/732/732 733/733/733
f 737/737/737 738/738/738 735/735/735
f 735/735/735 736/736/736 737/737/737
f 741/741/741 742/742/742 739/739/739
f 739/739/739 740/740/740 741/741/741
f 744/744/744 746/746/746 743/743/743
f 746/746/746 744/744/744 745/745/745
f 753/753/753 754/754/754 747/747/747
f 747/747/747 748/748/748 749/749/749
f 749/749/749 750/750/750 751/751/751
f 751/751/751 752/752/752 753/753/753
f 753/753/753 747/747/747 749/749/749
f 749/749/749 751/751/751 753/753/753
f 756/756/756 758/758/758 755/755/755
f 758/758/758 756/756/756 757/757/757
f 760/760/760 762/762/762 759/759/759
f 762/762/762 760/760/760 761/761/761
f 764/764/764 770/770/770 763/763/763
f 770/770/770 768/768/768 769/769/769
f 768/768/768 766/766/766 767/767/767
f 766/766/766 764/764/764 765/765/765
f 764/764/764 768/768/768 770/770/770
f 768/768/768 764/764/764 766/766/766
o Button_Green
usemtl Button_Green
v 1.809999942779541 0.25 -0.553525984287262
v 1.8300000429153442 0.25 -0.553525984287262
v 1.8300000429153442 0.17928899824619293 -0.5242369771003723
v 1.809999942779541 0.17928899824619293 -0.5242369771003723
v 1.809999942779541 0.17928899824619293 -0.5242369771003723
v 1.8300000429153442 0.17928899824619293 -0.5242369771003723
v 1.8300000429153442 0.15000000596046448 -0.45352599024772644
v 1.809999942779541 0.15000000596046448 -0.45352599024772644
v 1.809999942779541 0.15000000596046448 -0.45352599024772644
v 1.8300000429153442 0.15000000596046448 -0.45352599024772644
v 1.8300000429153442 0.17928899824619293 -0.38281500339508057
v 1.809999942779541 0.17928899824619293 -0.38281500339508057
v 1.809999942779541 0.17928899824619293 -0.38281500339508057
v 1.8300000429153442 0.17928899824619293 -0.38281500339508057
v 1.8300000429153442 0.25 -0.3535259962081909
v 1.809999942779541 0.25 -0.3535259962081909
v 1.809999942779541 0.25 -0.3535259962081909
v 1.8300000429153442 0.25 -0.3535259962081909
v 1.8300000429153442 0.3207109868526459 -0.38281500339508057
v 1.809999942779541 0.3207109868526459 -0.38281500339508057
v 1.809999942779541 0.3207109868526459 -0.38281500339508057
v 1.8300000429153442 0.3207109868526459 -0.38281500339508057
v 1.8300000429153442 0.3499999940395355 -0.45352599024772644
v 1.809999942779541 0.3499999940395355 -0.45352599024772644
v 1.8300000429153442 0.17928899824619293 -0.5242369771003723
v 1.8300000429153442 0.25 -0.553525984287262
v 1.8300000429153442 0.3207109868526459 -0.5242369771003723
v 1.8300000429153442 0.3499999940395355 -0.45352599024772644
v 1.8300000429153442 0.3207109868526459 -0.38281500339508057
v 1.8300000429153442 0.25 -0.3535259962081909
v 1.8300000429153442 0.17928899824619293 -0.38281500339508057
v 1.8300000429153442 0.15000000596046448 -0.45352599024772644
v 1.809999942779541 0.3499999940395355 -0.45352599024772644
v 1.8300000429153442 0.3499999940395355 -0.45352599024772644
v 1.8300000429153442 0.3207109868526459 -0.5242369771003723
v 1.809999942779541 0.3207109868526459 -0.5242369771003723
v 1.809999942779541 0.3207109868526459 -0.5242369771003723
v 1.8300000429153442 0.3207109868526459 -0.5242369771003723
v 1.8300000429153442 0.25 -0.553525984287262
v 1.809999942779541 0.25 -0.553525984287262
v 1.809999942779541 0.25 -0.553525984287262
v 1.809999942779541 0.17928899824619293 -0.5242369771003723
v 1.809999942779541 0.15000000596046448 -0.45352599024772644
v 1.809999942779541 0.17928899824619293 -0.38281500339508057
v 1.809999942779541 0.25 -0.3535259962081909
v 1.809999942779541 0.3207109868526459 -0.38281500339508057
v 1.809999942779541 0.3499999940395355 -0.45352599024772644
v 1.809999942779541 0.3207109868526459 -0.5242369771003723
vt 1 0.5
vt 1 1
vt 0.875 1
vt 0.875 0.5
vt 0.875 0.5
vt 0.875 1
vt 0.75 1
vt 0.75 0.5
vt 0.75 0.5
vt 0.75 1
vt 0.625 1
vt 0.625 0.5
vt 0.625 0.5
vt 0.625 1
vt 0.5 1
vt 0.5 0.5
vt 0.5 0.5
vt 0.5 1
vt 0.375 1
vt 0.375 0.5
vt 0.375 0.5
vt 0.375 1
vt 0.25 1
vt 0.25 0.5
vt 0.41970598697662354 0.41970598697662354
vt 0.25 0.49000000953674316
vt 0.08029399812221527 0.41970598697662354
vt 0.009999999776482582 0.25
vt 0.08029399812221527 0.08029401302337646
vt 0.25 0.009999990463256836
vt 0.41970598697662354 0.08029401302337646
vt 0.49000000953674316 0.25
vt 0.25 0.5
vt 0.25 1
vt 0.125 1
vt 0.125 0.5
vt 0.125 0.5
vt 0.125 1
vt 0 1
vt 0 0.5
vt 0.75 0.49000000953674316
vt 0.9197059869766235 0.41970598697662354
vt 0.9900000095367432 0.25
vt 0.9197059869766235 0.08029401302337646
vt 0.75 0.009999990463256836
vt 0.5802940130233765 0.08029401302337646
vt 0.5099999904632568 0.25
vt 0.5802940130233765 0.41970598697662354
vn 0 -0.38269035016176234 -0.9238766670357402
vn 0 -0.38269035016176234 -0.9238766670357402
vn 0 -0.38269035016176234 -0.9238766670357402
vn 0 -0.38269035016176234 -0.9238766670357402
vn 0 -0.9238766670357402 -0.38269035016176234
vn 0 -0.9238766670357402 -0.38269035016176234
vn 0 -0.9238766670357402 -0.38269035016176234
vn 0 -0.9238766670357402 -0.38269035016176234
vn 0 -0.9238766670357402 0.38269035016176234
vn 0 -0.9238766670357402 0.38269035016176234
vn 0 -0.9238766670357402 0.38269035016176234
vn 0 -0.9238766670357402 0.38269035016176234
vn 0 -0.38269035016176234 0.9238766670357402
vn 0 -0.38269035016176234 0.9238766670357402
vn 0 -0.38269035016176234 0.9238766670357402
vn 0 -0.38269035016176234 0.9238766670357402
vn 0 0.38269035016176234 0.9238766670357402
vn 0 0.38269035016176234 0.9238766670357402
vn 0 0.38269035016176234 0.9238766670357402
vn 0 0.38269035016176234 0.9238766670357402
vn 0 0.9238766670357402 0.38269035016176234
vn 0 0.9238766670357402 0.38269035016176234
vn 0 0.9238766670357402 0.38269035016176234
vn 0 0.9238766670357402 0.38269035016176234
vn 1 0 0
vn 1 0 0
vn 1 0 0
vn 1 0 0
vn 1 0 0
vn 1 0 0
vn 1 0 0
vn 1 0 0
vn 0 0.9238766670357402 -0.38269035016176234
vn 0 0.9238766670357402 -0.38269035016176234
vn 0 0.9238766670357402 -0.38269035016176234
vn 0 0.9238766670357402 -0.38269035016176234
vn 0 0.38269035016176234 -0.9238766670357402
vn 0 0.38269035016176234 -0.9238766670357402
vn 0 0.38269035016176234 -0.9238766670357402
vn 0 0.38269035016176234 -0.9238766670357402
vn -1 0 0
vn -1 0 0
vn -1 0 0
vn -1 0 0
vn -1 0 0
vn -1 0 0
vn -1 0 0
vn -1 0 0
f 772/772/772 774/774/774 771/771/771
f 774/774/774 772/772/772 773/773/773
f 777/777/777 778/778/778 775/775/775
f 775/775/775 776/776/776 777/777/777
f 781/781/781 782/782/782 779/779/779
f 779/779/779 780/780/780 781/781/781
f 785/785/785 786/786/786 783/783/783
f 783/783/783 784/784/784 785/785/785
f 789/789/789 790/790/790 787/787/787
f 787/787/787 788/788/788 789/789/789
f 792/792/792 794/794/794 791/791/791
f 794/794/794 792/792/792 793/793/793
f 801/801/801 802/802/802 795/795/795
f 795/795/795 796/796/796 797/797/797
f 797/797/797 798/798/798 799/799/799
f 799/799/799 800/800/800 801/801/801
f 801/801/801 795/795/795 797/797/797
f 797/797/797 799/799/799 801/801/801
f 804/804/804 806/806/806 803/803/803
f 806/806/806 804/804/804 805/805/805
f 808/808/808 810/810/810 807/807/807
f 810/810/810 808/808/808 809/809/809
f 812/812/812 818/818/818 811/811/811
f 818/818/818 816/816/816 817/817/817
f 816/816/816 814/814/814 815/815/815
f 814/814/814 812/812/812 813/813/813
f 812/812/812 816/816/816 818/818/818
f 816/816/816 812/812/812 814/814/814
o Button_Blue
usemtl Button_Blue
v 1.809999942779541 0.25 -1.117419958114624
v 1.8300000429153442 0.25 -1.117419958114624
v 1.8300000429153442 0.17928899824619293 -1.088129997253418
v 1.809999942779541 0.17928899824619293 -1.088129997253418
v 1.809999942779541 0.17928899824619293 -1.088129997253418
v 1.8300000429153442 0.17928899824619293 -1.088129997253418
v 1.8300000429153442 0.15000000596046448 -1.0174200534820557
v 1.809999942779541 0.15000000596046448 -1.0174200534820557
v 1.809999942779541 0.15000000596046448 -1.0174200534820557
v 1.8300000429153442 0.15000000596046448 -1.0174200534820557
v 1.8300000429153442 0.17928899824619293 -0.9467089772224426
v 1.809999942779541 0.17928899824619293 -0.9467089772224426
v 1.809999942779541 0.17928899824619293 -0.9467089772224426
v 1.8300000429153442 0.17928899824619293 -0.9467089772224426
v 1.8300000429153442 0.25 -0.9174200296401978
v 1.809999942779541 0.25 -0.9174200296401978
v 1.809999942779541 0.25 -0.9174200296401978
v 1.8300000429153442 0.25 -0.9174200296401978
v 1.8300000429153442 0.3207109868526459 -0.9467089772224426
v 1.809999942779541 0.3207109868526459 -0.9467089772224426
v 1.809999942779541 0.3207109868526459 -0.9467089772224426
v 1.8300000429153442 0.3207109868526459 -0.9467089772224426
v 1.8300000429153442 0.3499999940395355 -1.0174200534820557
v 1.809999942779541 0.3499999940395355 -1.0174200534820557
v 1.8300000429153442 0.17928899824619293 -1.088129997253418
v 1.8300000429153442 0.25 -1.117419958114624
v 1.8300000429153442 0.3207109868526459 -1.088129997253418
v 1.8300000429153442 0.3499999940395355 -1.0174200534820557
v 1.8300000429153442 0.3207109868526459 -0.9467089772224426
v 1.8300000429153442 0.25 -0.9174200296401978
v 1.8300000429153442 0.17928899824619293 -0.9467089772224426
v 1.8300000429153442 0.15000000596046448 -1.0174200534820557
v 1.809999942779541 0.3499999940395355 -1.0174200534820557
v 1.8300000429153442 0.3499999940395355 -1.0174200534820557
v 1.8300000429153442 0.3207109868526459 -1.088129997253418
v 1.809999942779541 0.3207109868526459 -1.088129997253418
v 1.809999942779541 0.3207109868526459 -1.088129997253418
v 1.8300000429153442 0.3207109868526459 -1.088129997253418
v 1.8300000429153442 0.25 -1.117419958114624
v 1.809999942779541 0.25 -1.117419958114624
v 1.809999942779541 0.25 -1.117419958114624
v 1.809999942779541 0.17928899824619293 -1.088129997253418
v 1.809999942779541 0.15000000596046448 -1.0174200534820557
v 1.809999942779541 0.17928899824619293 -0.9467089772224426
v 1.809999942779541 0.25 -0.9174200296401978
v 1.809999942779541 0.3207109868526459 -0.9467089772224426
v 1.809999942779541 0.3499999940395355 -1.0174200534820557
v 1.809999942779541 0.3207109868526459 -1.088129997253418
vt 1 0.5
vt 1 1
vt 0.875 1
vt 0.875 0.5
vt 0.875 0.5
vt 0.875 1
vt 0.75 1
vt 0.75 0.5
vt 0.75 0.5
vt 0.75 1
vt 0.625 1
vt 0.625 0.5
vt 0.625 0.5
vt 0.625 1
vt 0.5 1
vt 0.5 0.5
vt 0.5 0.5
vt 0.5 1
vt 0.375 1
vt 0.375 0.5
vt 0.375 0.5
vt 0.375 1
vt 0.25 1
vt 0.25 0.5
vt 0.41970598697662354 0.41970598697662354
vt 0.25 0.49000000953674316
vt 0.08029399812221527 0.41970598697662354
vt 0.009999999776482582 0.25
vt 0.08029399812221527 0.08029401302337646
vt 0.25 0.009999990463256836
vt 0.41970598697662354 0.08029401302337646
vt 0.49000000953674316 0.25
vt 0.25 0.5
vt 0.25 1
vt 0.125 1
vt 0.125 0.5
vt 0.125 0.5
vt 0.125 1
vt 0 1
vt 0 0.5
vt 0.75 0.49000000953674316
vt 0.9197059869766235 0.41970598697662354
vt 0.9900000095367432 0.25
vt 0.9197059869766235 0.08029401302337646
vt 0.75 0.009999990463256836
vt 0.5802940130233765 0.08029401302337646
vt 0.5099999904632568 0.25
vt 0.5802940130233765 0.41970598697662354
vn 0 -0.38269035016176234 -0.9238766670357402
vn 0 -0.38269035016176234 -0.9238766670357402
vn 0 -0.38269035016176234 -0.9238766670357402
vn 0 -0.38269035016176234 -0.9238766670357402
vn 0 -0.9238766670357402 -0.38269035016176234
vn 0 -0.9238766670357402 -0.38269035016176234
vn 0 -0.9238766670357402 -0.38269035016176234
vn 0 -0.9238766670357402 -0.38269035016176234
vn 0 -0.9238766670357402 0.38269035016176234
vn 0 -0.9238766670357402 0.38269035016176234
vn 0 -0.9238766670357402 0.38269035016176234
vn 0 -0.9238766670357402 0.38269035016176234
vn 0 -0.38269035016176234 0.9238766670357402
vn 0 -0.38269035016176234 0.9238766670357402
vn 0 -0.38269035016176234 0.9238766670357402
vn 0 -0.38269035016176234 0.9238766670357402
vn 0 0.38269035016176234 0.9238766670357402
vn 0 0.38269035016176234 0.9238766670357402
vn 0 0.38269035016176234 0.9238766670357402
vn 0 0.38269035016176234 0.9238766670357402
vn 0 0.9238766670357402 0.38269035016176234
vn 0 0.9238766670357402 0.38269035016176234
vn 0 0.9238766670357402 0.38269035016176234
vn 0 0.9238766670357402 0.38269035016176234
vn 1 0 0
vn 1 0 0
vn 1 0 0
vn 1 0 0
vn 1 0 0
vn 1 0 0
vn 1 0 0
vn 1 0 0
vn 0 0.9238766670357402 -0.38269035016176234
vn 0 0.9238766670357402 -0.38269035016176234
vn 0 0.9238766670357402 -0.38269035016176234
vn 0 0.9238766670357402 -0.38269035016176234
vn 0 0.38269035016176234 -0.9238766670357402
vn 0 0.38269035016176234 -0.9238766670357402
vn 0 0.38269035016176234 -0.9238766670357402
vn 0 0.38269035016176234 -0.9238766670357402
vn -1 0 0
vn -1 0 0
vn -1 0 0
vn -1 0 0
vn -1 0 0
vn -1 0 0
vn -1 0 0
vn -1 0 0
f 820/820/820 822/822/822 819/819/819
f 822/822/822 820/820/820 821/821/821
f 825/825/825 826/826/826 823/823/823
f 823/823/823 824/824/824 825/825/825
f 829/829/829 830/830/830 827/827/827
f 827/827/827 828/828/828 829/829/829
f 833/833/833 834/834/834 831/831/831
f 831/831/831 832/832/832 833/833/833
f 837/837/837 838/838/838 835/835/835
f 835/835/835 836/836/836 837/837/837
f 840/840/840 842/842/842 839/839/839
f 842/842/842 840/840/840 841/841/841
f 849/849/849 850/850/850 843/843/843
f 843/843/843 844/844/844 845/845/845
f 845/845/845 846/846/846 847/847/847
f 847/847/847 848/848/848 849/849/849
f 849/849/849 843/843/843 845/845/845
f 845/845/845 847/847/847 849/849/849
f 852/852/852 854/854/854 851/851/851
f 854/854/854 852/852/852 853/853/853
f 856/856/856 858/858/858 855/855/855
f 858/858/858 856/856/856 857/857/857
f 860/860/860 866/866/866 859/859/859
f 866/866/866 864/864/864 865/865/865
f 864/864/864 862/862/862 863/863/863
f 862/862/862 860/860/860 861/861/861
f 860/860/860 864/864/864 866/866/866
f 864/864/864 860/860/860 862/862/862
o Bar_3
usemtl Crate
v 1.768684983253479 1.7000000476837158 0.10000000149011612
v 1.9686850309371948 1.7000000476837158 0.10000000149011612
v 1.9686850309371948 1.7000000476837158 -0.10000000149011612
v 1.768684983253479 1.7000000476837158 -0.10000000149011612
v 1.768684983253479 1.7000000476837158 -0.10000000149011612
v 1.9686850309371948 1.7000000476837158 -0.10000000149011612
v 1.9686859846115112 -1.7000000476837158 -0.10000000149011612
v 1.768684983253479 -1.7000000476837158 -0.10000000149011612
v 1.768684983253479 -1.7000000476837158 -0.10000000149011612
v 1.9686859846115112 -1.7000000476837158 -0.10000000149011612
v 1.9686859846115112 -1.7000000476837158 0.10000000149011612
v 1.768684983253479 -1.7000000476837158 0.10000000149011612
v 1.768684983253479 -1.7000000476837158 0.10000000149011612
v 1.9686859846115112 -1.7000000476837158 0.10000000149011612
v 1.9686850309371948 1.7000000476837158 0.10000000149011612
v 1.768684983253479 1.7000000476837158 0.10000000149011612
v 1.768684983253479 1.7000000476837158 -0.10000000149011612
v 1.768684983253479 -1.7000000476837158 -0.10000000149011612
v 1.768684983253479 -1.7000000476837158 0.10000000149011612
v 1.768684983253479 1.7000000476837158 0.10000000149011612
v 1.9686859846115112 -1.7000000476837158 -0.10000000149011612
v 1.9686850309371948 1.7000000476837158 -0.10000000149011612
v 1.9686850309371948 1.7000000476837158 0.10000000149011612
v 1.9686859846115112 -1.7000000476837158 0.10000000149011612
vt 0.375 0
vt 0.625 0
vt 0.625 0.25
vt 0.375 0.25
vt 0.375 0.25
vt 0.625 0.25
vt 0.625 0.5
vt 0.375 0.5
vt 0.375 0.5
vt 0.625 0.5
vt 0.625 0.75
vt 0.375 0.75
vt 0.375 0.75
vt 0.625 0.75
vt 0.625 1
vt 0.375 1
vt 0.125 0.5
vt 0.375 0.5
vt 0.375 0.75
vt 0.125 0.75
vt 0.625 0.5
vt 0.875 0.5
vt 0.875 0.75
vt 0.625 0.75
vn 0 1 0
vn 0 1 0
vn 0 1 0
vn 0 1 0
vn 0 0 -1
vn 0 0 -1
vn 0 0 -1
vn 0 0 -1
vn 0 -1 0
vn 0 -1 0
vn 0 -1 0
vn 0 -1 0
vn 0 0 1
vn 0 0 1
vn 0 0 1
vn 0 0 1
vn -1 0 0
vn -1 0 0
vn -1 0 0
vn -1 0 0
vn 1 0 0
vn 1 0 0
vn 1 0 0
vn 1 0 0
f 868/868/868 870/870/870 867/867/867
f 870/870/870 868/868/868 869/869/869
f 872/872/872 874/874/874 871/871/871
f 874/874/874 872/872/872 873/873/873
f 877/877/877 878/878/878 875/875/875
f 875/875/875 876/876/876 877/877/877
f 881/881/881 882/882/882 879/879/879
f 879/879/879 880/880/880 881/881/881
f 884/884/884 886/886/886 883/883/883
f 886/886/886 884/884/884 885/885/885
f 889/889/889 890/890/890 887/887/887
f 887/887/887 888/888/888 889/889/889
o Bar_4
usemtl Crate
v 1.7687000036239624 1.7000000476837158 0.8757889866828918
v 1.9687000513076782 1.7000000476837158 0.8757889866828918
v 1.9687000513076782 1.7000000476837158 0.6757889986038208
v 1.7687000036239624 1.7000000476837158 0.6757889986038208
v 1.7687000036239624 1.7000000476837158 0.6757889986038208
v 1.9687000513076782 1.7000000476837158 0.6757889986038208
v 1.9687000513076782 -1.7000000476837158 0.6757889986038208
v 1.7687000036239624 -1.7000000476837158 0.6757889986038208
v 1.7687000036239624 -1.7000000476837158 0.6757889986038208
v 1.9687000513076782 -1.7000000476837158 0.6757889986038208
v 1.9687000513076782 -1.7000000476837158 0.8757889866828918
v 1.7687000036239624 -1.7000000476837158 0.8757889866828918
v 1.7687000036239624 -1.7000000476837158 0.8757889866828918
v 1.9687000513076782 -1.7000000476837158 0.8757889866828918
v 1.9687000513076782 1.7000000476837158 0.8757889866828918
v 1.7687000036239624 1.7000000476837158 0.8757889866828918
v 1.7687000036239624 1.7000000476837158 0.6757889986038208
v 1.7687000036239624 -1.7000000476837158 0.6757889986038208
v 1.7687000036239624 -1.7000000476837158 0.8757889866828918
v 1.7687000036239624 1.7000000476837158 0.8757889866828918
v 1.9687000513076782 -1.7000000476837158 0.6757889986038208
v 1.9687000513076782 1.7000000476837158 0.6757889986038208
v 1.9687000513076782 1.7000000476837158 0.8757889866828918
v 1.9687000513076782 -1.7000000476837158 0.8757889866828918
vt 0.375 0
vt 0.625 0
vt 0.625 0.25
vt 0.375 0.25
vt 0.375 0.25
vt 0.625 0.25
vt 0.625 0.5
vt 0.375 0.5
vt 0.375 0.5
vt 0.625 0.5
vt 0.625 0.75
vt 0.375 0.75
vt 0.375 0.75
vt 0.625 0.75
vt 0.625 1
vt 0.375 1
vt 0.125 0.5
vt 0.375 0.5
vt 0.375 0.75
vt 0.125 0.75
vt 0.625 0.5
vt 0.875 0.5
vt 0.875 0.75
vt 0.625 0.75
vn 0 1 0
vn 0 1 0
vn 0 1 0
vn 0 1 0
vn 0 0 -1
vn 0 0 -1
vn 0 0 -1
vn 0 0 -1
vn 0 -1 0
vn 0 -1 0
vn 0 -1 0
vn 0 -1 0
vn 0 0 1
vn 0 0 1
vn 0 0 1
vn 0 0 1
vn -1 0 0
vn -1 0 0
vn -1 0 0
vn -1 0 0
vn 1 0 0
vn 1 0 0
vn 1 0 0
vn 1 0 0
f 892/892/892 894/894/894 891/891/891
f 894/894/894 892/892/892 893/893/893
f 896/896/896 898/898/898 895/895/895
f 898/898/898 896/896/896 897/897/897
f 901/901/901 902/902/902 899/899/899
f 899/899/899 900/900/900 901/901/901
f 905/905/905 906/906/906 903/903/903
f 903/903/903 904/904/904 905/905/905
f 908/908/908 910/910/910 907/907/907
f 910/910/910 908/908/908 909/909/909
f 913/913/913 914/914/914 911/911/911
f 911/911/911 912/912/912 913/913/913
o Bar_Yellow
usemtl Bar_Yellow
v 1.7902220487594604 0.3224000036716461 -1.2210530042648315
v 1.7926989793777466 0.02239999920129776 -1.2270350456237793
v 1.7902220487594604 0.02239999920129776 -1.2116769552230835
v 1.7993299961090088 0.3224000036716461 -1.2336649894714355
v 1.8053120374679565 0.02239999920129776 -1.2361429929733276
v 1.7926989793777466 0.02239999920129776 -1.2270350456237793
v 1.814687967300415 0.3224000036716461 -1.2361429929733276
v 1.8206700086593628 0.02239999920129776 -1.2336649894714355
v 1.8053120374679565 0.02239999920129776 -1.2361429929733276
v 1.827299952507019 0.3224000036716461 -1.2270350456237793
v 1.8297779560089111 0.02239999920129776 -1.2210530042648315
v 1.8206700086593628 0.02239999920129776 -1.2336649894714355
v 1.8206700086593628 0.3224000036716461 -1.199064016342163
v 1.814687967300415 0.02239999920129776 -1.196586012840271
v 1.827299952507019 0.02239999920129776 -1.2056939601898193
v 1.8053120374679565 0.3224000036716461 -1.196586012840271
v 1.7993299961090088 0.02239999920129776 -1.199064016342163
v 1.814687967300415 0.02239999920129776 -1.196586012840271
v 1.7926989793777466 0.3224000036716461 -1.2056939601898193
v 1.7902220487594604 0.02239999920129776 -1.2116769552230835
v 1.7993299961090088 0.02239999920129776 -1.199064016342163
v 1.7902220487594604 0.3224000036716461 -1.2210530042648315
v 1.7993299961090088 0.3224000036716461 -1.2336649894714355
v 1.7926989793777466 0.02239999920129776 -1.2270350456237793
v 1.7993299961090088 0.3224000036716461 -1.2336649894714355
v 1.814687967300415 0.3224000036716461 -1.2361429929733276
v 1.8053120374679565 0.02239999920129776 -1.2361429929733276
v 1.814687967300415 0.3224000036716461 -1.2361429929733276
v 1.827299952507019 0.3224000036716461 -1.2270350456237793
v 1.8206700086593628 0.02239999920129776 -1.2336649894714355
v 1.827299952507019 0.3224000036716461 -1.2270350456237793
v 1.8300000429153442 0.3224000036716461 -1.2163649797439575
v 1.8297779560089111 0.02239999920129776 -1.2210530042648315
v 1.8284779787063599 0.3224000036716461 -1.20871102809906
v 1.8206700086593628 0.3224000036716461 -1.199064016342163
v 1.827299952507019 0.02239999920129776 -1.2056939601898193
v 1.8206700086593628 0.3224000036716461 -1.199064016342163
v 1.8053120374679565 0.3224000036716461 -1.196586012840271
v 1.814687967300415 0.02239999920129776 -1.196586012840271
v 1.827299952507019 0.02239999920129776 -1.2056939601898193
v 1.8297779560089111 0.02239999920129776 -1.2210530042648315
v 1.8300000429153442 0.3224000036716461 -1.2163649797439575
v 1.8284779787063599 0.3224000036716461 -1.20871102809906
v 1.8053120374679565 0.3224000036716461 -1.196586012840271
v 1.7926989793777466 0.3224000036716461 -1.2056939601898193
v 1.7993299961090088 0.02239999920129776 -1.199064016342163
v 1.8206700086593628 0.3224000036716461 -1.199064016342163
v 1.8284779787063599 0.3224000036716461 -1.20871102809906
v 1.8300000429153442 0.3224000036716461 -1.2163649797439575
v 1.827299952507019 0.3224000036716461 -1.2270350456237793
v 1.814687967300415 0.3224000036716461 -1.2361429929733276
v 1.7993299961090088 0.3224000036716461 -1.2336649894714355
v 1.7902220487594604 0.3224000036716461 -1.2210530042648315
v 1.7926989793777466 0.3224000036716461 -1.2056939601898193
v 1.8053120374679565 0.3224000036716461 -1.196586012840271
v 1.7926989793777466 0.3224000036716461 -1.2056939601898193
v 1.7902220487594604 0.3224000036716461 -1.2210530042648315
v 1.7902220487594604 0.02239999920129776 -1.2116769552230835
v 1.8297779560089111 0.02239999920129776 -1.2210530042648315
v 1.827299952507019 0.02239999920129776 -1.2056939601898193
v 1.814687967300415 0.02239999920129776 -1.196586012840271
v 1.7993299961090088 0.02239999920129776 -1.199064016342163
v 1.7902220487594604 0.02239999920129776 -1.2116769552230835
v 1.7926989793777466 0.02239999920129776 -1.2270350456237793
v 1.8053120374679565 0.02239999920129776 -1.2361429929733276
v 1.8206700086593628 0.02239999920129776 -1.2336649894714355
vt 0.9628270268440247 1
vt 0.9121729731559753 0.5
vt 1 0.5
vt 0.8378270268440247 1
vt 0.7871729731559753 0.5
vt 0.9121729731559753 0.5
vt 0.7128270268440247 1
vt 0.6621729731559753 0.5
vt 0.7871729731559753 0.5
vt 0.5878270268440247 1
vt 0.5371729731559753 0.5
vt 0.6621729731559753 0.5
vt 0.33782699704170227 1
vt 0.28717300295829773 0.5
vt 0.41217300295829773 0.5
vt 0.21282699704170227 1
vt 0.16217300295829773 0.5
vt 0.28717300295829773 0.5
vt 0.08782699704170227 1
vt 0.03717299923300743 0.5
vt 0.16217300295829773 0.5
vt 0.9628270268440247 1
vt 0.8378270268440247 1
vt 0.9121729731559753 0.5
vt 0.8378270268440247 1
vt 0.7128270268440247 1
vt 0.7871729731559753 0.5
vt 0.7128270268440247 1
vt 0.5878270268440247 1
vt 0.6621729731559753 0.5
vt 0.5878270268440247 1
vt 0.5 1
vt 0.5371729731559753 0.5
vt 0.4375 1
vt 0.33782699704170227 1
vt 0.41217300295829773 0.5
vt 0.33782699704170227 1
vt 0.21282699704170227 1
vt 0.28717300295829773 0.5
vt 0.41217300295829773 0.5
vt 0.5371729731559753 0.5
vt 0.5 1
vt 0.4375 1
vt 0.21282699704170227 1
vt 0.08782699704170227 1
vt 0.16217300295829773 0.5
vt 0.04935099929571152 0.12660402059555054
vt 0.15815599262714386 0.02826899290084839
vt 0.25 0.009999990463256836
vt 0.37339600920677185 0.04935097694396973
vt 0.4791339933872223 0.1953740119934082
vt 0.4506489932537079 0.37339597940444946
vt 0.3046259880065918 0.4791340231895447
vt 0.12660400569438934 0.4506490230560303
vt 0.020865999162197113 0.3046259880065918
vt 0.08782699704170227 1
vt 0 1
vt 0.03717299923300743 0.5
vt 0.8046259880065918 0.020865976810455322
vt 0.6266040205955505 0.04935097694396973
vt 0.5208659768104553 0.1953740119934082
vt 0.5493509769439697 0.37339597940444946
vt 0.6953740119934082 0.4791340231895447
vt 0.8733959794044495 0.4506490230560303
vt 0.9791340231895447 0.3046259880065918
vt 0.9506490230560303 0.12660402059555054
vn -0.9872171147726885 -0.00500008643284458 -0.15930275401119864
vn -0.9872171147726885 -0.00500008643284458 -0.15930275401119864
vn -0.9872171147726885 -0.00500008643284458 -0.15930275401119864
vn -0.5854138695560676 -0.005000118135121998 -0.8107191869877178
vn -0.5854138695560676 -0.005000118135121998 -0.8107191869877178
vn -0.5854138695560676 -0.005000118135121998 -0.8107191869877178
vn 0.15930275401119864 -0.00500008643284458 -0.9872171147726885
vn 0.15930275401119864 -0.00500008643284458 -0.9872171147726885
vn 0.15930275401119864 -0.00500008643284458 -0.9872171147726885
vn 0.8107191869877178 -0.005000118135121998 -0.5854138695560676
vn 0.8107191869877178 -0.005000118135121998 -0.5854138695560676
vn 0.8107191869877178 -0.005000118135121998 -0.5854138695560676
vn 0.5854138695560676 -0.005000118135121998 0.8107191869877178
vn 0.5854138695560676 -0.005000118135121998 0.8107191869877178
vn 0.5854138695560676 -0.005000118135121998 0.8107191869877178
vn -0.15930275401119864 -0.00500008643284458 0.9872171147726885
vn -0.15930275401119864 -0.00500008643284458 0.9872171147726885
vn -0.15930275401119864 -0.00500008643284458 0.9872171147726885
vn -0.8107191869877178 -0.005000118135121998 0.5854138695560676
vn -0.8107191869877178 -0.005000118135121998 0.5854138695560676
vn -0.8107191869877178 -0.005000118135121998 0.5854138695560676
vn -0.8107191869877178 0.005000118135121998 -0.5854138695560676
vn -0.8107191869877178 0.005000118135121998 -0.5854138695560676
vn -0.8107191869877178 0.005000118135121998 -0.5854138695560676
vn -0.15930275401119864 0.00500008643284458 -0.9872171147726885
vn -0.15930275401119864 0.00500008643284458 -0.9872171147726885
vn -0.15930275401119864 0.00500008643284458 -0.9872171147726885
vn 0.5854138695560676 0.005000118135121998 -0.8107191869877178
vn 0.5854138695560676 0.005000118135121998 -0.8107191869877178
vn 0.5854138695560676 0.005000118135121998 -0.8107191869877178
vn 0.9694457383755395 0.0030998263121828763 -0.24528626423495364
vn 0.9694457383755395 0.0030998263121828763 -0.24528626423495364
vn 0.9694457383755395 0.0030998263121828763 -0.24528626423495364
vn 0.7773104985830814 0.003300044486628559 0.6291084950141012
vn 0.7773104985830814 0.003300044486628559 0.6291084950141012
vn 0.7773104985830814 0.003300044486628559 0.6291084950141012
vn 0.15930275401119864 0.00500008643284458 0.9872171147726885
vn 0.15930275401119864 0.00500008643284458 0.9872171147726885
vn 0.15930275401119864 0.00500008643284458 0.9872171147726885
vn 0.985214495694019 -0.00280004117904608 0.17130253134082882
vn 0.985214495694019 -0.00280004117904608 0.17130253134082882
vn 0.985214495694019 -0.00280004117904608 0.17130253134082882
vn 0.985214495694019 -0.00280004117904608 0.17130253134082882
vn -0.5854138695560676 0.005000118135121998 0.8107191869877178
vn -0.5854138695560676 0.005000118135121998 0.8107191869877178
vn -0.5854138695560676 0.005000118135121998 0.8107191869877178
vn 0 1 0
vn 0 1 0
vn 0 1 0
vn 0 1 0
vn 0 1 0
vn 0 1 0
vn 0 1 0
vn 0 1 0
vn 0 1 0
vn -0.9872171147726885 0.00500008643284458 0.15930275401119864
vn -0.9872171147726885 0.00500008643284458 0.15930275401119864
vn -0.9872171147726885 0.00500008643284458 0.15930275401119864
vn 0 -1 0
vn 0 -1 0
vn 0 -1 0
vn 0 -1 0
vn 0 -1 0
vn 0 -1 0
vn 0 -1 0
vn 0 -1 0
f 915/915/915 916/916/916 917/917/917
f 918/918/918 919/919/919 920/920/920
f 921/921/921 922/922/922 923/923/923
f 924/924/924 925/925/925 926/926/926
f 927/927/927 928/928/928 929/929/929
f 930/930/930 931/931/931 932/932/932
f 933/933/933 934/934/934 935/935/935
f 936/936/936 937/937/937 938/938/938
f 939/939/939 940/940/940 941/941/941
f 942/942/942 943/943/943 944/944/944
f 945/945/945 946/946/946 947/947/947
f 948/948/948 949/949/949 950/950/950
f 951/951/951 952/952/952 953/953/953
f 956/956/956 957/957/957 954/954/954
f 954/954/954 955/955/955 956/956/956
f 958/958/958 959/959/959 960/960/960
f 962/962/962 969/969/969 961/961/961
f 969/969/969 967/967/967 968/968/968
f 967/967/967 965/965/965 966/966/966
f 965/965/965 963/963/963 964/964/964
f 963/963/963 969/969/969 962/962/962
f 969/969/969 965/965/965 967/967/967
f 965/965/965 969/969/969 963/963/963
f 970/970/970 971/971/971 972/972/972
f 979/979/979 980/980/980 973/973/973
f 973/973/973 974/974/974 975/975/975
f 975/975/975 976/976/976 977/977/977
f 977/977/977 978/978/978 979/979/979
f 979/979/979 973/973/973 975/975/975
f 975/975/975 977/977/977 979/979/979
o Bar_Blue
usemtl Bar_Blue
v 1.7803319692611694 0.015904000028967857 -1.141198992729187
v 1.7840490341186523 0.006930999923497438 -0.34119901061058044
v 1.7803319692611694 0.02996799908578396 -0.34119901061058044
v 1.7939939498901367 -0.003014999907463789 -1.141198992729187
v 1.8029680252075195 -0.006730999797582626 -0.34119901061058044
v 1.7840490341186523 0.006930999923497438 -0.34119901061058044
v 1.817031979560852 -0.006730999797582626 -1.141198992729187
v 1.8260060548782349 -0.003014999907463789 -0.34119901061058044
v 1.8029680252075195 -0.006730999797582626 -0.34119901061058044
v 1.8359509706497192 0.006930999923497438 -1.141198992729187
v 1.8396669626235962 0.015904000028967857 -0.34119901061058044
v 1.8260060548782349 -0.003014999907463789 -0.34119901061058044
v 1.826004981994629 0.04888699948787689 -1.141198992729187
v 1.817031979560852 0.05260400101542473 -0.34119901061058044
v 1.8359509706497192 0.03894200176000595 -0.34119901061058044
v 1.8029680252075195 0.05260400101542473 -1.141198992729187
v 1.7939939498901367 0.04888699948787689 -0.34119901061058044
v 1.817031979560852 0.05260400101542473 -0.34119901061058044
v 1.7840490341186523 0.03894200176000595 -1.141198992729187
v 1.7803319692611694 0.02996799908578396 -0.34119901061058044
v 1.7939939498901367 0.04888699948787689 -0.34119901061058044
v 1.7803319692611694 0.015904000028967857 -1.141198992729187
v 1.7939939498901367 -0.003014999907463789 -1.141198992729187
v 1.7840490341186523 0.006930999923497438 -0.34119901061058044
v 1.7939939498901367 -0.003014999907463789 -1.141198992729187
v 1.817031979560852 -0.006730999797582626 -1.141198992729187
v 1.8029680252075195 -0.006730999797582626 -0.34119901061058044
v 1.817031979560852 -0.006730999797582626 -1.141198992729187
v 1.8359509706497192 0.006930999923497438 -1.141198992729187
v 1.8260060548782349 -0.003014999907463789 -0.34119901061058044
v 1.8359509706497192 0.006930999923497438 -1.141198992729187
v 1.840000033378601 0.022935999557375908 -1.141198992729187
v 1.8396669626235962 0.015904000028967857 -0.34119901061058044
v 1.837715983390808 0.03441699966788292 -1.141198992729187
v 1.826004981994629 0.04888699948787689 -1.141198992729187
v 1.8359509706497192 0.03894200176000595 -0.34119901061058044
v 1.826004981994629 0.04888699948787689 -1.141198992729187
v 1.8029680252075195 0.05260400101542473 -1.141198992729187
v 1.817031979560852 0.05260400101542473 -0.34119901061058044
v 1.8359509706497192 0.03894200176000595 -0.34119901061058044
v 1.8396669626235962 0.015904000028967857 -0.34119901061058044
v 1.840000033378601 0.022935999557375908 -1.141198992729187
v 1.837715983390808 0.03441699966788292 -1.141198992729187
v 1.8029680252075195 0.05260400101542473 -1.141198992729187
v 1.7840490341186523 0.03894200176000595 -1.141198992729187
v 1.7939939498901367 0.04888699948787689 -0.34119901061058044
v 1.826004981994629 0.04888699948787689 -1.141198992729187
v 1.837715983390808 0.03441699966788292 -1.141198992729187
v 1.840000033378601 0.022935999557375908 -1.141198992729187
v 1.8359509706497192 0.006930999923497438 -1.141198992729187
v 1.817031979560852 -0.006730999797582626 -1.141198992729187
v 1.7939939498901367 -0.003014999907463789 -1.141198992729187
v 1.7803319692611694 0.015904000028967857 -1.141198992729187
v 1.7840490341186523 0.03894200176000595 -1.141198992729187
v 1.8029680252075195 0.05260400101542473 -1.141198992729187
v 1.7840490341186523 0.03894200176000595 -1.141198992729187
v 1.7803319692611694 0.015904000028967857 -1.141198992729187
v 1.7803319692611694 0.02996799908578396 -0.34119901061058044
v 1.8396669626235962 0.015904000028967857 -0.34119901061058044
v 1.8359509706497192 0.03894200176000595 -0.34119901061058044
v 1.817031979560852 0.05260400101542473 -0.34119901061058044
v 1.7939939498901367 0.04888699948787689 -0.34119901061058044
v 1.7803319692611694 0.02996799908578396 -0.34119901061058044
v 1.7840490341186523 0.006930999923497438 -0.34119901061058044
v 1.8029680252075195 -0.006730999797582626 -0.34119901061058044
v 1.8260060548782349 -0.003014999907463789 -0.34119901061058044
vt 0.9628270268440247 1
vt 0.9121729731559753 0.5
vt 1 0.5
vt 0.8378270268440247 1
vt 0.7871729731559753 0.5
vt 0.9121729731559753 0.5
vt 0.7128270268440247 1
vt 0.6621729731559753 0.5
vt 0.7871729731559753 0.5
vt 0.5878270268440247 1
vt 0.5371729731559753 0.5
vt 0.6621729731559753 0.5
vt 0.33782699704170227 1
vt 0.28717300295829773 0.5
vt 0.41217300295829773 0.5
vt 0.21282699704170227 1
vt 0.16217300295829773 0.5
vt 0.28717300295829773 0.5
vt 0.08782699704170227 1
vt 0.03717299923300743 0.5
vt 0.16217300295829773 0.5
vt 0.9628270268440247 1
vt 0.8378270268440247 1
vt 0.9121729731559753 0.5
vt 0.8378270268440247 1
vt 0.7128270268440247 1
vt 0.7871729731559753 0.5
vt 0.7128270268440247 1
vt 0.5878270268440247 1
vt 0.6621729731559753 0.5
vt 0.5878270268440247 1
vt 0.5 1
vt 0.5371729731559753 0.5
vt 0.4375 1
vt 0.33782699704170227 1
vt 0.41217300295829773 0.5
vt 0.33782699704170227 1
vt 0.21282699704170227 1
vt 0.28717300295829773 0.5
vt 0.41217300295829773 0.5
vt 0.5371729731559753 0.5
vt 0.5 1
vt 0.4375 1
vt 0.21282699704170227 1
vt 0.08782699704170227 1
vt 0.16217300295829773 0.5
vt 0.04935099929571152 0.12660402059555054
vt 0.15815599262714386 0.02826899290084839
vt 0.25 0.009999990463256836
vt 0.37339600920677185 0.04935097694396973
vt 0.4791339933872223 0.1953740119934082
vt 0.4506489932537079 0.37339597940444946
vt 0.3046259880065918 0.4791340231895447
vt 0.12660400569438934 0.4506490230560303
vt 0.020865999162197113 0.3046259880065918
vt 0.08782699704170227 1
vt 0 1
vt 0.03717299923300743 0.5
vt 0.8046259880065918 0.020865976810455322
vt 0.6266040205955505 0.04935097694396973
vt 0.5208659768104553 0.1953740119934082
vt 0.5493509769439697 0.37339597940444946
vt 0.6953740119934082 0.4791340231895447
vt 0.8733959794044495 0.4506490230560303
vt 0.9791340231895447 0.3046259880065918
vt 0.9506490230560303 0.12660402059555054
vn -0.987225584690008 -0.15930412589554196 0.0028000725222028515
vn -0.987225584690008 -0.15930412589554196 0.0028000725222028515
vn -0.987225584690008 -0.15930412589554196 0.0028000725222028515
vn -0.5854846310488021 -0.8106786707555762 0.002799926359823069
vn -0.5854846310488021 -0.8106786707555762 0.002799926359823069
vn -0.5854846310488021 -0.8106786707555762 0.002799926359823069
vn 0.15930412589554196 -0.987225584690008 0.0028000725222028515
vn 0.15930412589554196 -0.987225584690008 0.0028000725222028515
vn 0.15930412589554196 -0.987225584690008 0.0028000725222028515
vn 0.8106786707555762 -0.5854846310488021 0.002799926359823069
vn 0.8106786707555762 -0.5854846310488021 0.002799926359823069
vn 0.8106786707555762 -0.5854846310488021 0.002799926359823069
vn 0.5854846310488021 0.8106786707555762 0.002799926359823069
vn 0.5854846310488021 0.8106786707555762 0.002799926359823069
vn 0.5854846310488021 0.8106786707555762 0.002799926359823069
vn -0.15930412589554196 0.987225584690008 0.0028000725222028515
vn -0.15930412589554196 0.987225584690008 0.0028000725222028515
vn -0.15930412589554196 0.987225584690008 0.0028000725222028515
vn -0.8106786707555762 0.5854846310488021 0.002799926359823069
vn -0.8106786707555762 0.5854846310488021 0.002799926359823069
vn -0.8106786707555762 0.5854846310488021 0.002799926359823069
vn -0.8106786707555762 -0.5854846310488021 -0.002799926359823069
vn -0.8106786707555762 -0.5854846310488021 -0.002799926359823069
vn -0.8106786707555762 -0.5854846310488021 -0.002799926359823069
vn -0.15930412589554196 -0.987225584690008 -0.0028000725222028515
vn -0.15930412589554196 -0.987225584690008 -0.0028000725222028515
vn -0.15930412589554196 -0.987225584690008 -0.0028000725222028515
vn 0.5854846310488021 -0.8106786707555762 -0.002799926359823069
vn 0.5854846310488021 -0.8106786707555762 -0.002799926359823069
vn 0.5854846310488021 -0.8106786707555762 -0.002799926359823069
vn 0.969448824366208 -0.24528705077302865 -0.0017999050104018748
vn 0.969448824366208 -0.24528705077302865 -0.0017999050104018748
vn 0.969448824366208 -0.24528705077302865 -0.0017999050104018748
vn 0.7773134563572675 0.6291109206283355 -0.0018000311348475063
vn 0.7773134563572675 0.6291109206283355 -0.0018000311348475063
vn 0.7773134563572675 0.6291109206283355 -0.0018000311348475063
vn 0.15930412589554196 0.987225584690008 -0.0028000725222028515
vn 0.15930412589554196 0.987225584690008 -0.0028000725222028515
vn 0.15930412589554196 0.987225584690008 -0.0028000725222028515
vn 0.985217098260263 0.1713029748915688 0.0016000277890769893
vn 0.985217098260263 0.1713029748915688 0.0016000277890769893
vn 0.985217098260263 0.1713029748915688 0.0016000277890769893
vn 0.985217098260263 0.1713029748915688 0.0016000277890769893
vn -0.5854846310488021 0.8106786707555762 -0.002799926359823069
vn -0.5854846310488021 0.8106786707555762 -0.002799926359823069
vn -0.5854846310488021 0.8106786707555762 -0.002799926359823069
vn 0 0 -1
vn 0 0 -1
vn 0 0 -1
vn 0 0 -1
vn 0 0 -1
vn 0 0 -1
vn 0 0 -1
vn 0 0 -1
vn 0 0 -1
vn -0.987225584690008 0.15930412589554196 -0.0028000725222028515
vn -0.987225584690008 0.15930412589554196 -0.0028000725222028515
vn -0.987225584690008 0.15930412589554196 -0.0028000725222028515
vn 0 0 1
vn 0 0 1
vn 0 0 1
vn 0 0 1
vn 0 0 1
vn 0 0 1
vn 0 0 1
vn 0 0 1
f 981/981/981 982/982/982 983/983/983
f 984/984/984 985/985/985 986/986/986
f 987/987/987 988/988/988 989/989/989
f 990/990/990 991/991/991 992/992/992
f 993/993/993 994/994/994 995/995/995
f 996/996/996 997/997/997 998/998/998
f 999/999/999 1000/1000/1000 1001/1001/1001
f 1002/1002/1002 1003/1003/1003 1004/1004/1004
f 1005/1005/1005 1006/1006/1006 1007/1007/1007
f 1008/1008/1008 1009/1009/1009 1010/1010/1010
f 1011/1011/1011 1012/1012/1012 1013/1013/1013
f 1014/1014/1014 1015/1015/1015 1016/1016/1016
f 1017/1017/1017 1018/1018/1018 1019/1019/1019
f 1022/1022/1022 1023/1023/1023 1020/1020/1020
f 1020/1020/1020 1021/1021/1021 1022/1022/1022
f 1024/1024/1024 1025/1025/1025 1026/1026/1026
f 1028/1028/1028 1035/1035/1035 1027/1027/1027
f 1035/1035/1035 1033/1033/1033 1034/1034/1034
f 1033/1033/1033 1031/1031/1031 1032/1032/1032
f 1031/1031/1031 1029/1029/1029 1030/1030/1030
f 1029/1029/1029 1035/1035/1035 1028/1028/1028
f 1035/1035/1035 1031/1031/1031 1033/1033/1033
f 1031/1031/1031 1035/1035/1035 1029/1029/1029
f 1036/1036/1036 1037/1037/1037 1038/1038/1038
f 1045/1045/1045 1046/1046/1046 1039/1039/1039
f 1039/1039/1039 1040/1040/1040 1041/1041/1041
f 1041/1041/1041 1042/1042/1042 1043/1043/1043
f 1043/1043/1043 1044/1044/1044 1045/1045/1045
f 1045/1045/1045 1039/1039/1039 1041/1041/1041
f 1041/1041/1041 1043/1043/1043 1045/1045/1045
o Bar_Pink
usemtl Bar_Pink
v 1.7902220487594604 0.3224000036716461 -1.3112510442733765
v 1.7926989793777466 0.02239999920129776 -1.3172329664230347
v 1.7902220487594604 0.02239999920129776 -1.3018749952316284
v 1.7993299961090088 0.3224000036716461 -1.3238630294799805
v 1.8053120374679565 0.02239999920129776 -1.3263410329818726
v 1.7926989793777466 0.02239999920129776 -1.3172329664230347
v 1.814687967300415 0.3224000036716461 -1.3263410329818726
v 1.8206700086593628 0.02239999920129776 -1.3238630294799805
v 1.8053120374679565 0.02239999920129776 -1.3263410329818726
v 1.827299952507019 0.3224000036716461 -1.3172329664230347
v 1.8297779560089111 0.02239999920129776 -1.3112510442733765
v 1.8206700086593628 0.02239999920129776 -1.3238630294799805
v 1.8206700086593628 0.3224000036716461 -1.289262056350708
v 1.814687967300415 0.02239999920129776 -1.2867850065231323
v 1.827299952507019 0.02239999920129776 -1.2958920001983643
v 1.8053120374679565 0.3224000036716461 -1.2867850065231323
v 1.7993299961090088 0.02239999920129776 -1.289262056350708
v 1.814687967300415 0.02239999920129776 -1.2867850065231323
v 1.7926989793777466 0.3224000036716461 -1.2958920001983643
v 1.7902220487594604 0.02239999920129776 -1.3018749952316284
v 1.7993299961090088 0.02239999920129776 -1.289262056350708
v 1.7902220487594604 0.3224000036716461 -1.3112510442733765
v 1.7993299961090088 0.3224000036716461 -1.3238630294799805
v 1.7926989793777466 0.02239999920129776 -1.3172329664230347
v 1.7993299961090088 0.3224000036716461 -1.3238630294799805
v 1.814687967300415 0.3224000036716461 -1.3263410329818726
v 1.8053120374679565 0.02239999920129776 -1.3263410329818726
v 1.814687967300415 0.3224000036716461 -1.3263410329818726
v 1.827299952507019 0.3224000036716461 -1.3172329664230347
v 1.8206700086593628 0.02239999920129776 -1.3238630294799805
v 1.827299952507019 0.3224000036716461 -1.3172329664230347
v 1.8300000429153442 0.3224000036716461 -1.3065630197525024
v 1.8297779560089111 0.02239999920129776 -1.3112510442733765
v 1.8284779787063599 0.3224000036716461 -1.2989089488983154
v 1.8206700086593628 0.3224000036716461 -1.289262056350708
v 1.827299952507019 0.02239999920129776 -1.2958920001983643
v 1.8206700086593628 0.3224000036716461 -1.289262056350708
v 1.8053120374679565 0.3224000036716461 -1.2867850065231323
v 1.814687967300415 0.02239999920129776 -1.2867850065231323
v 1.827299952507019 0.02239999920129776 -1.2958920001983643
v 1.8297779560089111 0.02239999920129776 -1.3112510442733765
v 1.8300000429153442 0.3224000036716461 -1.3065630197525024
v 1.8284779787063599 0.3224000036716461 -1.2989089488983154
v 1.8053120374679565 0.3224000036716461 -1.2867850065231323
v 1.7926989793777466 0.3224000036716461 -1.2958920001983643
v 1.7993299961090088 0.02239999920129776 -1.289262056350708
v 1.8206700086593628 0.3224000036716461 -1.289262056350708
v 1.8284779787063599 0.3224000036716461 -1.2989089488983154
v 1.8300000429153442 0.3224000036716461 -1.3065630197525024
v 1.827299952507019 0.3224000036716461 -1.3172329664230347
v 1.814687967300415 0.3224000036716461 -1.3263410329818726
v 1.7993299961090088 0.3224000036716461 -1.3238630294799805
v 1.7902220487594604 0.3224000036716461 -1.3112510442733765
v 1.7926989793777466 0.3224000036716461 -1.2958920001983643
v 1.8053120374679565 0.3224000036716461 -1.2867850065231323
v 1.7926989793777466 0.3224000036716461 -1.2958920001983643
v 1.7902220487594604 0.3224000036716461 -1.3112510442733765
v 1.7902220487594604 0.02239999920129776 -1.3018749952316284
v 1.8297779560089111 0.02239999920129776 -1.3112510442733765
v 1.827299952507019 0.02239999920129776 -1.2958920001983643
v 1.814687967300415 0.02239999920129776 -1.2867850065231323
v 1.7993299961090088 0.02239999920129776 -1.289262056350708
v 1.7902220487594604 0.02239999920129776 -1.3018749952316284
v 1.7926989793777466 0.02239999920129776 -1.3172329664230347
v 1.8053120374679565 0.02239999920129776 -1.3263410329818726
v 1.8206700086593628 0.02239999920129776 -1.3238630294799805
vt 0.9628270268440247 1
vt 0.9121729731559753 0.5
vt 1 0.5
vt 0.8378270268440247 1
vt 0.7871729731559753 0.5
vt 0.9121729731559753 0.5
vt 0.7128270268440247 1
vt 0.6621729731559753 0.5
vt 0.7871729731559753 0.5
vt 0.5878270268440247 1
vt 0.5371729731559753 0.5
vt 0.6621729731559753 0.5
vt 0.33782699704170227 1
vt 0.28717300295829773 0.5
vt 0.41217300295829773 0.5
vt 0.21282699704170227 1
vt 0.16217300295829773 0.5
vt 0.28717300295829773 0.5
vt 0.08782699704170227 1
vt 0.03717299923300743 0.5
vt 0.16217300295829773 0.5
vt 0.9628270268440247 1
vt 0.8378270268440247 1
vt 0.9121729731559753 0.5
vt 0.8378270268440247 1
vt 0.7128270268440247 1
vt 0.7871729731559753 0.5
vt 0.7128270268440247 1
vt 0.5878270268440247 1
vt 0.6621729731559753 0.5
vt 0.5878270268440247 1
vt 0.5 1
vt 0.5371729731559753 0.5
vt 0.4375 1
vt 0.33782699704170227 1
vt 0.41217300295829773 0.5
vt 0.33782699704170227 1
vt 0.21282699704170227 1
vt 0.28717300295829773 0.5
vt 0.41217300295829773 0.5
vt 0.5371729731559753 0.5
vt 0.5 1
vt 0.4375 1
vt 0.21282699704170227 1
vt 0.08782699704170227 1
vt 0.16217300295829773 0.5
vt 0.04935099929571152 0.12660402059555054
vt 0.15815599262714386 0.02826899290084839
vt 0.25 0.009999990463256836
vt 0.37339600920677185 0.04935097694396973
vt 0.4791339933872223 0.1953740119934082
vt 0.4506489932537079 0.37339597940444946
vt 0.3046259880065918 0.4791340231895447
vt 0.12660400569438934 0.4506490230560303
vt 0.020865999162197113 0.3046259880065918
vt 0.08782699704170227 1
vt 0 1
vt 0.03717299923300743 0.5
vt 0.8046259880065918 0.020865976810455322
vt 0.6266040205955505 0.04935097694396973
vt 0.5208659768104553 0.1953740119934082
vt 0.5493509769439697 0.37339597940444946
vt 0.6953740119934082 0.4791340231895447
vt 0.8733959794044495 0.4506490230560303
vt 0.9791340231895447 0.3046259880065918
vt 0.9506490230560303 0.12660402059555054
vn -0.9872171147726885 -0.00500008643284458 -0.15930275401119864
vn -0.9872171147726885 -0.00500008643284458 -0.15930275401119864
vn -0.9872171147726885 -0.00500008643284458 -0.15930275401119864
vn -0.5854138695560676 -0.005000118135121998 -0.8107191869877178
vn -0.5854138695560676 -0.005000118135121998 -0.8107191869877178
vn -0.5854138695560676 -0.005000118135121998 -0.8107191869877178
vn 0.15930275401119864 -0.00500008643284458 -0.9872171147726885
vn 0.15930275401119864 -0.00500008643284458 -0.9872171147726885
vn 0.15930275401119864 -0.00500008643284458 -0.9872171147726885
vn 0.8107191869877178 -0.005000118135121998 -0.5854138695560676
vn 0.8107191869877178 -0.005000118135121998 -0.5854138695560676
vn 0.8107191869877178 -0.005000118135121998 -0.5854138695560676
vn 0.5854138695560676 -0.005000118135121998 0.8107191869877178
vn 0.5854138695560676 -0.005000118135121998 0.8107191869877178
vn 0.5854138695560676 -0.005000118135121998 0.8107191869877178
vn -0.15930275401119864 -0.00500008643284458 0.9872171147726885
vn -0.15930275401119864 -0.00500008643284458 0.9872171147726885
vn -0.15930275401119864 -0.00500008643284458 0.9872171147726885
vn -0.8107191869877178 -0.005000118135121998 0.5854138695560676
vn -0.8107191869877178 -0.005000118135121998 0.5854138695560676
vn -0.8107191869877178 -0.005000118135121998 0.5854138695560676
vn -0.8107191869877178 0.005000118135121998 -0.5854138695560676
vn -0.8107191869877178 0.005000118135121998 -0.5854138695560676
vn -0.8107191869877178 0.005000118135121998 -0.5854138695560676
vn -0.15930275401119864 0.00500008643284458 -0.9872171147726885
vn -0.15930275401119864 0.00500008643284458 -0.9872171147726885
vn -0.15930275401119864 0.00500008643284458 -0.9872171147726885
vn 0.5854138695560676 0.005000118135121998 -0.8107191869877178
vn 0.5854138695560676 0.005000118135121998 -0.8107191869877178
vn 0.5854138695560676 0.005000118135121998 -0.8107191869877178
vn 0.9694457383755395 0.0030998263121828763 -0.24528626423495364
vn 0.9694457383755395 0.0030998263121828763 -0.24528626423495364
vn 0.9694457383755395 0.0030998263121828763 -0.24528626423495364
vn 0.7773104985830814 0.003300044486628559 0.6291084950141012
vn 0.7773104985830814 0.003300044486628559 0.6291084950141012
vn 0.7773104985830814 0.003300044486628559 0.6291084950141012
vn 0.15930275401119864 0.00500008643284458 0.9872171147726885
vn 0.15930275401119864 0.00500008643284458 0.9872171147726885
vn 0.15930275401119864 0.00500008643284458 0.9872171147726885
vn 0.985214495694019 -0.00280004117904608 0.17130253134082882
vn 0.985214495694019 -0.00280004117904608 0.17130253134082882
vn 0.985214495694019 -0.00280004117904608 0.17130253134082882
vn 0.985214495694019 -0.00280004117904608 0.17130253134082882
vn -0.5854138695560676 0.005000118135121998 0.8107191869877178
vn -0.5854138695560676 0.005000118135121998 0.8107191869877178
vn -0.5854138695560676 0.005000118135121998 0.8107191869877178
vn 0 1 0
vn 0 1 0
vn 0 1 0
vn 0 1 0
vn 0 1 0
vn 0 1 0
vn 0 1 0
vn 0 1 0
vn 0 1 0
vn -0.9872171147726885 0.00500008643284458 0.15930275401119864
vn -0.9872171147726885 0.00500008643284458 0.15930275401119864
vn -0.9872171147726885 0.00500008643284458 0.15930275401119864
vn 0 -1 0
vn 0 -1 0
vn 0 -1 0
vn 0 -1 0
vn 0 -1 0
vn 0 -1 0
vn 0 -1 0
vn 0 -1 0
f 1047/1047/1047 1048/1048/1048 1049/1049/1049
f 1050/1050/1050 1051/1051/1051 1052/1052/1052
f 1053/1053/1053 1054/1054/1054 1055/1055/1055
f 1056/1056/1056 1057/1057/1057 1058/1058/1058
f 1059/1059/1059 1060/1060/1060 1061/1061/1061
f 1062/1062/1062 1063/1063/1063 1064/1064/1064
f 1065/1065/1065 1066/1066/1066 1067/1067/1067
f 1068/1068/1068 1069/1069/1069 1070/1070/1070
f 1071/1071/1071 1072/1072/1072 1073/1073/1073
f 1074/1074/1074 1075/1075/1075 1076/1076/1076
f 1077/1077/1077 1078/1078/1078 1079/1079/1079
f 1080/1080/1080 1081/1081/1081 1082/1082/1082
f 1083/1083/1083 1084/1084/1084 1085/1085/1085
f 1088/1088/1088 1089/1089/1089 1086/1086/1086
f 1086/1086/1086 1087/1087/1087 1088/1088/1088
f 1090/1090/1090 1091/1091/1091 1092/1092/1092
f 1094/1094/1094 1101/1101/1101 1093/1093/1093
f 1101/1101/1101 1099/1099/1099 1100/1100/1100
f 1099/1099/1099 1097/1097/1097 1098/1098/1098
f 1097/1097/1097 1095/1095/1095 1096/1096/1096
f 1095/1095/1095 1101/1101/1101 1094/1094/1094
f 1101/1101/1101 1097/1097/1097 1099/1099/1099
f 1097/1097/1097 1101/1101/1101 1095/1095/1095
f 1102/1102/1102 1103/1103/1103 1104/1104/1104
f 1111/1111/1111 1112/1112/1112 1105/1105/1105
f 1105/1105/1105 1106/1106/1106 1107/1107/1107
f 1107/1107/1107 1108/1108/1108 1109/1109/1109
f 1109/1109/1109 1110/1110/1110 1111/1111/1111
f 1111/1111/1111 1105/1105/1105 1107/1107/1107
f 1107/1107/1107 1109/1109/1109 1111/1111/1111
